title,url,seen_date,domain,language,source_country,social_image,matched_region,query,canonical_url,normalized_title
Слоны справились с психологическим тестом на самоконтроль - Телеканал « Моя Планета » ,https://moya-planeta.ru/news/view/slony_tolko_chto_proshli_klassicheskij_psikhologicheskij_test_s_bolshim_samoobladaniem_chem_mnogie_lyudi,2026-09-13 08:45:00+00:00,moya-planeta.ru,Russian,Russia,,,"(haze OR smog OR jerebu OR karhutla OR ""forest fire"" OR wildfire) Thailand",https://moya-planeta.ru/news/view/slony_tolko_chto_proshli_klassicheskij_psikhologicheskij_test_s_bolshim_samoobladaniem_chem_mnogie_lyudi,
Bí ẩn  chàng trai đeo khăn đỏ  đã cứu sống 12 sinh mạng trong thảm họa 11 / 9,https://kenh14.vn/bi-an-chang-trai-deo-khan-do-da-cuu-song-12-sinh-mang-trong-tham-hoa-11-9-21526091314065058.chn,2026-09-13 08:45:00+00:00,kenh14.vn,Vietnamese,Vietnam,,Vietnam,"(haze OR smog OR jerebu OR karhutla OR ""forest fire"" OR wildfire OR ""PM2.5"" OR หมอกควัน OR ไฟป่า OR ""khói mù"" OR ""cháy rừng"") sourcecountry:vietnam",https://kenh14.vn/bi-an-chang-trai-deo-khan-do-da-cuu-song-12-sinh-mang-trong-tham-hoa-11-9-21526091314065058.chn,b n ch ng trai eo kh n c u s ng 12 sinh m ng trong th m h a 11 9
出席金砖峰会晚宴 安华与多国领袖交流光华日报 | 1910年创刊 创新每一天生活,https://www.kwongwah.com.my/20260913/%E5%87%BA%E5%B8%AD%E9%87%91%E7%A0%96%E5%B3%B0%E4%BC%9A%E6%99%9A%E5%AE%B4-%E5%AE%89%E5%8D%8E%E4%B8%8E%E5%A4%9A%E5%9B%BD%E9%A2%86%E8%A2%96%E4%BA%A4%E6%B5%81/,2026-09-13 06:00:00+00:00,kwongwah.com.my,Chinese,Malaysia,https://www.kwongwah.com.my/wp-content/uploads/2026/09/t0913a1.jpg,Malaysia,"(haze OR smog OR jerebu OR karhutla OR ""forest fire"" OR wildfire OR ""PM2.5"" OR หมอกควัน OR ไฟป่า OR ""khói mù"" OR ""cháy rừng"") sourcecountry:malaysia",https://www.kwongwah.com.my/20260913/%E5%87%BA%E5%B8%AD%E9%87%91%E7%A0%96%E5%B3%B0%E4%BC%9A%E6%99%9A%E5%AE%B4-%E5%AE%89%E5%8D%8E%E4%B8%8E%E5%A4%9A%E5%9B%BD%E9%A2%86%E8%A2%96%E4%BA%A4%E6%B5%81,1910
二十五年霾未散 ： 9 · 11  事件迟来的审判与漫长的追偿,https://m.mp.oeeee.com/a/BAAFRD0000202609111663857.html,2026-09-13 04:15:00+00:00,m.mp.oeeee.com,Chinese,China,https://p1-mp.oeeee.com/202609/11/750x500_6aa2ec201301b.png?x-oss-process=img/fmt/jpg/so/320/200,Philippines,"(haze OR smog OR jerebu OR karhutla OR ""forest fire"" OR wildfire) Philippines",https://m.mp.oeeee.com/a/BAAFRD0000202609111663857.html,9 11
"Schools in Serian , Lubok Antu to remain closed until haze improves",https://www.thestar.com.my/news/nation/2026/09/13/schools-in-serian-lubok-antu-to-remain-closed-until-haze-improves,2026-09-13 02:15:00+00:00,thestar.com.my,English,Malaysia,https://apicms.thestar.com.my/uploads/images/2026/09/13/4107867.jpg,Malaysia,"(haze OR smog OR jerebu OR karhutla OR ""forest fire"" OR wildfire OR ""PM2.5"" OR หมอกควัน OR ไฟป่า OR ""khói mù"" OR ""cháy rừng"") sourcecountry:malaysia",https://www.thestar.com.my/news/nation/2026/09/13/schools-in-serian-lubok-antu-to-remain-closed-until-haze-improves,schools in serian lubok antu to remain closed until haze improves
"Skies clear , caution remains",https://www.thestar.com.my/news/nation/2026/09/13/skies-clear-caution-remains,2026-09-13 02:15:00+00:00,thestar.com.my,English,Malaysia,https://apicms.thestar.com.my/uploads/images/2026/09/13/4107550.jpg,Malaysia,"(haze OR smog OR jerebu OR karhutla OR ""forest fire"" OR wildfire OR ""PM2.5"" OR หมอกควัน OR ไฟป่า OR ""khói mù"" OR ""cháy rừng"") sourcecountry:malaysia",https://www.thestar.com.my/news/nation/2026/09/13/skies-clear-caution-remains,skies clear caution remains
  No one left out in drafting law replacing Auku  ,https://www.thestar.com.my/news/nation/2026/09/13/no-one-left-out-in-drafting-law-replacing-auku,2026-09-13 01:00:00+00:00,thestar.com.my,English,Malaysia,https://apicms.thestar.com.my/uploads/images/2026/09/13/4107865.jpg,Malaysia,"(haze OR smog OR jerebu OR karhutla OR ""forest fire"" OR wildfire OR ""PM2.5"" OR หมอกควัน OR ไฟป่า OR ""khói mù"" OR ""cháy rừng"") sourcecountry:malaysia",https://www.thestar.com.my/news/nation/2026/09/13/no-one-left-out-in-drafting-law-replacing-auku,no one left out in drafting law replacing auku
Indonesia intensifies forest fire response in six priority provinces,https://en.antaranews.com/news/431135/indonesia-intensifies-forest-fire-response-in-six-priority-provinces,2026-09-12 19:45:00+00:00,en.antaranews.com,English,Indonesia,https://cdn.antaranews.com/cache/1200x800/2026/09/12/1000260292.jpg,Indonesia,"(haze OR smog OR jerebu OR karhutla OR ""forest fire"" OR wildfire OR ""PM2.5"" OR หมอกควัน OR ไฟป่า OR ""khói mù"" OR ""cháy rừng"") sourcecountry:indonesia",https://en.antaranews.com/news/431135/indonesia-intensifies-forest-fire-response-in-six-priority-provinces,indonesia intensifies forest fire response in six priority provinces
"Jerebu : Penutupan sekolah di Serian , Lubok Antu dilanjutkan , 12 daerah dibuka Isnin depan",https://www.sinarharian.com.my/article/796090/berita/semasa/jerebu-penutupan-sekolah-di-serian-lubok-antu-dilanjutkan-12-daerah-dibuka-isnin-depan,2026-09-12 17:15:00+00:00,sinarharian.com.my,Malay,Malaysia,https://www.sinarharian.com.my/uploads/images/2026/09/12/3645569.webp,Malaysia,"(haze OR smog OR jerebu OR karhutla OR ""forest fire"" OR wildfire OR ""PM2.5"" OR หมอกควัน OR ไฟป่า OR ""khói mù"" OR ""cháy rừng"") sourcecountry:malaysia",https://www.sinarharian.com.my/article/796090/berita/semasa/jerebu-penutupan-sekolah-di-serian-lubok-antu-dilanjutkan-12-daerah-dibuka-isnin-depan,jerebu penutupan sekolah di serian lubok antu dilanjutkan 12 daerah dibuka isnin depan
Schools in 12 Sarawak districts to reopen on Monday,https://www.freemalaysiatoday.com/category/nation/2026/09/12/schools-in-12-sarawak-districts-to-reopen-on-monday,2026-09-12 16:00:00+00:00,freemalaysiatoday.com,English,Malaysia,"https://www.freemalaysiatoday.com/cdn-cgi/image/quality=75,format=auto,fit=cover,dpr=1,width=1200,height=630,gravity=center/https://media.freemalaysiatoday.com/v3/2026/09/f6462164-2c9b-4798-bd59-4bc1b3126ded-jerebu-sarawak-bernama-010926.webp",Malaysia,"(haze OR smog OR jerebu OR karhutla OR ""forest fire"" OR wildfire OR ""PM2.5"" OR หมอกควัน OR ไฟป่า OR ""khói mù"" OR ""cháy rừng"") sourcecountry:malaysia",https://www.freemalaysiatoday.com/category/nation/2026/09/12/schools-in-12-sarawak-districts-to-reopen-on-monday,schools in 12 sarawak districts to reopen on monday
 《 空中丝路 · 中国县域低空经济发展潜力百县榜2026 》 发布座谈会聚焦县域低空经济痛点与药方,https://original.ifeng.com/c/8wMcwMjWWNP,2026-09-12 15:00:00+00:00,original.ifeng.com,Chinese,China,https://x0.ifengimg.com/ucms/2026_37/5B63FC2E7482E44329346590804A698AB5930A71_size134_w975_h549.jpg,Thailand,"(haze OR smog OR jerebu OR karhutla OR ""forest fire"" OR wildfire) Thailand",https://original.ifeng.com/c/8wMcwMjWWNP,2026
"Jerebu Sarawak : Sekolah di Serian , Lubok Antu kekal  tutup  ",https://www.kosmo.com.my/2026/09/12/sekolah-di-12-ppd-sarawak-dibuka-isnin-serian-dan-lubok-antu-kekal-tutup/,2026-09-12 14:30:00+00:00,kosmo.com.my,Malay,Malaysia,http://www.kosmo.com.my/wp-content/uploads/2026/09/WhatsApp-Image-2026-09-04-at-16.02.20.jpeg,Malaysia,"(haze OR smog OR jerebu OR karhutla OR ""forest fire"" OR wildfire OR ""PM2.5"" OR หมอกควัน OR ไฟป่า OR ""khói mù"" OR ""cháy rừng"") sourcecountry:malaysia",https://www.kosmo.com.my/2026/09/12/sekolah-di-12-ppd-sarawak-dibuka-isnin-serian-dan-lubok-antu-kekal-tutup,jerebu sarawak sekolah di serian lubok antu kekal tutup
西连鲁勃安都续停课 砂12县学校周一复课 | 东马 | 地方,https://www.orientaldaily.com.my/news/east-malaysia/2026/09/12/847445,2026-09-12 13:30:00+00:00,orientaldaily.com.my,Chinese,Malaysia,https://www.orientaldaily.com.my/storage/resize_cache/images/uploads/news-cover/2026/SEP_2026/20260912/76.jpg/1d78c348bb9eb8dce785bc3323d31543.jpg,Malaysia,"(haze OR smog OR jerebu OR karhutla OR ""forest fire"" OR wildfire OR ""PM2.5"" OR หมอกควัน OR ไฟป่า OR ""khói mù"" OR ""cháy rừng"") sourcecountry:malaysia",https://www.orientaldaily.com.my/news/east-malaysia/2026/09/12/847445,12
Chiang Rai Secures 36 Million Baht Budget to Fight Forest Fires,https://www.chiangraitimes.com/chiang-rai/chiang-rai-forest-fire-budget/,2026-09-12 13:15:00+00:00,chiangraitimes.com,English,Thailand,https://i0.wp.com/www.chiangraitimes.com/wp-content/uploads/2025/02/Cross-Border-Wildfires.jpg,"Laos, Thailand","(haze OR smog OR jerebu OR karhutla OR ""forest fire"" OR wildfire OR ""PM2.5"" OR หมอกควัน OR ไฟป่า OR ""khói mù"" OR ""cháy rừng"") sourcecountry:thailand",https://www.chiangraitimes.com/chiang-rai/chiang-rai-forest-fire-budget,chiang rai secures 36 million baht budget to fight forest fires
Добро пожаловать в Формулу - 1 или Злой характер испанского « Мадринга » ,https://www.sb.by/articles/dobro-pozhalovat-v-formulu-1-ili-zloy-kharakter-ispanskogo-madringa.html,2026-09-12 13:00:00+00:00,sb.by,Russian,Belarus,https://io.sb.by/storage01/iblock/e8f/e8f14dbf609e3f00fc31a3bcf58b499f/2f41b63d983a8c28303debd954727ddd.jpg,Singapore,"(haze OR smog OR jerebu OR karhutla OR ""forest fire"" OR wildfire) Singapore",https://www.sb.by/articles/dobro-pozhalovat-v-formulu-1-ili-zloy-kharakter-ispanskogo-madringa.html,1
Children in south Borneo face health risks as El Niño fuels wildfires,https://www.eco-business.com/news/children-in-south-borneo-face-health-risks-as-el-nino-fuels-wildfires/,2026-09-12 12:45:00+00:00,eco-business.com,English,China,https://eco-business.imgix.net/ebmedia/fileuploads/2216045499_009263500f_k.jpg?fit=crop&ixlib=django-1.2.0&q=85,Malaysia,"(haze OR smog OR jerebu OR karhutla OR ""forest fire"" OR wildfire) Malaysia",https://www.eco-business.com/news/children-in-south-borneo-face-health-risks-as-el-nino-fuels-wildfires,children in south borneo face health risks as el ni o fuels wildfires
Incendios forestales en Indonesia : el fuego que no se apaga,https://www.ecoticias.com/uncategorized/incendios-forestales-en-indonesia-fuego-turberas,2026-09-12 12:00:00+00:00,ecoticias.com,Spanish,Spain,https://www.ecoticias.com/wp-content/uploads/2026/09/Los-Incendios-forestales-en-Indonesia-arden-bajo-las-turberas.jpg,Singapore,"(haze OR smog OR jerebu OR karhutla OR ""forest fire"" OR wildfire) Singapore",https://www.ecoticias.com/uncategorized/incendios-forestales-en-indonesia-fuego-turberas,incendios forestales en indonesia el fuego que no se apaga
Haze update for Sept 12 : 24 - hour PSI forecast to remain in moderate to low unhealthy range,https://www.asiaone.com:443/singapore/haze-situation-12-september-psi-singapore-moderate-unhealthy,2026-09-12 11:30:00+00:00,asiaone.com,English,Singapore,https://www.asiaone.com/sites/default/files/styles/article_top_image/public/original_images/Sep2026/Singapore%20haze%20situation%20-%2012%20September.png?itok=rYBn_Nc8,Singapore,"(haze OR smog OR jerebu OR karhutla OR ""forest fire"" OR wildfire OR ""PM2.5"" OR หมอกควัน OR ไฟป่า OR ""khói mù"" OR ""cháy rừng"") sourcecountry:singapore",https://www.asiaone.com:443/singapore/haze-situation-12-september-psi-singapore-moderate-unhealthy,haze update for sept 12 24 hour psi forecast to remain in moderate to low unhealthy range
Chiang Rai Fuel Stations See Long Lines Over Fuel Shortage Hysteria,https://www.chiangraitimes.com/chiang-rai/chiang-rai-fuel-shortage-panic/,2026-09-12 09:15:00+00:00,chiangraitimes.com,English,Thailand,https://i0.wp.com/www.chiangraitimes.com/wp-content/uploads/2026/03/dFQROr7oWzulq5Fa7HMWkpYyXqvsXrB5jrZce12lx5LzmI2qEhADO5PvHXUgsEeI1XP.webp,Thailand,"(haze OR smog OR jerebu OR karhutla OR ""forest fire"" OR wildfire OR ""PM2.5"" OR หมอกควัน OR ไฟป่า OR ""khói mù"" OR ""cháy rừng"") sourcecountry:thailand",https://www.chiangraitimes.com/chiang-rai/chiang-rai-fuel-shortage-panic,chiang rai fuel stations see long lines over fuel shortage hysteria
Jerebu : Tiada laporan pelajar Malaysia di Indonesia terjejas - Zambry,https://www.astroawani.com/berita-malaysia/jerebu-tiada-laporan-pelajar-malaysia-di-indonesia-terjejas-zambry,2026-09-12 08:30:00+00:00,astroawani.com,Malay,Malaysia,https://media.astroawani.com/awani/media/uploads/image/2026-09/TB_Zambry%20kadir_AWANI%201.jpg?VersionId=eMtBnjBCJR3DhUK46bGPddmC_AYMQqMX,Malaysia,"(haze OR smog OR jerebu OR karhutla OR ""forest fire"" OR wildfire OR ""PM2.5"" OR หมอกควัน OR ไฟป่า OR ""khói mù"" OR ""cháy rừng"") sourcecountry:malaysia",https://www.astroawani.com/berita-malaysia/jerebu-tiada-laporan-pelajar-malaysia-di-indonesia-terjejas-zambry,jerebu tiada laporan pelajar malaysia di indonesia terjejas zambry
Japan Joins Indonesia Firefighting in First Overseas Mission,https://en.tempo.co/read/2119437/japan-joins-indonesia-firefighting-in-first-overseas-mission,2026-09-12 08:00:00+00:00,en.tempo.co,English,,https://statik.tempo.co/data/2026/07/13/id_1481949/1481949_720.jpg,Malaysia,"(haze OR smog OR jerebu OR karhutla OR ""forest fire"" OR wildfire) Malaysia",https://en.tempo.co/read/2119437/japan-joins-indonesia-firefighting-in-first-overseas-mission,japan joins indonesia firefighting in first overseas mission
Chiang Rai to Nan Road Trip : Highway 1148 Scenic Drive Guide,https://www.chiangraitimes.com/travel-day-trips/chiang-rai-to-nan/,2026-09-12 05:30:00+00:00,chiangraitimes.com,English,Thailand,https://i0.wp.com/www.chiangraitimes.com/wp-content/uploads/2026/08/Chiang-Rai-to-Nan.jpg,Thailand,"(haze OR smog OR jerebu OR karhutla OR ""forest fire"" OR wildfire OR ""PM2.5"" OR หมอกควัน OR ไฟป่า OR ""khói mù"" OR ""cháy rừng"") sourcecountry:thailand",https://www.chiangraitimes.com/travel-day-trips/chiang-rai-to-nan,chiang rai to nan road trip highway 1148 scenic drive guide
芥川賞 『 ゾンビ回収婦 』 人間とAIの境界線を描く,http://373news.com/news/national/oricon/detail/2479976/,2026-09-12 04:30:00+00:00,373news.com,Japanese,Japan,,Thailand,"(haze OR smog OR jerebu OR karhutla OR ""forest fire"" OR wildfire) Thailand",http://373news.com/news/national/oricon/detail/2479976,ai
芥川賞 『 ゾンビ回収婦 』 人間とAIの境界線を描く｜ORICON NEWS｜Web東奥,https://www.toonippo.co.jp/articles/-/2361003,2026-09-12 04:30:00+00:00,toonippo.co.jp,Japanese,Japan,https://toonippo.ismcdn.jp/mwimgs/4/4/1200wm/img_44cd76775712fd320acccc5ba8ebe0ff91131.jpg,Thailand,"(haze OR smog OR jerebu OR karhutla OR ""forest fire"" OR wildfire) Thailand",https://www.toonippo.co.jp/articles/-/2361003,ai oricon news web
Republik pisang dan jerebu - Sinar Harian,https://www.sinarharian.com.my/article/795948/suara-sinar/awang-paku-serpih/republik-pisang-dan-jerebu,2026-09-12 03:00:00+00:00,sinarharian.com.my,Malay,Malaysia,https://www.sinarharian.com.my/uploads/images/2026/09/12/3644542.webp,Malaysia,"(haze OR smog OR jerebu OR karhutla OR ""forest fire"" OR wildfire OR ""PM2.5"" OR หมอกควัน OR ไฟป่า OR ""khói mù"" OR ""cháy rừng"") sourcecountry:malaysia",https://www.sinarharian.com.my/article/795948/suara-sinar/awang-paku-serpih/republik-pisang-dan-jerebu,republik pisang dan jerebu sinar harian
When an invisible hazard crosses national borders - Academia,http://www.thejakartapost.com/opinion/2026/09/12/when-an-invisible-hazard-crosses-national-borders,2026-09-12 02:15:00+00:00,thejakartapost.com,English,Indonesia,https://img.jakpost.net/c/2026/09/11/2026_09_11_179622_1789097575._large.jpg,"Indonesia, Singapore","(haze OR smog OR jerebu OR karhutla OR ""forest fire"" OR wildfire OR ""PM2.5"" OR หมอกควัน OR ไฟป่า OR ""khói mù"" OR ""cháy rừng"") sourcecountry:indonesia",http://www.thejakartapost.com/opinion/2026/09/12/when-an-invisible-hazard-crosses-national-borders,when an invisible hazard crosses national borders academia
Haze drives surge in respiratory illnesses in Indonesia - Society,http://www.thejakartapost.com/indonesia/2026/09/12/wildfire-haze-chokes-more-people-as-respiratory-illness-cases-rise,2026-09-12 02:15:00+00:00,thejakartapost.com,English,Indonesia,https://img.jakpost.net/c/2026/09/11/2026_09_11_179635_1789132279._large.jpg,Indonesia,"(haze OR smog OR jerebu OR karhutla OR ""forest fire"" OR wildfire OR ""PM2.5"" OR หมอกควัน OR ไฟป่า OR ""khói mù"" OR ""cháy rừng"") sourcecountry:indonesia",http://www.thejakartapost.com/indonesia/2026/09/12/wildfire-haze-chokes-more-people-as-respiratory-illness-cases-rise,haze drives surge in respiratory illnesses in indonesia society
Here is Asean best shot at ending the haze,https://www.freemalaysiatoday.com/category/opinion/2026/09/12/here-is-asean-s-best-shot-at-ending-the-haze,2026-09-12 02:00:00+00:00,freemalaysiatoday.com,English,Malaysia,"https://www.freemalaysiatoday.com/cdn-cgi/image/quality=75,format=auto,fit=cover,dpr=1,width=1200,height=630,gravity=center/https://media.freemalaysiatoday.com/v3/2026/08/3dd03ff3-0cb2-4337-9247-40311d6d7cee-Photo-stock-of-buildings-viewed-through-haze-6.webp","Brunei, Malaysia","(haze OR smog OR jerebu OR karhutla OR ""forest fire"" OR wildfire OR ""PM2.5"" OR หมอกควัน OR ไฟป่า OR ""khói mù"" OR ""cháy rừng"") sourcecountry:malaysia",https://www.freemalaysiatoday.com/category/opinion/2026/09/12/here-is-asean-s-best-shot-at-ending-the-haze,here is asean best shot at ending the haze
Thế giới trải qua tháng 8 nóng nhất lịch sử,https://thanhnien.vn/the-gioi-trai-qua-thang-8-nong-nhat-lich-su-185260911231153423.htm,2026-09-11 23:45:00+00:00,thanhnien.vn,Vietnamese,Vietnam,https://images2.thanhnien.vn/zoom/1200_630/528068263637045248/2026/9/11/photo-1789142791261-1789142792183727771575-51-0-801-1200-crop-1789142859268821187253.jpeg,Vietnam,"(haze OR smog OR jerebu OR karhutla OR ""forest fire"" OR wildfire OR ""PM2.5"" OR หมอกควัน OR ไฟป่า OR ""khói mù"" OR ""cháy rừng"") sourcecountry:vietnam",https://thanhnien.vn/the-gioi-trai-qua-thang-8-nong-nhat-lich-su-185260911231153423.htm,th gi i tr i qua th ng 8 n ng nh t l ch s
Indonesian lawmaker welcomes Malaysia offer to fight wildfires,https://en.antaranews.com/news/431045/indonesian-lawmaker-welcomes-malaysias-offer-to-fight-wildfires,2026-09-11 19:00:00+00:00,en.antaranews.com,English,Indonesia,https://cdn.antaranews.com/cache/1200x800/2026/08/20/IMG_20251127_164039.jpg,"Indonesia, Malaysia","(haze OR smog OR jerebu OR karhutla OR ""forest fire"" OR wildfire OR ""PM2.5"" OR หมอกควัน OR ไฟป่า OR ""khói mù"" OR ""cháy rừng"") sourcecountry:indonesia",https://en.antaranews.com/news/431045/indonesian-lawmaker-welcomes-malaysias-offer-to-fight-wildfires,indonesian lawmaker welcomes malaysia offer to fight wildfires
Using capital markets to build climate resistant communities,https://www.bondbuyer.com/news/using-capital-markets-to-build-climate-resistant-communities,2026-09-11 16:00:00+00:00,bondbuyer.com,English,United States,https://source-media-brightspot.s3.us-east-1.amazonaws.com/d8/cc/99e6148849d8971b9b03a98db508/433891991.jpg,Philippines,"(haze OR smog OR jerebu OR karhutla OR ""forest fire"" OR wildfire) Philippines",https://www.bondbuyer.com/news/using-capital-markets-to-build-climate-resistant-communities,using capital markets to build climate resistant communities
Serian kembali catat IPU sangat tidak sihat,https://www.kosmo.com.my/2026/09/11/serian-kembali-catat-ipu-sangat-tidak-sihat/,2026-09-11 14:30:00+00:00,kosmo.com.my,Malay,Malaysia,http://www.kosmo.com.my/wp-content/uploads/2026/09/SERIAN-GAMBAR-HIASAN.jpeg,Malaysia,"(haze OR smog OR jerebu OR karhutla OR ""forest fire"" OR wildfire OR ""PM2.5"" OR หมอกควัน OR ไฟป่า OR ""khói mù"" OR ""cháy rừng"") sourcecountry:malaysia",https://www.kosmo.com.my/2026/09/11/serian-kembali-catat-ipu-sangat-tidak-sihat,serian kembali catat ipu sangat tidak sihat
 « Дамоклов меч » для Рады : НАБУ расследует дела против 60 нардепов,https://www.mk.ru/politics/2026/09/11/damoklov-mech-dlya-rady-nabu-rassleduet-dela-protiv-60-nardepov.html,2026-09-11 14:30:00+00:00,mk.ru,Russian,Russia,https://static.mk.ru/upload/entities/2026/09/11/15/articles/facebookPicture/19/ab/9e/f2/87c9e82d76019f22e486e977a86ab321.jpg,Thailand,"(haze OR smog OR jerebu OR karhutla OR ""forest fire"" OR wildfire) Thailand",https://www.mk.ru/politics/2026/09/11/damoklov-mech-dlya-rady-nabu-rassleduet-dela-protiv-60-nardepov.html,60
"No respiratory cases linked to Davao haze , but surveillance intensifies",https://davaotoday.com/headline/no-respiratory-cases-linked-to-davao-haze-but-surveillance-intensifies/,2026-09-11 13:45:00+00:00,davaotoday.com,English,Philippines,https://davaotoday.com/wp-content/uploads/2026/09/haze-e1788906008147.jpg,Philippines,"(haze OR smog OR jerebu OR karhutla OR ""forest fire"" OR wildfire OR ""PM2.5"" OR หมอกควัน OR ไฟป่า OR ""khói mù"" OR ""cháy rừng"") sourcecountry:philippines",https://davaotoday.com/headline/no-respiratory-cases-linked-to-davao-haze-but-surveillance-intensifies,no respiratory cases linked to davao haze but surveillance intensifies
"Обсипав кохану подарунками від Hermes , Prada і Dior , а після розриву вимагав $370 000 : що вирішив суд",https://sud.ua/uk/news/abroad/371944-obsypav-kokhanu-podarunkamy-vid-hermes-prada-i-dior-a-pislia-rozryvu-vymahav-370-000-shcho-vyrishyv-sud,2026-09-11 13:15:00+00:00,sud.ua,Ukrainian,Ukraine,https://sud.ua/uploads/news/2026/09/11/obsypav-kokhanu-podarunkamy-vid-hermes-prada-i-dior-a-pislia-rozryvu-vymahav-370-000-shcho-vyrishyv-sud.webp,Singapore,"(haze OR smog OR jerebu OR karhutla OR ""forest fire"" OR wildfire) Singapore",https://sud.ua/uk/news/abroad/371944-obsypav-kokhanu-podarunkamy-vid-hermes-prada-i-dior-a-pislia-rozryvu-vymahav-370-000-shcho-vyrishyv-sud,hermes prada dior 370 000
Serian kembali catat IPU ke paras sangat tak sihat,https://www.freemalaysiatoday.com/category/bahasa/tempatan/2026/09/11/serian-kembali-catat-ipu-ke-paras-sangat-tak-sihat,2026-09-11 13:15:00+00:00,freemalaysiatoday.com,Malay,Malaysia,"https://www.freemalaysiatoday.com/cdn-cgi/image/quality=80,format=auto,fit=cover,dpr=1,width=1200,height=630,gravity=center/https://media.freemalaysiatoday.com/v3/2026/08/4d532b3b-2031-42d9-b958-1acf8e71dddc-jerebu-serian-sarawak-bernamapic-310826.jpg",Malaysia,"(haze OR smog OR jerebu OR karhutla OR ""forest fire"" OR wildfire OR ""PM2.5"" OR หมอกควัน OR ไฟป่า OR ""khói mù"" OR ""cháy rừng"") sourcecountry:malaysia",https://www.freemalaysiatoday.com/category/bahasa/tempatan/2026/09/11/serian-kembali-catat-ipu-ke-paras-sangat-tak-sihat,serian kembali catat ipu ke paras sangat tak sihat
IKN authority intensifies aerial patrols to prevent new wildfires,https://en.antaranews.com/news/431008/ikn-authority-intensifies-aerial-patrols-to-prevent-new-wildfires,2026-09-11 12:45:00+00:00,en.antaranews.com,English,Indonesia,https://cdn.antaranews.com/cache/1200x800/2026/09/11/1000585072.jpg,Indonesia,"(haze OR smog OR jerebu OR karhutla OR ""forest fire"" OR wildfire OR ""PM2.5"" OR หมอกควัน OR ไฟป่า OR ""khói mù"" OR ""cháy rừng"") sourcecountry:indonesia",https://en.antaranews.com/news/431008/ikn-authority-intensifies-aerial-patrols-to-prevent-new-wildfires,ikn authority intensifies aerial patrols to prevent new wildfires
Haze update for Sept 11 : 24 - hour PSI expected to be in moderate to low unhealthy range,https://www.asiaone.com/singapore/haze-situation-11-september-psi-singapore-moderate-unhealthy,2026-09-11 12:30:00+00:00,asiaone.com,English,Singapore,https://www.asiaone.com/sites/default/files/styles/article_top_image/public/original_images/Sep2026/Haze%20situation%20Singapore%20-%2011%20September.png?itok=kw8WpMxM,Singapore,"(haze OR smog OR jerebu OR karhutla OR ""forest fire"" OR wildfire OR ""PM2.5"" OR หมอกควัน OR ไฟป่า OR ""khói mù"" OR ""cháy rừng"") sourcecountry:singapore",https://www.asiaone.com/singapore/haze-situation-11-september-psi-singapore-moderate-unhealthy,haze update for sept 11 24 hour psi expected to be in moderate to low unhealthy range
"Serian kembali catat IPU sangat tidak sihat , 11 kawasan rekod udara tidak sihat setakat 5 petang",https://www.astroawani.com/berita-malaysia/serian-kembali-catat-ipu-sangat-tidak-sihat-11-kawasan-rekod-udara-tidak-sihat-setakat-5-petang,2026-09-11 12:30:00+00:00,astroawani.com,Malay,Malaysia,https://media.astroawani.com/awani/media/uploads/image/2026-09/TB_JEREBU%20SERIAN%20SRI%20AMAN_BERNAMA.jpg?VersionId=W77cqnK9_p6efqDl3A0dsLBcOlckw15w,Malaysia,"(haze OR smog OR jerebu OR karhutla OR ""forest fire"" OR wildfire OR ""PM2.5"" OR หมอกควัน OR ไฟป่า OR ""khói mù"" OR ""cháy rừng"") sourcecountry:malaysia",https://www.astroawani.com/berita-malaysia/serian-kembali-catat-ipu-sangat-tidak-sihat-11-kawasan-rekod-udara-tidak-sihat-setakat-5-petang,serian kembali catat ipu sangat tidak sihat 11 kawasan rekod udara tidak sihat setakat 5 petang
"Cháy rừng , núi lửa khiến hơn 180 . 000 người Indonesia mắc bệnh hô hấp",http://vov.vn/the-gioi/hon-180000-nguoi-indonesia-mac-benh-ho-hap-do-chay-rung-va-nui-lua-phun-trao-post1331808.vov,2026-09-11 12:15:00+00:00,vov.vn,Vietnamese,Vietnam,https://media.vov.vn/sites/default/files/styles/og_image/public/2026-09/nui-lua-anak-krakatau-o-indonesia-.jpeg.jpg?v=1789127957,Vietnam,"(haze OR smog OR jerebu OR karhutla OR ""forest fire"" OR wildfire OR ""PM2.5"" OR หมอกควัน OR ไฟป่า OR ""khói mù"" OR ""cháy rừng"") sourcecountry:vietnam",http://vov.vn/the-gioi/hon-180000-nguoi-indonesia-mac-benh-ho-hap-do-chay-rung-va-nui-lua-phun-trao-post1331808.vov,ch y r ng n i l a khi n h n 180 000 ng i indonesia m c b nh h h p
因烟霾延期难阻挑战 1258人齐捞干盘面创大马纪录 | 东马 | 地方,https://www.orientaldaily.com.my/news/east-malaysia/2026/09/11/847211,2026-09-11 12:00:00+00:00,orientaldaily.com.my,Chinese,Malaysia,https://www.orientaldaily.com.my/storage/resize_cache/images/uploads/news-cover/2026/SEP_2026/20260911/se91126a6.jpg.jpeg/03f099a053960dc0e5df926f23242b80.jpeg,Malaysia,"(haze OR smog OR jerebu OR karhutla OR ""forest fire"" OR wildfire OR ""PM2.5"" OR หมอกควัน OR ไฟป่า OR ""khói mù"" OR ""cháy rừng"") sourcecountry:malaysia",https://www.orientaldaily.com.my/news/east-malaysia/2026/09/11/847211,1258
"Haze : Serian hits very unhealthy API again , Pasir Gudang drops to moderate as of 6pm",https://www.thestar.com.my/news/nation/2026/09/11/haze-serian-hits-039very-unhealthy039-api-again-pasir-gudang-drops-from-039unhealthy039-to-039moderate039-as-of-6pm,2026-09-11 12:00:00+00:00,thestar.com.my,English,Malaysia,https://apicms.thestar.com.my/uploads/images/2026/09/11/4106008.jpg,Malaysia,"(haze OR smog OR jerebu OR karhutla OR ""forest fire"" OR wildfire OR ""PM2.5"" OR หมอกควัน OR ไฟป่า OR ""khói mù"" OR ""cháy rừng"") sourcecountry:malaysia",https://www.thestar.com.my/news/nation/2026/09/11/haze-serian-hits-039very-unhealthy039-api-again-pasir-gudang-drops-from-039unhealthy039-to-039moderate039-as-of-6pm,haze serian hits very unhealthy api again pasir gudang drops to moderate as of 6pm
Parents of Indonesian Children Sickened by Free School Meals File Police Complaint,https://english.kontan.co.id/news/parents-of-indonesian-children-sickened-by-free-school-meals-file-police-complaint,2026-09-11 11:45:00+00:00,english.kontan.co.id,English,Indonesia,https://foto.kontan.co.id/_iuTcmY2Utpr8G45ZFx3uXejE8c=/smart/filters:format(webp)/2026/09/04/1946515461p.jpg,Indonesia,"(haze OR smog OR jerebu OR karhutla OR ""forest fire"" OR wildfire OR ""PM2.5"" OR หมอกควัน OR ไฟป่า OR ""khói mù"" OR ""cháy rừng"") sourcecountry:indonesia",https://english.kontan.co.id/news/parents-of-indonesian-children-sickened-by-free-school-meals-file-police-complaint,parents of indonesian children sickened by free school meals file police complaint
Indonesia experiencing world highest wildfire emissions,https://geographical.co.uk/news/indonesia-experiencing-worlds-highest-wildfire-emissions,2026-09-11 08:45:00+00:00,geographical.co.uk,English,United Kingdom,https://geographical.co.uk/wp-content/uploads/indonesia-wildfires.webp,Singapore,"(haze OR smog OR jerebu OR karhutla OR ""forest fire"" OR wildfire) Singapore",https://geographical.co.uk/news/indonesia-experiencing-worlds-highest-wildfire-emissions,indonesia experiencing world highest wildfire emissions
霾害严重家长可暂不送孩子上学 黄家和 ： 须先通知校方 | 国内,https://www.orientaldaily.com.my/news/nation/2026/09/11/847125,2026-09-11 08:30:00+00:00,orientaldaily.com.my,Chinese,Malaysia,https://www.orientaldaily.com.my/storage/resize_cache/images/uploads/news-cover/2026/SEP_2026/20260911/WhatsApp_Image_2026-09-11_at_3.44.49_PM.jpeg/5d081725ccc3d19281830e06baeb92e5.jpeg,Malaysia,"(haze OR smog OR jerebu OR karhutla OR ""forest fire"" OR wildfire OR ""PM2.5"" OR หมอกควัน OR ไฟป่า OR ""khói mù"" OR ""cháy rừng"") sourcecountry:malaysia",https://www.orientaldaily.com.my/news/nation/2026/09/11/847125,
Tin tức Tin liên quan - Hình ảnh và video clip nóng mới nhất,https://baomoi.com/tin-lien-quan-t49606565.epi,2026-09-11 08:00:00+00:00,baomoi.com,Vietnamese,Vietnam,https://baomoi-static.bmcdn.me/web/styles/img/facebook-thumb.png,Vietnam,"(haze OR smog OR jerebu OR karhutla OR ""forest fire"" OR wildfire OR ""PM2.5"" OR หมอกควัน OR ไฟป่า OR ""khói mù"" OR ""cháy rừng"") sourcecountry:vietnam",https://baomoi.com/tin-lien-quan-t49606565.epi,tin t c tin li n quan h nh nh v video clip n ng m i nh t
Wildfires cause respiratory infections to double in Indonesia - Society,http://www.thejakartapost.com/indonesia/2026/09/11/wildfires-cause-respiratory-infections-to-double-in-indonesia,2026-09-11 07:45:00+00:00,thejakartapost.com,English,Indonesia,https://img.jakpost.net/c/2026/09/08/2026_09_08_179538_1788872979._large.jpg,Indonesia,"(haze OR smog OR jerebu OR karhutla OR ""forest fire"" OR wildfire OR ""PM2.5"" OR หมอกควัน OR ไฟป่า OR ""khói mù"" OR ""cháy rừng"") sourcecountry:indonesia",http://www.thejakartapost.com/indonesia/2026/09/11/wildfires-cause-respiratory-infections-to-double-in-indonesia,wildfires cause respiratory infections to double in indonesia society
拼豆不是印钞机 ， 是一场18个月的泡沫 - 虎嗅网,https://www.huxiu.com/article/4885421.html,2026-09-11 07:15:00+00:00,huxiu.com,Chinese,China,https://img.huxiucdn.com/ai/ai-general-cover/202608/24/32983-prod-nb2ep-general-1-1787542551979.png?imageView2/1/w/788/h/444/%7CimageMogr2/strip/interlace/1/quality/85,Thailand,"(haze OR smog OR jerebu OR karhutla OR ""forest fire"" OR wildfire) Thailand",https://www.huxiu.com/article/4885421.html,18
"Xây dựng kịch bản ứng phó hạn mặn , bảo vệ sản xuất",https://baotintuc.vn/kinh-te/xay-dung-kich-ban-ung-pho-hanmanbao-ve-san-xuat-20260911125008012.htm,2026-09-11 06:45:00+00:00,baotintuc.vn,Vietnamese,Vietnam,https://cdnmedia.baotintuc.vn/Upload/YZmStSDTjb0M07hFJ2gA/files/2026/09/01/han-man-110926-1.jpg,Vietnam,"(haze OR smog OR jerebu OR karhutla OR ""forest fire"" OR wildfire OR ""PM2.5"" OR หมอกควัน OR ไฟป่า OR ""khói mù"" OR ""cháy rừng"") sourcecountry:vietnam",https://baotintuc.vn/kinh-te/xay-dung-kich-ban-ung-pho-hanmanbao-ve-san-xuat-20260911125008012.htm,x y d ng k ch b n ng ph h n m n b o v s n xu t
Urgent Response in Chiang Rai as Fire Threatens Sacred Temple Site,https://www.chiangraitimes.com/chiang-rai/urgent-response-in-chiang-rai-as-fire-threatens-sacred-temple-site/,2026-09-11 06:15:00+00:00,chiangraitimes.com,English,Thailand,https://i0.wp.com/www.chiangraitimes.com/wp-content/uploads/2026/03/960251a2-296b-4974-a5dc-78bffb4c9333.jpg,Thailand,"(haze OR smog OR jerebu OR karhutla OR ""forest fire"" OR wildfire OR ""PM2.5"" OR หมอกควัน OR ไฟป่า OR ""khói mù"" OR ""cháy rừng"") sourcecountry:thailand",https://www.chiangraitimes.com/chiang-rai/urgent-response-in-chiang-rai-as-fire-threatens-sacred-temple-site,urgent response in chiang rai as fire threatens sacred temple site
Nghệ An tăng cường ngăn chặn săn bắt chim di cư | Báo Pháp Luật Việt Nam,https://baophapluat.vn/nghe-an-tang-cuong-ngan-chan-san-bat-chim-di-cu.html,2026-09-11 06:15:00+00:00,baophapluat.vn,Vietnamese,Vietnam,https://cdn.baophapluat.vn/1200x630/uploaded/images/2026/09/11/be92011d-4be2-48f7-82d5-70ad31965593.jpg,Vietnam,"(haze OR smog OR jerebu OR karhutla OR ""forest fire"" OR wildfire OR ""PM2.5"" OR หมอกควัน OR ไฟป่า OR ""khói mù"" OR ""cháy rừng"") sourcecountry:vietnam",https://baophapluat.vn/nghe-an-tang-cuong-ngan-chan-san-bat-chim-di-cu.html,ngh an t ng c ng ng n ch n s n b t chim di c b o ph p lu t vi t nam
Tìm câu trả lời cho không gian Hồ Gươm,https://vovgiaothong.vn/newsaudio/tim-cau-tra-loi-cho-khong-gian-ho-guom-d55202.html,2026-09-11 06:00:00+00:00,vovgiaothong.vn,Vietnamese,Vietnam,https://t.ex-cdn.com/vovgiaothong.vn/560w/files/dominhhong2/2026/09/11/3227-ho-guom-vovgiaothong-103034.jpeg,Vietnam,"(haze OR smog OR jerebu OR karhutla OR ""forest fire"" OR wildfire OR ""PM2.5"" OR หมอกควัน OR ไฟป่า OR ""khói mù"" OR ""cháy rừng"") sourcecountry:vietnam",https://vovgiaothong.vn/newsaudio/tim-cau-tra-loi-cho-khong-gian-ho-guom-d55202.html,t m c u tr l i cho kh ng gian h g m
Hà Nội : Mỗi thay đổi quanh Hồ Gươm cần sự đồng thuận,http://vov.vn/xa-hoi/tim-cau-tra-loi-cho-khong-gian-ho-guom-post1331712.vov,2026-09-11 05:30:00+00:00,vov.vn,Vietnamese,Vietnam,https://media.vov.vn/sites/default/files/styles/og_image/public/2026-09/ho-guom-1033.jpg?v=1789103592,Vietnam,"(haze OR smog OR jerebu OR karhutla OR ""forest fire"" OR wildfire OR ""PM2.5"" OR หมอกควัน OR ไฟป่า OR ""khói mù"" OR ""cháy rừng"") sourcecountry:vietnam",http://vov.vn/xa-hoi/tim-cau-tra-loi-cho-khong-gian-ho-guom-post1331712.vov,h n i m i thay i quanh h g m c n s ng thu n
Tourism Ministry accelerates recovery of disaster - hit destinations,https://en.antaranews.com/news/430924/tourism-ministry-accelerates-recovery-of-disaster-hit-destinations,2026-09-11 05:15:00+00:00,en.antaranews.com,English,Indonesia,https://cdn.antaranews.com/cache/1200x800/2026/09/11/WhatsApp-Image-2026-09-10-at-23.10.05-1.jpeg,Indonesia,"(haze OR smog OR jerebu OR karhutla OR ""forest fire"" OR wildfire OR ""PM2.5"" OR หมอกควัน OR ไฟป่า OR ""khói mù"" OR ""cháy rừng"") sourcecountry:indonesia",https://en.antaranews.com/news/430924/tourism-ministry-accelerates-recovery-of-disaster-hit-destinations,tourism ministry accelerates recovery of disaster hit destinations
Air quality in Singapore remains in moderate range as PSI drops to below 100,https://www.thestar.com.my/aseanplus/aseanplus-news/2026/09/11/air-quality-in-singapore-remains-in-moderate-range-as-psi-drops-to-below-100,2026-09-11 05:15:00+00:00,thestar.com.my,English,Malaysia,https://apicms.thestar.com.my/uploads/images/2026/09/11/4105085.png,"Malaysia, Singapore","(haze OR smog OR jerebu OR karhutla OR ""forest fire"" OR wildfire OR ""PM2.5"" OR หมอกควัน OR ไฟป่า OR ""khói mù"" OR ""cháy rừng"") sourcecountry:malaysia",https://www.thestar.com.my/aseanplus/aseanplus-news/2026/09/11/air-quality-in-singapore-remains-in-moderate-range-as-psi-drops-to-below-100,air quality in singapore remains in moderate range as psi drops to below 100
Thêm một khu bảo tồn Voọc mông trắng cực kỳ quý hiếm,https://tienphong.vn/them-mot-khu-bao-ton-vooc-mong-trang-cuc-ky-quy-hiem-post1875411.tpo,2026-09-11 05:15:00+00:00,tienphong.vn,Vietnamese,Vietnam,https://cdn.tienphong.vn/images/vfxVTqNZg61oqW4AULbiy4o15wJXuYglKMIvD4avuHEUESL-6vs9vsKswHDuou14FtraYSYGEYFUwXJqrrS4Cw/anh-1.jpg.webp,Vietnam,"(haze OR smog OR jerebu OR karhutla OR ""forest fire"" OR wildfire OR ""PM2.5"" OR หมอกควัน OR ไฟป่า OR ""khói mù"" OR ""cháy rừng"") sourcecountry:vietnam",https://tienphong.vn/them-mot-khu-bao-ton-vooc-mong-trang-cuc-ky-quy-hiem-post1875411.tpo,th m m t khu b o t n vo c m ng tr ng c c k qu hi m
10 Classic Rock Songs That Sound Happy Until You Actually Listen to the Lyrics,https://collider.com/classic-rock-songs-sound-happy-until-actually-listen-lyrics/,2026-09-11 05:15:00+00:00,collider.com,English,United States,https://static0.colliderimages.com/wordpress/wp-content/uploads/2026/07/queen-john-freddie-brian-roger.jpg?&fit=crop,Vietnam,"(haze OR smog OR jerebu OR karhutla OR ""forest fire"" OR wildfire) Vietnam",https://collider.com/classic-rock-songs-sound-happy-until-actually-listen-lyrics,10 classic rock songs that sound happy until you actually listen to the lyrics
Air quality in central Singapore improves as PSI drops,https://www.straitstimes.com/singapore/air-quality-in-singapore-remains-in-moderate-range-as-psi-drops-to-below-100,2026-09-11 05:00:00+00:00,straitstimes.com,English,Singapore,https://cassette.sphdigital.com.sg/image/straitstimes/64650268ccbb641a9dab56d5defaea1e3c4b8d0aa3990aebed98cc9bc1d76836,Singapore,"(haze OR smog OR jerebu OR karhutla OR ""forest fire"" OR wildfire OR ""PM2.5"" OR หมอกควัน OR ไฟป่า OR ""khói mù"" OR ""cháy rừng"") sourcecountry:singapore",https://www.straitstimes.com/singapore/air-quality-in-singapore-remains-in-moderate-range-as-psi-drops-to-below-100,air quality in central singapore improves as psi drops
14 kawasan catat IPU tak sihat pagi ini,https://www.freemalaysiatoday.com/category/bahasa/tempatan/2026/09/11/14-kawasan-catat-ipu-tak-sihat-pagi-ini,2026-09-11 04:45:00+00:00,freemalaysiatoday.com,Malay,Malaysia,"https://www.freemalaysiatoday.com/cdn-cgi/image/quality=75,format=auto,fit=cover,dpr=1,width=1200,height=630,gravity=center/https://media.freemalaysiatoday.com/v3/2026/08/265117a5-9915-4023-9da7-a823a089105b-jerebu-sarawak-bernama-pic-20826.webp",Malaysia,"(haze OR smog OR jerebu OR karhutla OR ""forest fire"" OR wildfire OR ""PM2.5"" OR หมอกควัน OR ไฟป่า OR ""khói mù"" OR ""cháy rừng"") sourcecountry:malaysia",https://www.freemalaysiatoday.com/category/bahasa/tempatan/2026/09/11/14-kawasan-catat-ipu-tak-sihat-pagi-ini,14 kawasan catat ipu tak sihat pagi ini
"When forests burn , climate commitments falter - Academia",http://www.thejakartapost.com/opinion/2026/09/11/when-forests-burn-climate-commitments-falter,2026-09-11 03:45:00+00:00,thejakartapost.com,English,Indonesia,https://img.jakpost.net/c/2026/08/27/2026_08_27_179060_1787824303._large.jpg,Indonesia,"(haze OR smog OR jerebu OR karhutla OR ""forest fire"" OR wildfire OR ""PM2.5"" OR หมอกควัน OR ไฟป่า OR ""khói mù"" OR ""cháy rừng"") sourcecountry:indonesia",http://www.thejakartapost.com/opinion/2026/09/11/when-forests-burn-climate-commitments-falter,when forests burn climate commitments falter academia
Northern states spared from haze thanks to Andaman Sea winds,https://www.thestar.com.my/news/nation/2026/09/11/northern-states-spared-from-haze-thanks-to-andaman-sea-winds,2026-09-11 03:45:00+00:00,thestar.com.my,English,Malaysia,https://apicms.thestar.com.my/uploads/images/2026/09/11/4104972.jpeg,Malaysia,"(haze OR smog OR jerebu OR karhutla OR ""forest fire"" OR wildfire OR ""PM2.5"" OR หมอกควัน OR ไฟป่า OR ""khói mù"" OR ""cháy rừng"") sourcecountry:malaysia",https://www.thestar.com.my/news/nation/2026/09/11/northern-states-spared-from-haze-thanks-to-andaman-sea-winds,northern states spared from haze thanks to andaman sea winds
The remedy gap in transboundary haze - Academia,http://www.thejakartapost.com/opinion/2026/09/11/the-remedy-gap-in-transboundary-haze,2026-09-11 03:45:00+00:00,thejakartapost.com,English,Indonesia,https://img.jakpost.net/c/2026/08/24/2026_08_24_178958_1787550159._large.jpg,"Indonesia, Malaysia","(haze OR smog OR jerebu OR karhutla OR ""forest fire"" OR wildfire OR ""PM2.5"" OR หมอกควัน OR ไฟป่า OR ""khói mù"" OR ""cháy rừng"") sourcecountry:indonesia",http://www.thejakartapost.com/opinion/2026/09/11/the-remedy-gap-in-transboundary-haze,the remedy gap in transboundary haze academia
Thành lập Khu bảo tồn Voọc mông trắng rộng hơn 3 . 182 ha,http://vov.vn/xa-hoi/thanh-lap-khu-bao-ton-vooc-mong-trang-kim-bang-rong-hon-3182-ha-o-ninh-binh-post1331633.vov,2026-09-11 03:00:00+00:00,vov.vn,Vietnamese,Vietnam,https://media.vov.vn/sites/default/files/styles/og_image/public/2026-09/img_1271.jpg?v=1789093867,Vietnam,"(haze OR smog OR jerebu OR karhutla OR ""forest fire"" OR wildfire OR ""PM2.5"" OR หมอกควัน OR ไฟป่า OR ""khói mù"" OR ""cháy rừng"") sourcecountry:vietnam",http://vov.vn/xa-hoi/thanh-lap-khu-bao-ton-vooc-mong-trang-kim-bang-rong-hon-3182-ha-o-ninh-binh-post1331633.vov,th nh l p khu b o t n vo c m ng tr ng r ng h n 3 182 ha
Air quality improves as 24 - hour PSI in central Singapore returns to moderate range,https://www.asiaone.com/singapore/haze-singapore-psi-reading-moderate-central,2026-09-11 03:00:00+00:00,asiaone.com,English,Singapore,https://www.asiaone.com/sites/default/files/styles/article_top_image/public/original_images/Sep2026/Singapore%20haze%20situation%2010%20September%20-%20Moderate.jpg?itok=S8owXgVP,Singapore,"(haze OR smog OR jerebu OR karhutla OR ""forest fire"" OR wildfire OR ""PM2.5"" OR หมอกควัน OR ไฟป่า OR ""khói mù"" OR ""cháy rừng"") sourcecountry:singapore",https://www.asiaone.com/singapore/haze-singapore-psi-reading-moderate-central,air quality improves as 24 hour psi in central singapore returns to moderate range
"Mùa chim di cư , tháo gỡ nhiều  trận địa  bẫy bắt trên đồng ruộng ở Huế",https://baomoi.com/mua-chim-di-cu-thao-go-nhieu-tran-dia-bay-bat-tren-dong-ruong-o-hue-c56023860.epi,2026-09-11 02:15:00+00:00,baomoi.com,Vietnamese,Vietnam,https://baomoi-photo-fbcrawler.bmcdn.me/w1200_r16x9/2026_09_11_94_56023860/f057a021186af134a87b.jpg,Vietnam,"(haze OR smog OR jerebu OR karhutla OR ""forest fire"" OR wildfire OR ""PM2.5"" OR หมอกควัน OR ไฟป่า OR ""khói mù"" OR ""cháy rừng"") sourcecountry:vietnam",https://baomoi.com/mua-chim-di-cu-thao-go-nhieu-tran-dia-bay-bat-tren-dong-ruong-o-hue-c56023860.epi,m a chim di c th o g nhi u tr n a b y b t tr n ng ru ng hu
空调不该只制冷 海尔洗空气空调A800 ， 让风 、 空气都  听话  |调温|恒温|出风|海尔集团,https://www.163.com/dy/article/L6HMR4SG051186CN.html,2026-09-11 02:15:00+00:00,163.com,Chinese,China,,Vietnam,"(haze OR smog OR jerebu OR karhutla OR ""forest fire"" OR wildfire) Vietnam",https://www.163.com/dy/article/L6HMR4SG051186CN.html,a800
第79回都民の消防官 5氏に栄誉 、 10月30日に表彰式開催,https://www.sankei.com/article/20260911-IKPVPVGPRFP7DAV23MLAADV4CI/,2026-09-11 02:15:00+00:00,sankei.com,Japanese,Japan,https://www.sankei.com/resizer/v2/PLET3HIRGVJX3P2RXXDS76JOVE.jpg?auth=3feb4115f00c5ff3e3393a0ee9424096549e24fae9bbe34aeb582a515ea67682&quality=50&focal=244%2C207,Thailand,"(haze OR smog OR jerebu OR karhutla OR ""forest fire"" OR wildfire) Thailand",https://www.sankei.com/article/20260911-IKPVPVGPRFP7DAV23MLAADV4CI,79 5 10 30
"Local , foreign firms own largest burned concessions in Indonesia Kalimantan – Asia News Network",https://asianews.network/local-foreign-firms-own-largest-burned-concessions-in-indonesias-kalimantan/,2026-09-11 02:00:00+00:00,asianews.network,English,China,https://asianews.network/wp-content/uploads/2026/09/AFP__20260904__C7BK8BE__v1__MidRes__IndonesiaClimateWildfire.jpg,Singapore,"(haze OR smog OR jerebu OR karhutla OR ""forest fire"" OR wildfire) Singapore",https://asianews.network/local-foreign-firms-own-largest-burned-concessions-in-indonesias-kalimantan,local foreign firms own largest burned concessions in indonesia kalimantan asia news network
"Haze not on agenda , but side discussions to be held during ASEAN health minister meeting – Asia News Network",https://asianews.network/haze-not-on-agenda-but-side-discussions-to-be-held-during-asean-health-ministers-meeting/,2026-09-11 02:00:00+00:00,asianews.network,English,China,https://asianews.network/wp-content/uploads/2026/09/AFP__20260826__C6HY7UC__v1__MidRes__MalaysiaIndonesiaEnvironmentClimateWildfire-3.jpg,Malaysia,"(haze OR smog OR jerebu OR karhutla OR ""forest fire"" OR wildfire) Malaysia",https://asianews.network/haze-not-on-agenda-but-side-discussions-to-be-held-during-asean-health-ministers-meeting,haze not on agenda but side discussions to be held during asean health minister meeting asia news network
IPU Lembah Klang kembali pulih,https://www.utusan.com.my/nasional/2026/09/ipu-lembah-klang-kembali-pulih/,2026-09-11 01:15:00+00:00,utusan.com.my,Malay,Malaysia,https://www.utusan.com.my/wp-content/uploads/2026/09/WhatsApp-Image-2026-09-11-at-8.22.31-AM.jpeg,Malaysia,"(haze OR smog OR jerebu OR karhutla OR ""forest fire"" OR wildfire OR ""PM2.5"" OR หมอกควัน OR ไฟป่า OR ""khói mù"" OR ""cháy rừng"") sourcecountry:malaysia",https://www.utusan.com.my/nasional/2026/09/ipu-lembah-klang-kembali-pulih,ipu lembah klang kembali pulih
Dedah dalang pencetus jerebu rentas sempadan,https://www.utusan.com.my/gaya/2026/09/dedah-dalang-pencetus-jerebu-rentas-sempadan/,2026-09-11 01:15:00+00:00,utusan.com.my,Malay,Malaysia,https://www.utusan.com.my/wp-content/uploads/2026/09/110926-gaya-agama-pix-scaled.jpg,Malaysia,"(haze OR smog OR jerebu OR karhutla OR ""forest fire"" OR wildfire OR ""PM2.5"" OR หมอกควัน OR ไฟป่า OR ""khói mù"" OR ""cháy rừng"") sourcecountry:malaysia",https://www.utusan.com.my/gaya/2026/09/dedah-dalang-pencetus-jerebu-rentas-sempadan,dedah dalang pencetus jerebu rentas sempadan
When haze meets the palm,https://www.thestar.com.my/business/insight/2026/09/11/when-haze-meets-the-palm,2026-09-11 01:00:00+00:00,thestar.com.my,English,Malaysia,https://apicms.thestar.com.my/uploads/images/2026/09/11/4104809.jpeg,Malaysia,"(haze OR smog OR jerebu OR karhutla OR ""forest fire"" OR wildfire OR ""PM2.5"" OR หมอกควัน OR ไฟป่า OR ""khói mù"" OR ""cháy rừng"") sourcecountry:malaysia",https://www.thestar.com.my/business/insight/2026/09/11/when-haze-meets-the-palm,when haze meets the palm
"Con số may mắn hôm nay 11 / 9 : Sửu kiếm tiền dễ dàng , Thìn công việc suôn sẻ , Ngọ càng cố càng dễ hỏng",https://danviet.vn/con-so-may-man-hom-nay-11-9-suu-kiem-tien-de-dang-thin-cong-viec-suon-se-ngo-cang-co-cang-de-hong-d1458337.html,2026-09-10 23:30:00+00:00,danviet.vn,Vietnamese,Vietnam,https://t.ex-cdn.com/danviet.vn/800w/files/content/2026/09/11/con-so-may-man-hom-nay-1156-0023.jpg,Vietnam,"(haze OR smog OR jerebu OR karhutla OR ""forest fire"" OR wildfire OR ""PM2.5"" OR หมอกควัน OR ไฟป่า OR ""khói mù"" OR ""cháy rừng"") sourcecountry:vietnam",https://danviet.vn/con-so-may-man-hom-nay-11-9-suu-kiem-tien-de-dang-thin-cong-viec-suon-se-ngo-cang-co-cang-de-hong-d1458337.html,con s may m n h m nay 11 9 s u ki m ti n d d ng th n c ng vi c su n s ng c ng c c ng d h ng
Indonezija : nuo gaisrų išgelbėti šeši orangutanai,https://www.respublika.lt/lt/naujienos/pasaulis/kitos_pasaulio_naujienos/indonezija-nuo-gaisru-isgelbeti-sesi-orangutanai/,2026-09-10 22:30:00+00:00,respublika.lt,Lithuanian,Lithuania,https://www.respublika.lt/uploads/img/catalog/1/photo_for_opengraph_1_96663007.jpg,Singapore,"(haze OR smog OR jerebu OR karhutla OR ""forest fire"" OR wildfire) Singapore",https://www.respublika.lt/lt/naujienos/pasaulis/kitos_pasaulio_naujienos/indonezija-nuo-gaisru-isgelbeti-sesi-orangutanai,indonezija nuo gaisr i gelb ti e i orangutanai
VP demands healthcare support alongside wildfire suppression,https://en.antaranews.com/news/430904/vp-demands-healthcare-support-alongside-wildfire-suppression,2026-09-10 22:00:00+00:00,en.antaranews.com,English,Indonesia,https://cdn.antaranews.com/cache/1200x800/2026/09/10/IMG_3087.jpeg,Indonesia,"(haze OR smog OR jerebu OR karhutla OR ""forest fire"" OR wildfire OR ""PM2.5"" OR หมอกควัน OR ไฟป่า OR ""khói mù"" OR ""cháy rừng"") sourcecountry:indonesia",https://en.antaranews.com/news/430904/vp-demands-healthcare-support-alongside-wildfire-suppression,vp demands healthcare support alongside wildfire suppression
VP calls for intensified patrols to prevent wildfires through 2027,https://en.antaranews.com/news/430899/vp-calls-for-intensified-patrols-to-prevent-wildfires-through-2027,2026-09-10 22:00:00+00:00,en.antaranews.com,English,Indonesia,https://cdn.antaranews.com/cache/1200x800/2026/09/10/IMG_3086.jpeg,Indonesia,"(haze OR smog OR jerebu OR karhutla OR ""forest fire"" OR wildfire OR ""PM2.5"" OR หมอกควัน OR ไฟป่า OR ""khói mù"" OR ""cháy rừng"") sourcecountry:indonesia",https://en.antaranews.com/news/430899/vp-calls-for-intensified-patrols-to-prevent-wildfires-through-2027,vp calls for intensified patrols to prevent wildfires through 2027
Japan deploys equipment to Indonesia Borneo to help fight wildfires causing toxic haze,https://news.mongabay.com/short-article/2026/09/japan-deploys-equipment-to-indonesias-borneo-to-help-fight-wildfires-causing-toxic-haze/,2026-09-10 21:00:00+00:00,news.mongabay.com,English,Indonesia,https://imgs.mongabay.com/wp-content/uploads/sites/20/2026/09/10184032/AP26253095492154-1200x800.jpg,"Indonesia, Singapore","(haze OR smog OR jerebu OR karhutla OR ""forest fire"" OR wildfire OR ""PM2.5"" OR หมอกควัน OR ไฟป่า OR ""khói mù"" OR ""cháy rừng"") sourcecountry:indonesia",https://news.mongabay.com/short-article/2026/09/japan-deploys-equipment-to-indonesias-borneo-to-help-fight-wildfires-causing-toxic-haze,japan deploys equipment to indonesia borneo to help fight wildfires causing toxic haze
"Peacock Friday the 13th Prequel Promises  More Than You Think  From Jason , Showrunner Says",https://www.polygon.com/crystal-lake-friday-the-13th-preview/,2026-09-10 18:15:00+00:00,polygon.com,English,United States,https://static0.polygonimages.com/wordpress/wp-content/uploads/2026/09/nup_211121_00008.jpg?&fit=crop,Vietnam,"(haze OR smog OR jerebu OR karhutla OR ""forest fire"" OR wildfire) Vietnam",https://www.polygon.com/crystal-lake-friday-the-13th-preview,peacock friday the 13th prequel promises more than you think from jason showrunner says
August Ties Hottest Month Ever as Ocean Temperatures Set Record,https://www.hngn.com/articles/273176/20260910/august-ties-hottest-month-ever-ocean-temperatures-set-record.htm,2026-09-10 18:15:00+00:00,hngn.com,English,United States,https://d.hngn.com/en/full/305968/el-nino-region-highlighted-pacific-temperature-map.jpg,Philippines,"(haze OR smog OR jerebu OR karhutla OR ""forest fire"" OR wildfire) Philippines",https://www.hngn.com/articles/273176/20260910/august-ties-hottest-month-ever-ocean-temperatures-set-record.htm,august ties hottest month ever as ocean temperatures set record
Naib Presiden Indonesia minta maaf kepada penduduk kerana jerebu,https://www.utusan.com.my/luar-negara/2026/09/naib-presiden-indonesia-minta-maaf-kepada-penduduk-kerana-jerebu/,2026-09-10 18:00:00+00:00,utusan.com.my,Malay,Malaysia,https://www.utusan.com.my/wp-content/uploads/2026/09/Gibran.jpg,Malaysia,"(haze OR smog OR jerebu OR karhutla OR ""forest fire"" OR wildfire OR ""PM2.5"" OR หมอกควัน OR ไฟป่า OR ""khói mù"" OR ""cháy rừng"") sourcecountry:malaysia",https://www.utusan.com.my/luar-negara/2026/09/naib-presiden-indonesia-minta-maaf-kepada-penduduk-kerana-jerebu,naib presiden indonesia minta maaf kepada penduduk kerana jerebu
印尼野火相关呼吸疾病病例激增 9天内增加逾一倍,https://www.zaobao.com.sg/news/sea/story20260910-9659747,2026-09-10 17:00:00+00:00,zaobao.com.sg,Chinese,Singapore,https://cassette.sphdigital.com.sg/image/zaobao/488cf808b9dad395cf1d31ab2cf24651502660587fd81ef6e393313748558c02,"Malaysia, Singapore","(haze OR smog OR jerebu OR karhutla OR ""forest fire"" OR wildfire OR ""PM2.5"" OR หมอกควัน OR ไฟป่า OR ""khói mù"" OR ""cháy rừng"") sourcecountry:singapore",https://www.zaobao.com.sg/news/sea/story20260910-9659747,9
Viską niokojant gaisrams tenka gelbėti ir nykstančias rūšis : į pagalbą skubėjo orangutanams,https://www.lrytas.lt/gamta/fauna/2026/09/10/news/viska-niokojant-gaisrams-tenka-gelbeti-ir-nykstancias-rusis-i-pagalba-skubejo-orangutanams-43933223/,2026-09-10 16:15:00+00:00,lrytas.lt,Lithuanian,Lithuania,https://media.lrytas.lt/images/2026/09/10/155716682-2e7c42f0-6539-4bbc-8403-010cbf200b0c.jpg,Singapore,"(haze OR smog OR jerebu OR karhutla OR ""forest fire"" OR wildfire) Singapore",https://www.lrytas.lt/gamta/fauna/2026/09/10/news/viska-niokojant-gaisrams-tenka-gelbeti-ir-nykstancias-rusis-i-pagalba-skubejo-orangutanams-43933223,visk niokojant gaisrams tenka gelb ti ir nykstan ias r is pagalb skub jo orangutanams
Children health at risk in south Borneo as El Niño intensifies Indonesia wildfires,https://news.mongabay.com/2026/09/childrens-health-at-risk-in-south-borneo-as-el-nino-intensifies-indonesia-wildfires/,2026-09-10 16:15:00+00:00,news.mongabay.com,English,Indonesia,https://imgs.mongabay.com/wp-content/uploads/sites/20/2026/09/10131034/Raina-dan-Raihan-2-1200x800-1.jpg,"Indonesia, Malaysia","(haze OR smog OR jerebu OR karhutla OR ""forest fire"" OR wildfire OR ""PM2.5"" OR หมอกควัน OR ไฟป่า OR ""khói mù"" OR ""cháy rừng"") sourcecountry:indonesia",https://news.mongabay.com/2026/09/childrens-health-at-risk-in-south-borneo-as-el-nino-intensifies-indonesia-wildfires,children health at risk in south borneo as el ni o intensifies indonesia wildfires
Air quality returns to moderate range in central Singapore,https://www.channelnewsasia.com/singapore/haze-air-quality-unhealthy-psi-sep-10-nea-6376561,2026-09-10 15:45:00+00:00,channelnewsasia.com,English,United States,"https://dam.mediacorp.sg/image/upload/s--wDlw_tUo--/c_crop,h_1124,w_1998,x_0,y_182/c_fill,g_auto,h_338,w_600/fl_relative,g_south_east,l_mediacorp:cna:watermark:2021-08:cna,w_0.1/f_auto,q_auto/v1/mediacorp/cna/image/2026/09/04/img_9325.jpg?itok=BabHE9cz",Singapore,"(haze OR smog OR jerebu OR karhutla OR ""forest fire"" OR wildfire) Singapore",https://www.channelnewsasia.com/singapore/haze-air-quality-unhealthy-psi-sep-10-nea-6376561,air quality returns to moderate range in central singapore
槟岛市政厅2027财案料赤字4890万 较今年缩减2015万令吉 | 北马 | 地方,https://www.orientaldaily.com.my/news/north/2026/09/10/846975,2026-09-10 15:15:00+00:00,orientaldaily.com.my,Chinese,Malaysia,https://www.orientaldaily.com.my/storage/resize_cache/images/uploads/news-cover/2026/SEP_2026/20260910/pg0910k01.jpg/2e34c707249ba802f9a99495845d1068.jpg,Malaysia,"(haze OR smog OR jerebu OR karhutla OR ""forest fire"" OR wildfire OR ""PM2.5"" OR หมอกควัน OR ไฟป่า OR ""khói mù"" OR ""cháy rừng"") sourcecountry:malaysia",https://www.orientaldaily.com.my/news/north/2026/09/10/846975,2027 4890 2015
"Indonesian wildfires cause respiratory infections to double in a week , health ministry says",https://mymixfm.com/2026/09/10/indonesian-wildfires-cause-respiratory-infections-to-double-in-a-week-health-ministry-says/,2026-09-10 14:30:00+00:00,mymixfm.com,English,United States,https://storage.googleapis.com/media.mwcradio.com/mimesis/2026-09/10/2026-09-10T102954Z_2_LYNXMPEM890WL_RTROPTP_3_ASIA-WEATHER-INDONESIA-WILDFIRE.JPG,Malaysia,"(haze OR smog OR jerebu OR karhutla OR ""forest fire"" OR wildfire) Malaysia",https://mymixfm.com/2026/09/10/indonesian-wildfires-cause-respiratory-infections-to-double-in-a-week-health-ministry-says,indonesian wildfires cause respiratory infections to double in a week health ministry says
Haze update for Sept 10 : 24 - hour PSI in central region remains in unhealthy range,https://www.asiaone.com:443/singapore/haze-situation-10-september-psi-singapore-unhealthy,2026-09-10 14:30:00+00:00,asiaone.com,English,Singapore,https://media.asiaone.com/sites/default/files/styles/article_top_image/public/original_images/Sep2026/Singapore%20haze%20situation%20on%2010%20September.jpg?itok=P1uds_Fx,Singapore,"(haze OR smog OR jerebu OR karhutla OR ""forest fire"" OR wildfire OR ""PM2.5"" OR หมอกควัน OR ไฟป่า OR ""khói mù"" OR ""cháy rừng"") sourcecountry:singapore",https://www.asiaone.com:443/singapore/haze-situation-10-september-psi-singapore-unhealthy,haze update for sept 10 24 hour psi in central region remains in unhealthy range
Indonesia rescues six orang utans from fires in a week,https://www.thestar.com.my/aseanplus/aseanplus-news/2026/09/10/indonesia-rescues-six-orang-utans-from-fires-in-a-week,2026-09-10 14:15:00+00:00,thestar.com.my,English,Malaysia,https://apicms.thestar.com.my/uploads/images/2026/09/10/4104230.jpg,Malaysia,"(haze OR smog OR jerebu OR karhutla OR ""forest fire"" OR wildfire OR ""PM2.5"" OR หมอกควัน OR ไฟป่า OR ""khói mù"" OR ""cháy rừng"") sourcecountry:malaysia",https://www.thestar.com.my/aseanplus/aseanplus-news/2026/09/10/indonesia-rescues-six-orang-utans-from-fires-in-a-week,indonesia rescues six orang utans from fires in a week
林火烧毁家园 印尼一周救6只红毛猩猩 | 国际,https://www.orientaldaily.com.my/news/international/2026/09/10/846941,2026-09-10 11:45:00+00:00,orientaldaily.com.my,Chinese,Malaysia,https://www.orientaldaily.com.my/storage/resize_cache/images/uploads/news-cover/2026/SEP_2026/20260910/Indonesia.jpg/40a481321d0e05e122fc7fe18451d955.jpg,"Malaysia, Singapore","(haze OR smog OR jerebu OR karhutla OR ""forest fire"" OR wildfire OR ""PM2.5"" OR หมอกควัน OR ไฟป่า OR ""khói mù"" OR ""cháy rừng"") sourcecountry:malaysia",https://www.orientaldaily.com.my/news/international/2026/09/10/846941,6
"Krisis perubahan iklim , daya saing pembuatan jadi fokus Belanjawan Selangor 2027",https://www.utusan.com.my/nasional/2026/09/krisis-perubahan-iklim-daya-saing-pembuatan-jadi-fokus-belanjawan-selangor-2027/,2026-09-10 11:45:00+00:00,utusan.com.my,Malay,Malaysia,https://www.utusan.com.my/wp-content/uploads/2026/09/AMIR.jpeg,Malaysia,"(haze OR smog OR jerebu OR karhutla OR ""forest fire"" OR wildfire OR ""PM2.5"" OR หมอกควัน OR ไฟป่า OR ""khói mù"" OR ""cháy rừng"") sourcecountry:malaysia",https://www.utusan.com.my/nasional/2026/09/krisis-perubahan-iklim-daya-saing-pembuatan-jadi-fokus-belanjawan-selangor-2027,krisis perubahan iklim daya saing pembuatan jadi fokus belanjawan selangor 2027
Haze again : What havent we fixed ? ,https://aliran.com/web-specials/haze-again-what-havent-we-fixed,2026-09-10 11:15:00+00:00,aliran.com,English,Malaysia,https://aliran.com/wp-content/uploads/2019/09/Haze-in-Kuching-2019.jpeg,Malaysia,"(haze OR smog OR jerebu OR karhutla OR ""forest fire"" OR wildfire OR ""PM2.5"" OR หมอกควัน OR ไฟป่า OR ""khói mù"" OR ""cháy rừng"") sourcecountry:malaysia",https://aliran.com/web-specials/haze-again-what-havent-we-fixed,haze again what havent we fixed
Singapore air quality returns to unhealthy range,http://www.singaporestar.com/news/279298053/singapore-air-quality-returns-to-unhealthy-range,2026-09-10 11:00:00+00:00,singaporestar.com,English,Singapore,,Singapore,"(haze OR smog OR jerebu OR karhutla OR ""forest fire"" OR wildfire OR ""PM2.5"" OR หมอกควัน OR ไฟป่า OR ""khói mù"" OR ""cháy rừng"") sourcecountry:singapore",http://www.singaporestar.com/news/279298053/singapore-air-quality-returns-to-unhealthy-range,singapore air quality returns to unhealthy range
第42个教师节致敬福州一线教师 - 新闻中心,http://fz.fjsen.com/2026-09/10/content_32250740.htm,2026-09-10 10:15:00+00:00,fz.fjsen.com,Chinese,China,,Vietnam,"(haze OR smog OR jerebu OR karhutla OR ""forest fire"" OR wildfire) Vietnam",http://fz.fjsen.com/2026-09/10/content_32250740.htm,42
第26届万盏华灯庆中秋  中华火炬  开跑 烟霾来袭无阻从柔佛古庙出发 | 南马 | 地方,https://www.orientaldaily.com.my/news/south/2026/09/10/846911,2026-09-10 10:00:00+00:00,orientaldaily.com.my,Chinese,Malaysia,https://www.orientaldaily.com.my/storage/resize_cache/images/uploads/news-cover/2026/SEP_2026/20260910/20260910jb06.jpg/c82794bd132ff15defa60b8f83aeccfa.jpg,Malaysia,"(haze OR smog OR jerebu OR karhutla OR ""forest fire"" OR wildfire OR ""PM2.5"" OR หมอกควัน OR ไฟป่า OR ""khói mù"" OR ""cháy rừng"") sourcecountry:malaysia",https://www.orientaldaily.com.my/news/south/2026/09/10/846911,26
槟市厅将设4座气象站 监测市区烟霾现象光华日报 | 1910年创刊 创新每一天生活,https://www.kwongwah.com.my/20260910/%E6%A7%9F%E5%B8%82%E5%8E%85%E5%B0%86%E8%AE%BE4%E5%BA%A7%E6%B0%94%E8%B1%A1%E7%AB%99-%E7%9B%91%E6%B5%8B%E5%B8%82%E5%8C%BA%E7%83%9F%E9%9C%BE%E7%8E%B0%E8%B1%A1/,2026-09-10 09:00:00+00:00,kwongwah.com.my,Chinese,Malaysia,https://www.kwongwah.com.my/wp-content/uploads/2026/09/w036-2.jpg,Malaysia,"(haze OR smog OR jerebu OR karhutla OR ""forest fire"" OR wildfire OR ""PM2.5"" OR หมอกควัน OR ไฟป่า OR ""khói mù"" OR ""cháy rừng"") sourcecountry:malaysia",https://www.kwongwah.com.my/20260910/%E6%A7%9F%E5%B8%82%E5%8E%85%E5%B0%86%E8%AE%BE4%E5%BA%A7%E6%B0%94%E8%B1%A1%E7%AB%99-%E7%9B%91%E6%B5%8B%E5%B8%82%E5%8C%BA%E7%83%9F%E9%9C%BE%E7%8E%B0%E8%B1%A1,4 1910
An Giang dự kiến chi hơn 387 tỷ đồng cho lĩnh vực quan trọng này,https://danviet.vn/an-giang-du-kien-chi-hon-387-ty-dong-cho-linh-vuc-quan-trong-nay-d1458132.html,2026-09-10 08:15:00+00:00,danviet.vn,Vietnamese,Vietnam,https://t.ex-cdn.com/danviet.vn/800w/files/news/2026/09/09/z7075586664105_665361093c28d20bb5949cad5c303587-2233.jpg,Vietnam,"(haze OR smog OR jerebu OR karhutla OR ""forest fire"" OR wildfire OR ""PM2.5"" OR หมอกควัน OR ไฟป่า OR ""khói mù"" OR ""cháy rừng"") sourcecountry:vietnam",https://danviet.vn/an-giang-du-kien-chi-hon-387-ty-dong-cho-linh-vuc-quan-trong-nay-d1458132.html,an giang d ki n chi h n 387 t ng cho l nh v c quan tr ng n y
Japan deploys equipment to Borneo to help fight wildfires causing toxic haze,https://abcnews.com/International/wireStory/japan-deploys-equipment-indonesias-borneo-fight-wildfires-causing-136327479,2026-09-10 08:15:00+00:00,abcnews.com,English,United States,https://i.abcnewsfe.com/a/5e48f05d-4bbd-4524-820a-11ee81e08635/wirestory_4e422e76372f15bbf6d6e09265d1f39c_16x9.jpg,Malaysia,"(haze OR smog OR jerebu OR karhutla OR ""forest fire"" OR wildfire) Malaysia",https://abcnews.com/International/wireStory/japan-deploys-equipment-indonesias-borneo-fight-wildfires-causing-136327479,japan deploys equipment to borneo to help fight wildfires causing toxic haze
Tôi hít khói mỗi ngày ở Hà Nội vì đi đâu cũng thấy  đốt  ,https://vnexpress.net/toi-hit-khoi-moi-ngay-o-ha-noi-vi-di-dau-cung-thay-dot-5118706.html,2026-09-10 07:00:00+00:00,vnexpress.net,Vietnamese,Vietnam,https://i2-vnexpress.vnecdn.net/2026/09/10/dotrac177520465060761775204696-5886-3078-1789011257.jpg?&q=100&dpr=1&fit=crop&s=u2ycUW3melP0iWXPfAGTXg,Vietnam,"(haze OR smog OR jerebu OR karhutla OR ""forest fire"" OR wildfire OR ""PM2.5"" OR หมอกควัน OR ไฟป่า OR ""khói mù"" OR ""cháy rừng"") sourcecountry:vietnam",https://vnexpress.net/toi-hit-khoi-moi-ngay-o-ha-noi-vi-di-dau-cung-thay-dot-5118706.html,t i h t kh i m i ng y h n i v i u c ng th y t
Fifth Dry Day at 37°C as City Ranks 2nd Most Polluted in the World,https://www.lhrtimes.com/2026/09/10/lahore-weather-update-10-sept-2026-37c-air-quality-rank-16/,2026-09-10 07:00:00+00:00,lhrtimes.com,English,Pakistan,https://www.lhrtimes.com/wp-content/uploads/2026/09/Lahore_Weather_AQI_10_Sept.jpg,Malaysia,"(haze OR smog OR jerebu OR karhutla OR ""forest fire"" OR wildfire) Malaysia",https://www.lhrtimes.com/2026/09/10/lahore-weather-update-10-sept-2026-37c-air-quality-rank-16,fifth dry day at 37 c as city ranks 2nd most polluted in the world
Indonesian Navy eyes underwater drones to boost maritime defense,https://en.antaranews.com/news/430787/indonesian-navy-eyes-underwater-drones-to-boost-maritime-defense,2026-09-10 07:00:00+00:00,en.antaranews.com,English,Indonesia,https://cdn.antaranews.com/cache/1200x800/2026/09/09/1001626581.jpg,Indonesia,"(haze OR smog OR jerebu OR karhutla OR ""forest fire"" OR wildfire OR ""PM2.5"" OR หมอกควัน OR ไฟป่า OR ""khói mù"" OR ""cháy rừng"") sourcecountry:indonesia",https://en.antaranews.com/news/430787/indonesian-navy-eyes-underwater-drones-to-boost-maritime-defense,indonesian navy eyes underwater drones to boost maritime defense
Toxic haze chokes lungs,http://global.chinadaily.com.cn/a/202609/10/WS6aa206cde4b06d4aa055d40c.html,2026-09-10 06:15:00+00:00,global.chinadaily.com.cn,English,China,http://img2.chinadaily.com.cn/images/202609/10/6aa206cde4b06d4a392bb922.png,Malaysia,"(haze OR smog OR jerebu OR karhutla OR ""forest fire"" OR wildfire) Malaysia",http://global.chinadaily.com.cn/a/202609/10/WS6aa206cde4b06d4aa055d40c.html,toxic haze chokes lungs
"Karhutla Gunung Ciremai Capai 40 Hektare , Sejumlah Titik Masih Terbakar",https://bandung.bisnis.com/read/20260910/549/2002993/karhutla-gunung-ciremai-capai-40-hektare-sejumlah-titik-masih-terbakar,2026-09-10 06:15:00+00:00,bandung.bisnis.com,Indonesian,Indonesia,https://images.bisnis.com/posts/2026/09/10/2002993/karhutla_ciremai_1789012316.jpg,Indonesia,"(haze OR smog OR jerebu OR karhutla OR ""forest fire"" OR wildfire OR ""PM2.5"" OR หมอกควัน OR ไฟป่า OR ""khói mù"" OR ""cháy rừng"") sourcecountry:indonesia",https://bandung.bisnis.com/read/20260910/549/2002993/karhutla-gunung-ciremai-capai-40-hektare-sejumlah-titik-masih-terbakar,karhutla gunung ciremai capai 40 hektare sejumlah titik masih terbakar
இந்தோனீசிய காட்டுத்தீ : 139 பேர் கைது,https://www.tamilmurasu.com.sg/world/139-people-arrested-starting-ongoing-forest-fires-indonesia,2026-09-10 05:45:00+00:00,tamilmurasu.com.sg,Tamil,Singapore,https://cassette.sphdigital.com.sg/image/tamilmurasu/c259126cb027869271f78f50ccf38b708f98b1bfb8cf70853f89677a69b7ee0c,Singapore,"(haze OR smog OR jerebu OR karhutla OR ""forest fire"" OR wildfire OR ""PM2.5"" OR หมอกควัน OR ไฟป่า OR ""khói mù"" OR ""cháy rừng"") sourcecountry:singapore",https://www.tamilmurasu.com.sg/world/139-people-arrested-starting-ongoing-forest-fires-indonesia,139
Air quality in central Singapore remains in unhealthy range as PSI hits 105,https://www.straitstimes.com/singapore/air-quality-in-central-singapore-remains-in-unhealthy-range-as-psi-hits-105,2026-09-10 05:00:00+00:00,straitstimes.com,English,Singapore,https://cassette.sphdigital.com.sg/image/straitstimes/288f6ffb2fca96d7b2ea122d77bd5daf01e4043583c4c7a4f518d2ac0185914d,"Malaysia, Singapore","(haze OR smog OR jerebu OR karhutla OR ""forest fire"" OR wildfire OR ""PM2.5"" OR หมอกควัน OR ไฟป่า OR ""khói mù"" OR ""cháy rừng"") sourcecountry:singapore",https://www.straitstimes.com/singapore/air-quality-in-central-singapore-remains-in-unhealthy-range-as-psi-hits-105,air quality in central singapore remains in unhealthy range as psi hits 105
Singapore wakes up to unhealthy air quality as 24 - hour PSI hits 105 in the central region,https://www.asiaone.com/singapore/haze-singapore-psi-reading-unhealthy-central,2026-09-10 04:30:00+00:00,asiaone.com,English,Singapore,https://www.asiaone.com/sites/default/files/styles/article_top_image/public/original_images/Sep2026/Haze%20Singapore%2010%20September%20Morning.jpg?itok=vj-9oSFw,Singapore,"(haze OR smog OR jerebu OR karhutla OR ""forest fire"" OR wildfire OR ""PM2.5"" OR หมอกควัน OR ไฟป่า OR ""khói mù"" OR ""cháy rừng"") sourcecountry:singapore",https://www.asiaone.com/singapore/haze-singapore-psi-reading-unhealthy-central,singapore wakes up to unhealthy air quality as 24 hour psi hits 105 in the central region
"Local , foreign firms own largest burned concessions in Kalimantan - Society",http://www.thejakartapost.com/indonesia/2026/09/10/local-foreign-firms-own-largest-burned-concessions-in-kalimantan,2026-09-10 04:15:00+00:00,thejakartapost.com,English,Indonesia,https://img.jakpost.net/c/2026/09/09/2026_09_09_179573_1788958953._large.jpg,"Indonesia, Singapore","(haze OR smog OR jerebu OR karhutla OR ""forest fire"" OR wildfire OR ""PM2.5"" OR หมอกควัน OR ไฟป่า OR ""khói mù"" OR ""cháy rừng"") sourcecountry:indonesia",http://www.thejakartapost.com/indonesia/2026/09/10/local-foreign-firms-own-largest-burned-concessions-in-kalimantan,local foreign firms own largest burned concessions in kalimantan society
今早烟霾大有改善 全国无  非常不健康  及  危险  13地空污指数仍不健康 | 国内,https://www.orientaldaily.com.my/news/nation/2026/09/10/846745,2026-09-10 04:00:00+00:00,orientaldaily.com.my,Chinese,Malaysia,https://www.orientaldaily.com.my/storage/resize_cache/images/uploads/news-cover/2026/SEP_2026/20260910/WhatsApp_Image_2026-09-10_at_9.51.05_AM.jpeg/2252ae1a710cae1dcf46f1178e192048.jpeg,"Malaysia, Vietnam","(haze OR smog OR jerebu OR karhutla OR ""forest fire"" OR wildfire OR ""PM2.5"" OR หมอกควัน OR ไฟป่า OR ""khói mù"" OR ""cháy rừng"") sourcecountry:malaysia",https://www.orientaldaily.com.my/news/nation/2026/09/10/846745,13
欧盟气候监测机构 ： 全球8月气温创历史新高 | 国际,https://www.orientaldaily.com.my/news/international/2026/09/10/846766,2026-09-10 04:00:00+00:00,orientaldaily.com.my,Chinese,Malaysia,https://www.orientaldaily.com.my/storage/resize_cache/images/uploads/news-cover/000_C2BB464.jpg/75054ef73b3b441fc563d07966ad1fc5.jpg,Malaysia,"(haze OR smog OR jerebu OR karhutla OR ""forest fire"" OR wildfire OR ""PM2.5"" OR หมอกควัน OR ไฟป่า OR ""khói mù"" OR ""cháy rừng"") sourcecountry:malaysia",https://www.orientaldaily.com.my/news/international/2026/09/10/846766,8
World Watch | The Shillong Times,https://theshillongtimes.com/2026/09/10/world-watch-873/,2026-09-10 03:45:00+00:00,theshillongtimes.com,English,India,,Thailand,"(haze OR smog OR jerebu OR karhutla OR ""forest fire"" OR wildfire) Thailand",https://theshillongtimes.com/2026/09/10/world-watch-873,world watch the shillong times
Serah  bil kerugian  akibat jerebu kepada Indonesia,https://www.sinarharian.com.my/article/795600/berita/nasional/serah-bil-kerugian-akibat-jerebu-kepada-indonesia,2026-09-10 03:00:00+00:00,sinarharian.com.my,Malay,Malaysia,https://www.sinarharian.com.my/uploads/images/2026/09/10/3642099.webp,"Malaysia, Singapore","(haze OR smog OR jerebu OR karhutla OR ""forest fire"" OR wildfire OR ""PM2.5"" OR หมอกควัน OR ไฟป่า OR ""khói mù"" OR ""cháy rừng"") sourcecountry:malaysia",https://www.sinarharian.com.my/article/795600/berita/nasional/serah-bil-kerugian-akibat-jerebu-kepada-indonesia,serah bil kerugian akibat jerebu kepada indonesia
"Haze not on agenda , but side discussions to be held during Asean health minister meeting",https://www.thestar.com.my/news/nation/2026/09/10/haze-not-on-agenda-but-side-discussions-to-be-held-during-asean-health-ministers039-meeting,2026-09-10 03:00:00+00:00,thestar.com.my,English,Malaysia,https://apicms.thestar.com.my/uploads/images/2026/09/10/4102924.jpg,Malaysia,"(haze OR smog OR jerebu OR karhutla OR ""forest fire"" OR wildfire OR ""PM2.5"" OR หมอกควัน OR ไฟป่า OR ""khói mù"" OR ""cháy rừng"") sourcecountry:malaysia",https://www.thestar.com.my/news/nation/2026/09/10/haze-not-on-agenda-but-side-discussions-to-be-held-during-asean-health-ministers039-meeting,haze not on agenda but side discussions to be held during asean health minister meeting
"What haze does to your airways , and how to ease irritation",https://www.freemalaysiatoday.com/category/leisure/2026/09/10/what-haze-does-to-your-airways-and-how-to-ease-irritation,2026-09-10 02:00:00+00:00,freemalaysiatoday.com,English,Malaysia,"https://www.freemalaysiatoday.com/cdn-cgi/image/quality=80,format=auto,fit=cover,dpr=1,width=1200,height=630,gravity=center/https://media.freemalaysiatoday.com/wp-content/uploads/2023/05/61907307-sneeze-lifestyle-emel-pic-150523-1.jpg",Malaysia,"(haze OR smog OR jerebu OR karhutla OR ""forest fire"" OR wildfire OR ""PM2.5"" OR หมอกควัน OR ไฟป่า OR ""khói mù"" OR ""cháy rừng"") sourcecountry:malaysia",https://www.freemalaysiatoday.com/category/leisure/2026/09/10/what-haze-does-to-your-airways-and-how-to-ease-irritation,what haze does to your airways and how to ease irritation
Visa Infinite Tastes : Beyond the Menu Opens the Door to Distinctive Culinary Experiences with Thailand Acclaimed Chefs,https://www.newswit.com/en/iek7t47f9xiqvm6cbkiabkiuyn8y1j3v,2026-09-10 02:00:00+00:00,newswit.com,English,Thailand,,Thailand,"(haze OR smog OR jerebu OR karhutla OR ""forest fire"" OR wildfire OR ""PM2.5"" OR หมอกควัน OR ไฟป่า OR ""khói mù"" OR ""cháy rừng"") sourcecountry:thailand",https://www.newswit.com/en/iek7t47f9xiqvm6cbkiabkiuyn8y1j3v,visa infinite tastes beyond the menu opens the door to distinctive culinary experiences with thailand acclaimed chefs
"Cháy rừng nghiêm trọng , Indonesia tạm đóng cửa nhiều trường học",https://kienthuc.net.vn/chay-rung-nghiem-trong-indonesia-tam-dong-cua-nhieu-truong-hoc-post1631850.html,2026-09-10 01:00:00+00:00,kienthuc.net.vn,Vietnamese,Vietnam,https://cdn.kienthuc.net.vn/images/Q7VCE_QXpzTfer-7B4OtOh7U-rFHMxrTGtkZmqszsUTxXqPPKeQAtdirqi38LUdrazI3j2QUWgCTJyFg7zPHqw/apchayrungoindonesia.jpg.webp,Vietnam,"(haze OR smog OR jerebu OR karhutla OR ""forest fire"" OR wildfire OR ""PM2.5"" OR หมอกควัน OR ไฟป่า OR ""khói mù"" OR ""cháy rừng"") sourcecountry:vietnam",https://kienthuc.net.vn/chay-rung-nghiem-trong-indonesia-tam-dong-cua-nhieu-truong-hoc-post1631850.html,ch y r ng nghi m tr ng indonesia t m ng c a nhi u tr ng h c
High - risk ? Stay out of the haze,https://www.thestar.com.my/news/nation/2026/09/10/high-risk-stay-out-of-the-haze,2026-09-10 01:00:00+00:00,thestar.com.my,English,Malaysia,https://apicms.thestar.com.my/uploads/images/2026/09/10/4102526.jpg,Malaysia,"(haze OR smog OR jerebu OR karhutla OR ""forest fire"" OR wildfire OR ""PM2.5"" OR หมอกควัน OR ไฟป่า OR ""khói mù"" OR ""cháy rừng"") sourcecountry:malaysia",https://www.thestar.com.my/news/nation/2026/09/10/high-risk-stay-out-of-the-haze,high risk stay out of the haze
25 years on : Remembering the impact of the 9 / 11 attacks,https://www.straitstimes.com/world/united-states/911-25-years-on-for-100-million-americans-its-not-even-a-memory,2026-09-10 00:30:00+00:00,straitstimes.com,English,Singapore,https://cassette.sphdigital.com.sg/image/straitstimes/41e35f68e7bcc4a92d11548c16afade4bd99ed0c7994dde4944d806f23363932,Singapore,"(haze OR smog OR jerebu OR karhutla OR ""forest fire"" OR wildfire OR ""PM2.5"" OR หมอกควัน OR ไฟป่า OR ""khói mù"" OR ""cháy rừng"") sourcecountry:singapore",https://www.straitstimes.com/world/united-states/911-25-years-on-for-100-million-americans-its-not-even-a-memory,25 years on remembering the impact of the 9 11 attacks
"GLOBAL MARKETS - Wall Street Dips as $100 Oil , Inflation Worries Weigh on Investors",https://english.kontan.co.id/news/global-markets-wall-street-dips-as-100-oil-inflation-worries-weigh-on-investors,2026-09-10 00:30:00+00:00,english.kontan.co.id,English,Indonesia,https://foto.kontan.co.id/8hwoqra7b6UZKgEEamPoadGSsOw=/smart/filters:format(webp)/2026/09/10/454387487p.jpg,Indonesia,"(haze OR smog OR jerebu OR karhutla OR ""forest fire"" OR wildfire OR ""PM2.5"" OR หมอกควัน OR ไฟป่า OR ""khói mù"" OR ""cháy rừng"") sourcecountry:indonesia",https://english.kontan.co.id/news/global-markets-wall-street-dips-as-100-oil-inflation-worries-weigh-on-investors,global markets wall street dips as 100 oil inflation worries weigh on investors
Marlan Space and Loft Orbital join forces with Mistral and global space industry leaders to build the future of agentic AI in space with $1bln,https://www.zawya.com/en/press-release/companies-news/marlan-space-and-loft-orbital-join-forces-with-mistral-and-global-space-industry-leaders-to-build-the-future-of-agentic-ai-in-space-with-1bln-490853,2026-09-09 23:30:00+00:00,zawya.com,English,United Arab Emirates,https://media.zawya.com/prod/images/gm_preview/822d28ea1493-a534032a-3e5b-4140-a8a9-2567e1c9e8b8.jpg,Singapore,"(haze OR smog OR jerebu OR karhutla OR ""forest fire"" OR wildfire) Singapore",https://www.zawya.com/en/press-release/companies-news/marlan-space-and-loft-orbital-join-forces-with-mistral-and-global-space-industry-leaders-to-build-the-future-of-agentic-ai-in-space-with-1bln-490853,marlan space and loft orbital join forces with mistral and global space industry leaders to build the future of agentic ai in space with 1bln
"Wildfires continue to rage across Indonesia , 139 arrested for arson - Archipelago",http://www.thejakartapost.com/indonesia/2026/09/10/wildfires-continue-to-rage-across-indonesia-139-arrested-for-arson,2026-09-09 23:30:00+00:00,thejakartapost.com,English,Indonesia,https://img.jakpost.net/c/2026/09/03/2026_09_03_179379_1788408616._large.jpg,Indonesia,"(haze OR smog OR jerebu OR karhutla OR ""forest fire"" OR wildfire OR ""PM2.5"" OR หมอกควัน OR ไฟป่า OR ""khói mù"" OR ""cháy rừng"") sourcecountry:indonesia",http://www.thejakartapost.com/indonesia/2026/09/10/wildfires-continue-to-rage-across-indonesia-139-arrested-for-arson,wildfires continue to rage across indonesia 139 arrested for arson archipelago
 《 紐時 》 評比全球72城市氣候韌性 台北排名倒數第十 ｜ 公視新聞網 PNN,https://news.pts.org.tw/article/826184,2026-09-09 22:00:00+00:00,news.pts.org.tw,Chinese,Taiwan,https://news-data.pts.org.tw/media/294420/conversions/01M225CDY52TVKVK3010M8W04W-cover_lg.webp,Vietnam,"(haze OR smog OR jerebu OR karhutla OR ""forest fire"" OR wildfire) Vietnam",https://news.pts.org.tw/article/826184,72 pnn
"Poor air quality detected anew in Luzon , Visayas",https://www.philstar.com/nation/2026/09/10/2555214/poor-air-quality-detected-anew-luzon-visayas,2026-09-09 18:15:00+00:00,philstar.com,English,Philippines,https://media.philstar.com/photos/2026/09/09/22026-04-1822-17-38_2026-09-09_22-01-12.jpg,Philippines,"(haze OR smog OR jerebu OR karhutla OR ""forest fire"" OR wildfire OR ""PM2.5"" OR หมอกควัน OR ไฟป่า OR ""khói mù"" OR ""cháy rừng"") sourcecountry:philippines",https://www.philstar.com/nation/2026/09/10/2555214/poor-air-quality-detected-anew-luzon-visayas,poor air quality detected anew in luzon visayas
"Kepler Computing придумала , как побороть дефицит памяти без новых фабрик но быстро вряд ли получится",https://3dnews.ru/1148223/kepler-computing-pridumala-kak-poborot-defitsit-pamyati-bez-novih-fabrik-no-bistro-vryad-li-poluchitsya,2026-09-09 16:15:00+00:00,3dnews.ru,Russian,Russia,https://cdn.3dnews.ru/assets/external/illustrations/2026/09/09/1148223/kepler_1.jpg,Singapore,"(haze OR smog OR jerebu OR karhutla OR ""forest fire"" OR wildfire) Singapore",https://3dnews.ru/1148223/kepler-computing-pridumala-kak-poborot-defitsit-pamyati-bez-novih-fabrik-no-bistro-vryad-li-poluchitsya,kepler computing
Malaysian authorities recover remains of all 5 aboard  flying doctor  helicopter after crash,http://www.thegazette.com/news/world/malaysian-authorities-recover-remains-of-all-5-aboard-flying-doctor-helicopter-after-crash/article_659a2eb4-977e-56d0-8f75-d3a11215ec1f.html,2026-09-09 13:30:00+00:00,thegazette.com,English,United States,https://bloximages.chicago2.vip.townnews.com/thegazette.com/content/tncms/custom/image/50cb9843-d559-417a-b66a-17dbf6d1881e.png,Malaysia,"(haze OR smog OR jerebu OR karhutla OR ""forest fire"" OR wildfire) Malaysia",http://www.thegazette.com/news/world/malaysian-authorities-recover-remains-of-all-5-aboard-flying-doctor-helicopter-after-crash/article_659a2eb4-977e-56d0-8f75-d3a11215ec1f.html,malaysian authorities recover remains of all 5 aboard flying doctor helicopter after crash
"BNPB deploys 43 , 000 personnel to fight forest fires in six provinces",https://en.antaranews.com/news/430701/bnpb-deploys-43000-personnel-to-fight-forest-fires-in-six-provinces,2026-09-09 13:30:00+00:00,en.antaranews.com,English,Indonesia,https://cdn.antaranews.com/cache/1200x800/2026/09/08/Polisi-padamkan-karhutla-di-Aceh-Barat-080926-Syf-9.jpg,Indonesia,"(haze OR smog OR jerebu OR karhutla OR ""forest fire"" OR wildfire OR ""PM2.5"" OR หมอกควัน OR ไฟป่า OR ""khói mù"" OR ""cháy rừng"") sourcecountry:indonesia",https://en.antaranews.com/news/430701/bnpb-deploys-43000-personnel-to-fight-forest-fires-in-six-provinces,bnpb deploys 43 000 personnel to fight forest fires in six provinces
Malaysian authorities recover remains of all 5 aboard helicopter after crash,https://abcnews.com/International/wireStory/malaysian-authorities-recover-remains-5-aboard-flying-doctor-136299622,2026-09-09 13:30:00+00:00,abcnews.com,English,United States,https://s.abcnews.com/images/US/abc_news_default_2000x2000_update_16x9_992.jpg,Malaysia,"(haze OR smog OR jerebu OR karhutla OR ""forest fire"" OR wildfire) Malaysia",https://abcnews.com/International/wireStory/malaysian-authorities-recover-remains-5-aboard-flying-doctor-136299622,malaysian authorities recover remains of all 5 aboard helicopter after crash
Arab News | Asia natural disasters must not become financial crises,https://www.arabnews.com/opinion/asias-natural-disasters-must-not-become-financial-crises-3000752,2026-09-09 13:00:00+00:00,arabnews.com,English,Saudi Arabia,,Laos,"(haze OR smog OR jerebu OR karhutla OR ""forest fire"" OR wildfire) Laos",https://www.arabnews.com/opinion/asias-natural-disasters-must-not-become-financial-crises-3000752,arab news asia natural disasters must not become financial crises
Indonesia đối mặt tác động kép từ thiên tai và khủng hoảng môi trường,https://baomoi.com/indonesia-doi-mat-tac-dong-kep-tu-thien-tai-va-khung-hoang-moi-truong-c56013070.epi,2026-09-09 12:15:00+00:00,baomoi.com,Vietnamese,Vietnam,https://baomoi-photo-fbcrawler.bmcdn.me/w1200_r16x9/2026_09_09_293_56013070/d2f38f1f3754de0a8745.jpg,Vietnam,"(haze OR smog OR jerebu OR karhutla OR ""forest fire"" OR wildfire OR ""PM2.5"" OR หมอกควัน OR ไฟป่า OR ""khói mù"" OR ""cháy rừng"") sourcecountry:vietnam",https://baomoi.com/indonesia-doi-mat-tac-dong-kep-tu-thien-tai-va-khung-hoang-moi-truong-c56013070.epi,indonesia i m t t c ng k p t thi n tai v kh ng ho ng m i tr ng
跨境烟霾风险持续 未来24小时空气或达轻度不健康水平,https://www.zaobao.com.sg/news/singapore/story20260909-9652502,2026-09-09 12:00:00+00:00,zaobao.com.sg,Chinese,Singapore,https://cassette.sphdigital.com.sg/image/zaobao/882e1cd8cd826cb87ba304eb83ffba79f627f14f6c49ebdf83c07dbf33a2556a,Singapore,"(haze OR smog OR jerebu OR karhutla OR ""forest fire"" OR wildfire OR ""PM2.5"" OR หมอกควัน OR ไฟป่า OR ""khói mù"" OR ""cháy rừng"") sourcecountry:singapore",https://www.zaobao.com.sg/news/singapore/story20260909-9652502,24
Haze update for Sept 9 : 24 - hour PSI in central region edges closer to unhealthy range,https://www.asiaone.com/singapore/haze-situation-9-september-psi-singapore,2026-09-09 12:00:00+00:00,asiaone.com,English,Singapore,https://media.asiaone.com/sites/default/files/styles/article_top_image/public/original_images/Sep2026/DSC03985%20%281%29.jpg?itok=EASl7p5L,Singapore,"(haze OR smog OR jerebu OR karhutla OR ""forest fire"" OR wildfire OR ""PM2.5"" OR หมอกควัน OR ไฟป่า OR ""khói mù"" OR ""cháy rừng"") sourcecountry:singapore",https://www.asiaone.com/singapore/haze-situation-9-september-psi-singapore,haze update for sept 9 24 hour psi in central region edges closer to unhealthy range
"Indonesian wildfire emissions surge to world highest , data shows",https://www.asiaone.com/asia/indonesian-wildfire-emissions-surge-worlds-highest-data-shows,2026-09-09 12:00:00+00:00,asiaone.com,English,Singapore,https://www.asiaone.com/sites/default/files/styles/article_top_image/public/original_images/Sep2026/wildfire%20indonesia.JPG?itok=kD6npB84,Singapore,"(haze OR smog OR jerebu OR karhutla OR ""forest fire"" OR wildfire OR ""PM2.5"" OR หมอกควัน OR ไฟป่า OR ""khói mù"" OR ""cháy rừng"") sourcecountry:singapore",https://www.asiaone.com/asia/indonesian-wildfire-emissions-surge-worlds-highest-data-shows,indonesian wildfire emissions surge to world highest data shows
助独居长者抗热防霾 红十字会派发关怀礼包与100元电费补贴,https://www.zaobao.com.sg/news/singapore/story20260909-9652556,2026-09-09 12:00:00+00:00,zaobao.com.sg,Chinese,Singapore,https://cassette.sphdigital.com.sg/image/zaobao/a512370c12ec2944b11711dc8104559a6715126677ec83c5f33586d426eb4adc,Singapore,"(haze OR smog OR jerebu OR karhutla OR ""forest fire"" OR wildfire OR ""PM2.5"" OR หมอกควัน OR ไฟป่า OR ""khói mù"" OR ""cháy rừng"") sourcecountry:singapore",https://www.zaobao.com.sg/news/singapore/story20260909-9652556,100
Quán ăn  hấp hối  vì trục đường chính thi công sửa chữa kéo dài,https://thanhnien.vn/quan-an-hap-hoi-vi-truc-duong-chinh-thi-cong-sua-chua-keo-dai-185260909165639709.htm,2026-09-09 11:15:00+00:00,thanhnien.vn,Vietnamese,Vietnam,https://thanhnien.mediacdn.vn/zoom/1200_630/325084952045817856/2026/9/9/base64-1788947569167920664274.jpeg,Vietnam,"(haze OR smog OR jerebu OR karhutla OR ""forest fire"" OR wildfire OR ""PM2.5"" OR หมอกควัน OR ไฟป่า OR ""khói mù"" OR ""cháy rừng"") sourcecountry:vietnam",https://thanhnien.vn/quan-an-hap-hoi-vi-truc-duong-chinh-thi-cong-sua-chua-keo-dai-185260909165639709.htm,qu n n h p h i v tr c ng ch nh thi c ng s a ch a k o d i
"Tackling climate disasters together , safeguarding our shared future",http://www.philippinetimes.com/news/279295900/tackling-climate-disasters-together-safeguarding-our-shared-future,2026-09-09 11:15:00+00:00,philippinetimes.com,English,Philippines,,"Philippines, Singapore","(haze OR smog OR jerebu OR karhutla OR ""forest fire"" OR wildfire OR ""PM2.5"" OR หมอกควัน OR ไฟป่า OR ""khói mù"" OR ""cháy rừng"") sourcecountry:philippines",http://www.philippinetimes.com/news/279295900/tackling-climate-disasters-together-safeguarding-our-shared-future,tackling climate disasters together safeguarding our shared future
"Indonesian wildfire emissions surge to world highest , data shows | WTVB | 1590 AM · 95 . 5 FM",https://wtvbam.com/2026/09/09/indonesian-wildfire-emissions-surge-to-worlds-highest-data-shows/,2026-09-09 11:00:00+00:00,wtvbam.com,English,United States,https://storage.googleapis.com/media.mwcradio.com/mimesis/2026-09/09/2026-09-09T080353Z_1_LYNXMPEM880LO_RTROPTP_3_ASIA-WEATHER-INDONESIA-WILDFIRE.JPG,Malaysia,"(haze OR smog OR jerebu OR karhutla OR ""forest fire"" OR wildfire) Malaysia",https://wtvbam.com/2026/09/09/indonesian-wildfire-emissions-surge-to-worlds-highest-data-shows,indonesian wildfire emissions surge to world highest data shows wtvb 1590 am 95 5 fm
"GLOBAL MARKETS - Oil Tops $100 , European Stocks Drop on Fresh Gulf Attacks",https://english.kontan.co.id/news/global-markets-oil-tops-100-european-stocks-drop-on-freshgulf-attacks,2026-09-09 11:00:00+00:00,english.kontan.co.id,English,Indonesia,https://foto.kontan.co.id/UoaYJZeVduBPi4D5OI65spTRSBE=/smart/filters:format(webp)/2026/08/20/906111967p.jpg,Indonesia,"(haze OR smog OR jerebu OR karhutla OR ""forest fire"" OR wildfire OR ""PM2.5"" OR หมอกควัน OR ไฟป่า OR ""khói mù"" OR ""cháy rừng"") sourcecountry:indonesia",https://english.kontan.co.id/news/global-markets-oil-tops-100-european-stocks-drop-on-freshgulf-attacks,global markets oil tops 100 european stocks drop on fresh gulf attacks
More schools close in Indonesia due to worsening haze from forest fires,https://abcnews.com/International/wireStory/schools-close-indonesia-due-worsening-haze-forest-fires-136295197,2026-09-09 11:00:00+00:00,abcnews.com,English,United States,https://i.abcnewsfe.com/a/ff82554d-954a-4838-85c6-1efd50c18439/wirestory_16095c9a33ff1653f74a3445645c8b8a_16x9.jpg,Singapore,"(haze OR smog OR jerebu OR karhutla OR ""forest fire"" OR wildfire) Singapore",https://abcnews.com/International/wireStory/schools-close-indonesia-due-worsening-haze-forest-fires-136295197,more schools close in indonesia due to worsening haze from forest fires
"Jerebu , hanya Serian catat IPU sangat tidak sihat",https://www.kosmo.com.my/2026/09/09/jerebu-hanya-serian-catat-ipu-sangat-tidak-sihat/,2026-09-09 10:45:00+00:00,kosmo.com.my,Malay,Malaysia,http://www.kosmo.com.my/wp-content/uploads/2026/09/BER1543710_SK04_01092026_JEREBU_SARAWAK-mpr.jpg,Malaysia,"(haze OR smog OR jerebu OR karhutla OR ""forest fire"" OR wildfire OR ""PM2.5"" OR หมอกควัน OR ไฟป่า OR ""khói mù"" OR ""cháy rừng"") sourcecountry:malaysia",https://www.kosmo.com.my/2026/09/09/jerebu-hanya-serian-catat-ipu-sangat-tidak-sihat,jerebu hanya serian catat ipu sangat tidak sihat
More schools close in Indonesia as haze worsens,https://www.scmp.com/news/asia/southeast-asia/article/3366931/more-schools-close-indonesia-haze-worsens,2026-09-09 10:30:00+00:00,scmp.com,English,China,https://cdn.i-scmp.com/sites/default/files/styles/og_image_scmp_generic/public/d8/images/canvas/2026/09/09/029c2725-5ea1-490c-b71d-7dc77cfc8cac_e3296b12.jpg?itok=OQNJlMpi&v=1788948629,Philippines,"(haze OR smog OR jerebu OR karhutla OR ""forest fire"" OR wildfire) Philippines",https://www.scmp.com/news/asia/southeast-asia/article/3366931/more-schools-close-indonesia-haze-worsens,more schools close in indonesia as haze worsens
"Indonesian wildfire emissions surge to world highest , data shows | 104 . 1 WIKY",https://wiky.com/2026/09/09/indonesian-wildfire-emissions-surge-to-worlds-highest-data-shows/,2026-09-09 10:15:00+00:00,wiky.com,English,United States,https://storage.googleapis.com/media.mwcradio.com/mimesis/2026-09/09/2026-09-09T080353Z_1_LYNXMPEM880LO_RTROPTP_3_ASIA-WEATHER-INDONESIA-WILDFIRE.JPG,Malaysia,"(haze OR smog OR jerebu OR karhutla OR ""forest fire"" OR wildfire) Malaysia",https://wiky.com/2026/09/09/indonesian-wildfire-emissions-surge-to-worlds-highest-data-shows,indonesian wildfire emissions surge to world highest data shows 104 1 wiky
"Indonesian wildfire emissions surge to world highest , data shows | WABX 107 . 5 | Evansville Classic Rock Station",https://wabx.net/2026/09/09/indonesian-wildfire-emissions-surge-to-worlds-highest-data-shows/,2026-09-09 08:45:00+00:00,wabx.net,English,United States,https://storage.googleapis.com/media.mwcradio.com/mimesis/2026-09/09/2026-09-09T080353Z_1_LYNXMPEM880LO_RTROPTP_3_ASIA-WEATHER-INDONESIA-WILDFIRE.JPG,Singapore,"(haze OR smog OR jerebu OR karhutla OR ""forest fire"" OR wildfire) Singapore",https://wabx.net/2026/09/09/indonesian-wildfire-emissions-surge-to-worlds-highest-data-shows,indonesian wildfire emissions surge to world highest data shows wabx 107 5 evansville classic rock station
Trực thăng cấp cứu Malaysia rơi khiến 5 người thiệt mạng,https://baomoi.com/truc-thang-cap-cuu-malaysia-roi-khien-5-nguoi-thiet-mang-c56010615.epi,2026-09-09 08:00:00+00:00,baomoi.com,Vietnamese,Vietnam,https://baomoi-photo-fbcrawler.bmcdn.me/w1200_r16x9/2026_09_09_197_56010615/c8755978e6330f6d5622.jpg,Vietnam,"(haze OR smog OR jerebu OR karhutla OR ""forest fire"" OR wildfire OR ""PM2.5"" OR หมอกควัน OR ไฟป่า OR ""khói mù"" OR ""cháy rừng"") sourcecountry:vietnam",https://baomoi.com/truc-thang-cap-cuu-malaysia-roi-khien-5-nguoi-thiet-mang-c56010615.epi,tr c th ng c p c u malaysia r i khi n 5 ng i thi t m ng
柔烟霾来袭 5地区空污指数破百 | 南马 | 地方,https://www.orientaldaily.com.my/news/south/2026/09/09/846579,2026-09-09 08:00:00+00:00,orientaldaily.com.my,Chinese,Malaysia,https://www.orientaldaily.com.my/storage/resize_cache/images/uploads/news-cover/2026/SEP_2026/20260909/WhatsApp_Image_2026-09-09_at_15.00.59.jpeg/03cec307087065645f6d4d4890433798.jpeg,Malaysia,"(haze OR smog OR jerebu OR karhutla OR ""forest fire"" OR wildfire OR ""PM2.5"" OR หมอกควัน OR ไฟป่า OR ""khói mù"" OR ""cháy rừng"") sourcecountry:malaysia",https://www.orientaldaily.com.my/news/south/2026/09/09/846579,5
"  The Burning Giant Review : An Arcane , Multi - Pronged Thai Mystery",https://variety.com/2026/film/reviews/the-burning-giants-review-1236855475/,2026-09-09 08:00:00+00:00,variety.com,English,United States,https://variety.com/wp-content/uploads/2026/09/113697-YAK_MAI__THE_BURNING_GIANTS__-_Official_still.png?&crop=1,Thailand,"(haze OR smog OR jerebu OR karhutla OR ""forest fire"" OR wildfire) Thailand",https://variety.com/2026/film/reviews/the-burning-giants-review-1236855475,the burning giant review an arcane multi pronged thai mystery
Pilot and four medical workers killed in air ambulance helicopter crash amid Borneo wildfires,https://www.yahoo.com/news/world/articles/five-killed-malaysia-flying-doctor-053623905.html,2026-09-09 07:00:00+00:00,yahoo.com,English,United States,https://s.yimg.com/lo/mysterio/api/1bfad78fb54f609b264fab293f75665e4a23b0c21eeedbbc069a1ddb1038f9b0/lightyear_networkapi/resizefill_w1200%3Bquality_80%3Bformat_jpg/https%3A%2F%2Fmedia.zenfs.com%2Fen%2Fthe_independent_635%2F467e1cabff2087daee16e29c770accdd.jpg,Malaysia,"(haze OR smog OR jerebu OR karhutla OR ""forest fire"" OR wildfire) Malaysia",https://www.yahoo.com/news/world/articles/five-killed-malaysia-flying-doctor-053623905.html,pilot and four medical workers killed in air ambulance helicopter crash amid borneo wildfires
"Index - Külföld - Lezuhant és lángokba borult a mentőhelikopter , nincs túlélője a balesetnek",https://index.hu/kulfold/2026/09/09/malajzia-mentohelikopter-lezuhant-meghalt-mentes-fust/,2026-09-09 06:15:00+00:00,index.hu,Hungarian,Hungary,https://kep.cdn.index.hu/1/0/6926/69263/692637/69263793_5111641_cb0079e84ae384a5ccf1c0b3a1ce99c0_wm.jpg,Malaysia,"(haze OR smog OR jerebu OR karhutla OR ""forest fire"" OR wildfire) Malaysia",https://index.hu/kulfold/2026/09/09/malajzia-mentohelikopter-lezuhant-meghalt-mentes-fust,index k lf ld lezuhant s l ngokba borult a ment helikopter nincs t l l je a balesetnek
"Núi lửa Indonesia phun trào liên tục , dung nham tràn sát nhà dân , hé lộ nỗi sợ phía sau",https://www.techz.vn/216-926-5-nui-lua-indonesia-phun-trao-lien-tuc-dung-nham-tran-sat-nha-dan-he-lo-noi-so-phia-sau-ylt708301.html,2026-09-09 05:45:00+00:00,techz.vn,Vietnamese,Vietnam,https://media.techz.vn/media2019/upload2019/2026/09/09/nui-lua-indonesia-phun-trao-lien-tuc-dung-nham-tran-sat-nha-dan-he-lo-noi-so-phia-sau-2_09092026105623.png,Vietnam,"(haze OR smog OR jerebu OR karhutla OR ""forest fire"" OR wildfire OR ""PM2.5"" OR หมอกควัน OR ไฟป่า OR ""khói mù"" OR ""cháy rừng"") sourcecountry:vietnam",https://www.techz.vn/216-926-5-nui-lua-indonesia-phun-trao-lien-tuc-dung-nham-tran-sat-nha-dan-he-lo-noi-so-phia-sau-ylt708301.html,n i l a indonesia phun tr o li n t c dung nham tr n s t nh d n h l n i s ph a sau
"Ministry to continue Flying Doctor Service , says Dr Dzul",https://www.thestar.com.my/news/nation/2026/09/09/ministry-to-continue-flying-doctor-service-says-dr-dzul,2026-09-09 05:30:00+00:00,thestar.com.my,English,Malaysia,https://apicms.thestar.com.my/uploads/images/2026/09/09/4101122.jpg,Malaysia,"(haze OR smog OR jerebu OR karhutla OR ""forest fire"" OR wildfire OR ""PM2.5"" OR หมอกควัน OR ไฟป่า OR ""khói mù"" OR ""cháy rừng"") sourcecountry:malaysia",https://www.thestar.com.my/news/nation/2026/09/09/ministry-to-continue-flying-doctor-service-says-dr-dzul,ministry to continue flying doctor service says dr dzul
Vinhomes Green Paradise đáp ứng nhu cầu an cư mới của người dân TPHCM,https://dantri.com.vn/bat-dong-san/vinhomes-green-paradise-dap-ung-nhu-cau-an-cu-moi-cua-nguoi-dan-tphcm-20260909103433756.htm,2026-09-09 05:00:00+00:00,dantri.com.vn,Vietnamese,Vietnam,https://cdnphoto.dantri.com.vn/qe2x4ithOr1FchxrZrAEBsYV7iQ=/zoom/1200_630/2026/09/09/a1-7-cropped-1788924684518.jpg,Vietnam,"(haze OR smog OR jerebu OR karhutla OR ""forest fire"" OR wildfire OR ""PM2.5"" OR หมอกควัน OR ไฟป่า OR ""khói mù"" OR ""cháy rừng"") sourcecountry:vietnam",https://dantri.com.vn/bat-dong-san/vinhomes-green-paradise-dap-ung-nhu-cau-an-cu-moi-cua-nguoi-dan-tphcm-20260909103433756.htm,vinhomes green paradise p ng nhu c u an c m i c a ng i d n tphcm
Is Chiang Rai Safe ? Crime Rates and Real Risks,https://www.chiangraitimes.com/thailand-news/is-chiang-rai-safe/,2026-09-09 04:15:00+00:00,chiangraitimes.com,English,Thailand,https://i0.wp.com/www.chiangraitimes.com/wp-content/uploads/2026/09/image_bbec0269.jpg,Thailand,"(haze OR smog OR jerebu OR karhutla OR ""forest fire"" OR wildfire OR ""PM2.5"" OR หมอกควัน OR ไฟป่า OR ""khói mù"" OR ""cháy rừng"") sourcecountry:thailand",https://www.chiangraitimes.com/thailand-news/is-chiang-rai-safe,is chiang rai safe crime rates and real risks
Đà Nẵng phát triển kinh tế không gian tầm thấp đến năm 2030,https://vneconomy.vn/da-nang-dinh-hinh-tuong-lai-kinh-te-khong-gian-tam-thap.htm,2026-09-09 04:15:00+00:00,vneconomy.vn,Vietnamese,Vietnam,https://premedia.vneconomy.vn/files/uploads/2026/09/08/eb5cc574372a481d83f661fc123bb25e-117409.png?&mode=crop,Vietnam,"(haze OR smog OR jerebu OR karhutla OR ""forest fire"" OR wildfire OR ""PM2.5"" OR หมอกควัน OR ไฟป่า OR ""khói mù"" OR ""cháy rừng"") sourcecountry:vietnam",https://vneconomy.vn/da-nang-dinh-hinh-tuong-lai-kinh-te-khong-gian-tam-thap.htm,n ng ph t tri n kinh t kh ng gian t m th p n n m 2030
Cold Weather in Chiang Rai : How Cold Does it Really Get ? ,https://www.chiangraitimes.com/chiang-rai-guide/cold-weather-in-chiang-rai/,2026-09-09 04:15:00+00:00,chiangraitimes.com,English,Thailand,https://i0.wp.com/www.chiangraitimes.com/wp-content/uploads/2026/09/image_beb67fd4.jpg,Thailand,"(haze OR smog OR jerebu OR karhutla OR ""forest fire"" OR wildfire OR ""PM2.5"" OR หมอกควัน OR ไฟป่า OR ""khói mù"" OR ""cháy rừng"") sourcecountry:thailand",https://www.chiangraitimes.com/chiang-rai-guide/cold-weather-in-chiang-rai,cold weather in chiang rai how cold does it really get
"Haze : 33 areas record very unhealthy , unhealthy API readings as of 10am",https://www.thestar.com.my/news/nation/2026/09/09/haze-33-areas-record-very-unhealthy-unhealthy-api-readings-as-of-10am,2026-09-09 03:45:00+00:00,thestar.com.my,English,Malaysia,https://apicms.thestar.com.my/uploads/images/2026/09/09/4100985.jpg,Malaysia,"(haze OR smog OR jerebu OR karhutla OR ""forest fire"" OR wildfire OR ""PM2.5"" OR หมอกควัน OR ไฟป่า OR ""khói mù"" OR ""cháy rừng"") sourcecountry:malaysia",https://www.thestar.com.my/news/nation/2026/09/09/haze-33-areas-record-very-unhealthy-unhealthy-api-readings-as-of-10am,haze 33 areas record very unhealthy unhealthy api readings as of 10am
"Sarawak heli crash : Locals urged docs not to fly in hazy conditions , says FB user",https://www.thestar.com.my/news/nation/2026/09/09/sarawak-heli-crash-locals-urged-docs-not-fly-in-hazy-conditions-says-fb-user,2026-09-09 03:45:00+00:00,thestar.com.my,English,Malaysia,https://apicms.thestar.com.my/uploads/images/2026/09/09/4100966.jpeg,Malaysia,"(haze OR smog OR jerebu OR karhutla OR ""forest fire"" OR wildfire OR ""PM2.5"" OR หมอกควัน OR ไฟป่า OR ""khói mù"" OR ""cháy rừng"") sourcecountry:malaysia",https://www.thestar.com.my/news/nation/2026/09/09/sarawak-heli-crash-locals-urged-docs-not-fly-in-hazy-conditions-says-fb-user,sarawak heli crash locals urged docs not to fly in hazy conditions says fb user
"Five people killed in Flying Doctor helicopter crash in Malaysia , authorities say",https://www.asiaone.com/malaysia/five-people-killed-flying-doctor-helicopter-crash-malaysia-authorities-say,2026-09-09 03:00:00+00:00,asiaone.com,English,Singapore,https://media.asiaone.com/sites/default/files/styles/article_top_image/public/original_images/Sep2026/malaysia%20flying%20doctor.jpg?itok=7EZWGPuM,"Malaysia, Singapore","(haze OR smog OR jerebu OR karhutla OR ""forest fire"" OR wildfire OR ""PM2.5"" OR หมอกควัน OR ไฟป่า OR ""khói mù"" OR ""cháy rừng"") sourcecountry:singapore",https://www.asiaone.com/malaysia/five-people-killed-flying-doctor-helicopter-crash-malaysia-authorities-say,five people killed in flying doctor helicopter crash in malaysia authorities say
大馬醫療直升機墜毀5人罹難｜METROHK . com . hk,https://metrohk.com.hk/%E5%9C%8B%E9%9A%9B/%E5%A4%A7%E9%A6%AC%E9%86%AB%E7%99%82%E7%9B%B4%E5%8D%87%E6%A9%9F%E5%A2%9C%E6%AF%805%E4%BA%BA%E7%BD%B9%E9%9B%A3-40c7e1,2026-09-09 03:00:00+00:00,metrohk.com.hk,Chinese,Hong Kong,,Malaysia,"(haze OR smog OR jerebu OR karhutla OR ""forest fire"" OR wildfire) Malaysia",https://metrohk.com.hk/%E5%9C%8B%E9%9A%9B/%E5%A4%A7%E9%A6%AC%E9%86%AB%E7%99%82%E7%9B%B4%E5%8D%87%E6%A9%9F%E5%A2%9C%E6%AF%805%E4%BA%BA%E7%BD%B9%E9%9B%A3-40c7e1,5 metrohk com hk
COMMENT | When the rains dont come : El Niño and the crisis unfolding in Borneo,https://www.malaysiakini.com/columns/884610-comment-when-the-rains-dont-come-el-nino-and-the-crisis-unfolding-in-borneo,2026-09-09 02:15:00+00:00,malaysiakini.com,English,Malaysia,https://i.malaysiakini.com/1295/cd384a07190133499d7635acba1df472.jpeg,Malaysia,"(haze OR smog OR jerebu OR karhutla OR ""forest fire"" OR wildfire OR ""PM2.5"" OR หมอกควัน OR ไฟป่า OR ""khói mù"" OR ""cháy rừng"") sourcecountry:malaysia",https://www.malaysiakini.com/columns/884610-comment-when-the-rains-dont-come-el-nino-and-the-crisis-unfolding-in-borneo,comment when the rains dont come el ni o and the crisis unfolding in borneo
Malaysia jangka keperluan 9GW kuasa gas menjelang 2032,https://www.utusan.com.my/ekonomi/2026/09/malaysia-jangka-keperluan-9gw-kuasa-gas-menjelang-2032/,2026-09-09 02:00:00+00:00,utusan.com.my,Malay,Malaysia,https://www.utusan.com.my/wp-content/uploads/2026/09/bizh-akmaltenaga_BHfield_image_listing_featured_v2.var_1788841288.jpg,Malaysia,"(haze OR smog OR jerebu OR karhutla OR ""forest fire"" OR wildfire OR ""PM2.5"" OR หมอกควัน OR ไฟป่า OR ""khói mù"" OR ""cháy rừng"") sourcecountry:malaysia",https://www.utusan.com.my/ekonomi/2026/09/malaysia-jangka-keperluan-9gw-kuasa-gas-menjelang-2032,malaysia jangka keperluan 9gw kuasa gas menjelang 2032
Hukum syarikat Malaysia jika sebabkan jerebu – PM,https://www.utusan.com.my/nasional/2026/09/hukum-syarikat-malaysia-jika-sebabkan-jerebu-pm/,2026-09-09 02:00:00+00:00,utusan.com.my,Malay,Malaysia,https://www.utusan.com.my/wp-content/uploads/2026/09/PMX_PROGRAMMENGENANGNEGARAWAN_TUNABDULRAZAK-4-1.jpg,Malaysia,"(haze OR smog OR jerebu OR karhutla OR ""forest fire"" OR wildfire OR ""PM2.5"" OR หมอกควัน OR ไฟป่า OR ""khói mù"" OR ""cháy rừng"") sourcecountry:malaysia",https://www.utusan.com.my/nasional/2026/09/hukum-syarikat-malaysia-jika-sebabkan-jerebu-pm,hukum syarikat malaysia jika sebabkan jerebu pm
"Helikopter terhempas di Long Lellang , Sarawak",https://www.utusan.com.my/nasional/2026/09/helikopter-terhempas-di-long-lellang-sarawak/,2026-09-09 02:00:00+00:00,utusan.com.my,Malay,Malaysia,https://www.utusan.com.my/wp-content/uploads/2026/09/Artboard-1.png,Malaysia,"(haze OR smog OR jerebu OR karhutla OR ""forest fire"" OR wildfire OR ""PM2.5"" OR หมอกควัน OR ไฟป่า OR ""khói mù"" OR ""cháy rừng"") sourcecountry:malaysia",https://www.utusan.com.my/nasional/2026/09/helikopter-terhempas-di-long-lellang-sarawak,helikopter terhempas di long lellang sarawak
Người dân Indonesia kinh hoàng kể phút dung nham núi lửa áp sát làng,https://kenh14.vn/nguoi-dan-indonesia-kinh-hoang-ke-phut-dung-nham-nui-lua-ap-sat-lang-215260909082611171.chn,2026-09-09 02:00:00+00:00,kenh14.vn,Vietnamese,Vietnam,,Vietnam,"(haze OR smog OR jerebu OR karhutla OR ""forest fire"" OR wildfire OR ""PM2.5"" OR หมอกควัน OR ไฟป่า OR ""khói mù"" OR ""cháy rừng"") sourcecountry:vietnam",https://kenh14.vn/nguoi-dan-indonesia-kinh-hoang-ke-phut-dung-nham-nui-lua-ap-sat-lang-215260909082611171.chn,ng i d n indonesia kinh ho ng k ph t dung nham n i l a p s t l ng
El Nino pushes up power demand,https://www.thestar.com.my/news/nation/2026/09/09/el-nino-pushes-up-power-demand,2026-09-09 01:30:00+00:00,thestar.com.my,English,Malaysia,https://apicms.thestar.com.my/uploads/images/2026/09/09/4100576.jpeg,Malaysia,"(haze OR smog OR jerebu OR karhutla OR ""forest fire"" OR wildfire OR ""PM2.5"" OR หมอกควัน OR ไฟป่า OR ""khói mù"" OR ""cháy rừng"") sourcecountry:malaysia",https://www.thestar.com.my/news/nation/2026/09/09/el-nino-pushes-up-power-demand,el nino pushes up power demand
Farmers fear that El Nino may impact crops,https://www.thestar.com.my/news/nation/2026/09/09/farmers-fear-that-el-nino-may-impact-crops,2026-09-09 01:30:00+00:00,thestar.com.my,English,Malaysia,https://apicms.thestar.com.my/uploads/images/2026/09/09/4100589.jpg,Malaysia,"(haze OR smog OR jerebu OR karhutla OR ""forest fire"" OR wildfire OR ""PM2.5"" OR หมอกควัน OR ไฟป่า OR ""khói mù"" OR ""cháy rừng"") sourcecountry:malaysia",https://www.thestar.com.my/news/nation/2026/09/09/farmers-fear-that-el-nino-may-impact-crops,farmers fear that el nino may impact crops
  We will not defend haze wrongdoers  ,https://www.thestar.com.my/news/nation/2026/09/09/we-will-not-defend-haze-wrongdoers,2026-09-09 01:30:00+00:00,thestar.com.my,English,Malaysia,https://apicms.thestar.com.my/uploads/images/2026/09/09/4100585.JPG,Malaysia,"(haze OR smog OR jerebu OR karhutla OR ""forest fire"" OR wildfire OR ""PM2.5"" OR หมอกควัน OR ไฟป่า OR ""khói mù"" OR ""cháy rừng"") sourcecountry:malaysia",https://www.thestar.com.my/news/nation/2026/09/09/we-will-not-defend-haze-wrongdoers,we will not defend haze wrongdoers
"El Nino rất mạnh , gần 13 . 800 hộ dân Cà Mau có thể thiếu nước",https://vietgiaitri.com/el-nino-rat-manh-gan-13800-ho-dan-ca-mau-co-the-thieu-nuoc-20260909i7767858/,2026-09-09 00:30:00+00:00,vietgiaitri.com,Vietnamese,Vietnam,https://t.vietgiaitri.com/2026/9/3/el-nino-rat-manh-gan-13800-ho-dan-ca-mau-co-the-thieu-nuoc-800x576-40c-7767858.webp,Vietnam,"(haze OR smog OR jerebu OR karhutla OR ""forest fire"" OR wildfire OR ""PM2.5"" OR หมอกควัน OR ไฟป่า OR ""khói mù"" OR ""cháy rừng"") sourcecountry:vietnam",https://vietgiaitri.com/el-nino-rat-manh-gan-13800-ho-dan-ca-mau-co-the-thieu-nuoc-20260909i7767858,el nino r t m nh g n 13 800 h d n c mau c th thi u n c
The North West Company Inc . Announces Second Quarter Earnings and an Increase in the Quarterly Dividend,https://www.manilatimes.net/2026/09/09/tmt-newswire/globenewswire/the-north-west-company-inc-announces-second-quarter-earnings-and-an-increase-in-the-quarterly-dividend/2421102,2026-09-09 00:00:00+00:00,manilatimes.net,English,Philippines,https://manilatimes.net/manilatimes/uploads/images/2026/09/09/1208484.jpg,Philippines,"(haze OR smog OR jerebu OR karhutla OR ""forest fire"" OR wildfire OR ""PM2.5"" OR หมอกควัน OR ไฟป่า OR ""khói mù"" OR ""cháy rừng"") sourcecountry:philippines",https://www.manilatimes.net/2026/09/09/tmt-newswire/globenewswire/the-north-west-company-inc-announces-second-quarter-earnings-and-an-increase-in-the-quarterly-dividend/2421102,the north west company inc announces second quarter earnings and an increase in the quarterly dividend
Fine businesses for fires - Editorial - The Jakarta Post,http://www.thejakartapost.com/opinion/2026/09/09/fine-businesses-for-fires,2026-09-08 23:45:00+00:00,thejakartapost.com,English,Indonesia,https://img.jakpost.net/c/2026/08/31/2026_08_31_179174_1788176753._large.jpg,"Indonesia, Malaysia","(haze OR smog OR jerebu OR karhutla OR ""forest fire"" OR wildfire OR ""PM2.5"" OR หมอกควัน OR ไฟป่า OR ""khói mù"" OR ""cháy rừng"") sourcecountry:indonesia",http://www.thejakartapost.com/opinion/2026/09/09/fine-businesses-for-fires,fine businesses for fires editorial the jakarta post
"Sickles , sarees and smoke : Women on the frontlines of Uttarakhand forest fires",https://news.mongabay.com/2026/09/sickles-sarees-and-smoke-women-on-the-frontlines-of-uttarakhand-forest-fires/,2026-09-08 22:00:00+00:00,news.mongabay.com,English,Indonesia,https://imgs.mongabay.com/wp-content/uploads/sites/20/2026/09/08160244/Lila-Devi-1200x800.jpg,Indonesia,"(haze OR smog OR jerebu OR karhutla OR ""forest fire"" OR wildfire OR ""PM2.5"" OR หมอกควัน OR ไฟป่า OR ""khói mù"" OR ""cháy rừng"") sourcecountry:indonesia",https://news.mongabay.com/2026/09/sickles-sarees-and-smoke-women-on-the-frontlines-of-uttarakhand-forest-fires,sickles sarees and smoke women on the frontlines of uttarakhand forest fires
"Raymond Royer , Flagler County Commission Candidate : The Live Interview",https://flaglerlive.com/ray-royer-flagler-county-commission-live-interview-2026/,2026-09-08 20:00:00+00:00,flaglerlive.com,English,United States,https://flaglerlive.com/wp-content/uploads/ray-royer.jpg,Philippines,"(haze OR smog OR jerebu OR karhutla OR ""forest fire"" OR wildfire) Philippines",https://flaglerlive.com/ray-royer-flagler-county-commission-live-interview-2026,raymond royer flagler county commission candidate the live interview
Malaysian PM says ASEAN haze mechanism in need of review,http://www.malaysiasun.com/news/279293761/malaysian-pm-says-asean-haze-mechanism-in-need-of-review,2026-09-08 19:30:00+00:00,malaysiasun.com,English,Malaysia,,Malaysia,"(haze OR smog OR jerebu OR karhutla OR ""forest fire"" OR wildfire OR ""PM2.5"" OR หมอกควัน OR ไฟป่า OR ""khói mù"" OR ""cháy rừng"") sourcecountry:malaysia",http://www.malaysiasun.com/news/279293761/malaysian-pm-says-asean-haze-mechanism-in-need-of-review,malaysian pm says asean haze mechanism in need of review
Getting ready ahead of strong El Nino Forecast,https://www.manilatimes.net/2026/09/09/tmt-newswire/globenewswire/getting-ready-ahead-of-strong-el-nino-forecast/2420982,2026-09-08 18:45:00+00:00,manilatimes.net,English,Philippines,https://manilatimes.net/manilatimes/uploads/images/2026/09/09/1208294.jpg,Philippines,"(haze OR smog OR jerebu OR karhutla OR ""forest fire"" OR wildfire OR ""PM2.5"" OR หมอกควัน OR ไฟป่า OR ""khói mù"" OR ""cháy rừng"") sourcecountry:philippines",https://www.manilatimes.net/2026/09/09/tmt-newswire/globenewswire/getting-ready-ahead-of-strong-el-nino-forecast/2420982,getting ready ahead of strong el nino forecast
Singapore construction firms brace for potential disruptions as haze risk lingers,https://www.businesstimes.com.sg/companies-markets/singapore-construction-firms-brace-potential-disruptions-haze-risk-lingers,2026-09-08 07:30:00+00:00,businesstimes.com.sg,English,Singapore,https://cassette.sphdigital.com.sg/image/businesstimes/f1e32247d72ea136ba3b80cc6d40901625e5246c4e6f68e2ed15f30955d559b3?&f=webp,Singapore,"(haze OR smog OR jerebu OR karhutla OR ""forest fire"" OR wildfire OR ""PM2.5"" OR หมอกควัน OR ไฟป่า OR ""khói mù"" OR ""cháy rừng"") sourcecountry:singapore",https://www.businesstimes.com.sg/companies-markets/singapore-construction-firms-brace-potential-disruptions-haze-risk-lingers,singapore construction firms brace for potential disruptions as haze risk lingers
Indonesia Reopens Airports After Suspension Due to Volcanic Eruption,https://thediplomat.com/2026/09/hold-indonesia-reopens-airports-after-suspension-due-to-volcanic-eruption/,2026-09-08 07:30:00+00:00,thediplomat.com,English,China,https://thediplomat.com/wp-content/uploads/2026/09/sizes/td-story-s-2/thediplomat_2026-09-08-134901.jpg,Malaysia,"(haze OR smog OR jerebu OR karhutla OR ""forest fire"" OR wildfire) Malaysia",https://thediplomat.com/2026/09/hold-indonesia-reopens-airports-after-suspension-due-to-volcanic-eruption,indonesia reopens airports after suspension due to volcanic eruption
Malaysia kembali jadi tuan rumah mesyuarat kesihatan Asean selepas 22 tahun,https://www.freemalaysiatoday.com/category/bahasa/tempatan/2026/09/08/malaysia-kembali-jadi-tuan-rumah-mesyuarat-kesihatan-asean-selepas-22-tahun,2026-09-08 06:45:00+00:00,freemalaysiatoday.com,Malay,Malaysia,"https://www.freemalaysiatoday.com/cdn-cgi/image/quality=80,format=auto,fit=cover,dpr=1,width=1200,height=630,gravity=center/https://media.freemalaysiatoday.com/v3/2026/09/9b2830fb-2f21-4ec3-8040-9e8ef9312181-asean-health-minister-meeting-080926.jpg",Malaysia,"(haze OR smog OR jerebu OR karhutla OR ""forest fire"" OR wildfire OR ""PM2.5"" OR หมอกควัน OR ไฟป่า OR ""khói mù"" OR ""cháy rừng"") sourcecountry:malaysia",https://www.freemalaysiatoday.com/category/bahasa/tempatan/2026/09/08/malaysia-kembali-jadi-tuan-rumah-mesyuarat-kesihatan-asean-selepas-22-tahun,malaysia kembali jadi tuan rumah mesyuarat kesihatan asean selepas 22 tahun
Malaysia chairs Asean health meeting after 22 years,https://www.freemalaysiatoday.com/category/nation/2026/09/08/malaysia-chairs-asean-health-meeting-after-22-years,2026-09-08 06:45:00+00:00,freemalaysiatoday.com,English,Malaysia,"https://www.freemalaysiatoday.com/cdn-cgi/image/quality=80,format=auto,fit=cover,dpr=1,width=1200,height=630,gravity=center/https://media.freemalaysiatoday.com/v3/2026/09/9b2830fb-2f21-4ec3-8040-9e8ef9312181-asean-health-minister-meeting-080926.jpg",Malaysia,"(haze OR smog OR jerebu OR karhutla OR ""forest fire"" OR wildfire OR ""PM2.5"" OR หมอกควัน OR ไฟป่า OR ""khói mù"" OR ""cháy rừng"") sourcecountry:malaysia",https://www.freemalaysiatoday.com/category/nation/2026/09/08/malaysia-chairs-asean-health-meeting-after-22-years,malaysia chairs asean health meeting after 22 years
Education Ministry urged to grant district autonomy to manage haze - related school disruptions,https://www.thestar.com.my/news/nation/2026/09/08/education-ministry-urged-to-grant-district-autonomy-to-manage-haze-related-school-disruptions,2026-09-08 06:15:00+00:00,thestar.com.my,English,Malaysia,https://apicms.thestar.com.my/uploads/images/2026/09/08/4099054.jpeg,Malaysia,"(haze OR smog OR jerebu OR karhutla OR ""forest fire"" OR wildfire OR ""PM2.5"" OR หมอกควัน OR ไฟป่า OR ""khói mù"" OR ""cháy rừng"") sourcecountry:malaysia",https://www.thestar.com.my/news/nation/2026/09/08/education-ministry-urged-to-grant-district-autonomy-to-manage-haze-related-school-disruptions,education ministry urged to grant district autonomy to manage haze related school disruptions
"Praying for rain as fires , haze plague Indonesia Kalimantan",https://www.straitstimes.com/asia/se-asia/praying-for-rain-as-fires-haze-plague-indonesias-kalimantan,2026-09-08 06:00:00+00:00,straitstimes.com,English,Singapore,https://cassette.sphdigital.com.sg/image/straitstimes/e68f01f63065bfcd543e677cd0708cab065fc62a9a93af46e8e7c386fc363b60,"Malaysia, Singapore","(haze OR smog OR jerebu OR karhutla OR ""forest fire"" OR wildfire OR ""PM2.5"" OR หมอกควัน OR ไฟป่า OR ""khói mù"" OR ""cháy rừng"") sourcecountry:singapore",https://www.straitstimes.com/asia/se-asia/praying-for-rain-as-fires-haze-plague-indonesias-kalimantan,praying for rain as fires haze plague indonesia kalimantan
"Asean needs to review transboundary haze response , PM says",https://www.malaysiakini.com/news/884549-asean-needs-to-review-transboundary-haze-response-pm-says,2026-09-08 06:00:00+00:00,malaysiakini.com,English,Malaysia,https://s.malaysiakini.com/i/UzwHkcCJ7gmLRXmWIiaJDeY_bgg=/1200x0/filters:strip_exif()/file/publisher-c1a3f893382d2b2f8a9aa22a654d9c97/2026/09/d2e70a623e9cf465c00fc53d6678c197.jpg,Malaysia,"(haze OR smog OR jerebu OR karhutla OR ""forest fire"" OR wildfire OR ""PM2.5"" OR หมอกควัน OR ไฟป่า OR ""khói mù"" OR ""cháy rừng"") sourcecountry:malaysia",https://www.malaysiakini.com/news/884549-asean-needs-to-review-transboundary-haze-response-pm-says,asean needs to review transboundary haze response pm says
Cebu City suspends face - to - face classes for 5th straight day,https://www.manilatimes.net/2026/09/08/regions/cebu-city-suspends-face-to-face-classes-for-5th-straight-day/2420147,2026-09-08 06:00:00+00:00,manilatimes.net,English,Philippines,https://manilatimes.net/manilatimes/uploads/images/2026/09/08/1206599.jfif,Philippines,"(haze OR smog OR jerebu OR karhutla OR ""forest fire"" OR wildfire OR ""PM2.5"" OR หมอกควัน OR ไฟป่า OR ""khói mù"" OR ""cháy rừng"") sourcecountry:philippines",https://www.manilatimes.net/2026/09/08/regions/cebu-city-suspends-face-to-face-classes-for-5th-straight-day/2420147,cebu city suspends face to face classes for 5th straight day
"Британский журналист пролил свет на зверства правительства ( Spiked , Великобритания ) ",https://inosmi.ru/20260908/britaniya-280047320.html,2026-09-08 05:30:00+00:00,inosmi.ru,Russian,Russia,https://cdnn1.inosmi.ru/images/sharing/article/280047320.jpg,Vietnam,"(haze OR smog OR jerebu OR karhutla OR ""forest fire"" OR wildfire) Vietnam",https://inosmi.ru/20260908/britaniya-280047320.html,spiked
Jerebu : IPU di Serian kembali ke tahap bahaya pagi ini,https://www.astroawani.com/berita-malaysia/jerebu-ipu-di-serian-kembali-ke-tahap-bahaya-pagi-ini,2026-09-08 05:15:00+00:00,astroawani.com,Malay,Malaysia,https://media.astroawani.com/awani/media/uploads/image/2026-09/TB_Jerebu_Bernama.jpg?VersionId=kcnaccOkH9nEHS2O6EA_jsudNc4McBNY,Malaysia,"(haze OR smog OR jerebu OR karhutla OR ""forest fire"" OR wildfire OR ""PM2.5"" OR หมอกควัน OR ไฟป่า OR ""khói mù"" OR ""cháy rừng"") sourcecountry:malaysia",https://www.astroawani.com/berita-malaysia/jerebu-ipu-di-serian-kembali-ke-tahap-bahaya-pagi-ini,jerebu ipu di serian kembali ke tahap bahaya pagi ini
"Khoảnh khắc màn bắn pháo hoa ăn mừng biến thành thảm kịch : Ít nhất 10 người thiệt mạng , 64 người bị thương",https://kenh14.vn/khoanh-khac-man-ban-phao-hoa-an-mung-bien-thanh-tham-kich-it-nhat-10-nguoi-thiet-mang-64-nguoi-bi-thuong-215260908101913724.chn,2026-09-08 05:00:00+00:00,kenh14.vn,Vietnamese,Vietnam,,Vietnam,"(haze OR smog OR jerebu OR karhutla OR ""forest fire"" OR wildfire OR ""PM2.5"" OR หมอกควัน OR ไฟป่า OR ""khói mù"" OR ""cháy rừng"") sourcecountry:vietnam",https://kenh14.vn/khoanh-khac-man-ban-phao-hoa-an-mung-bien-thanh-tham-kich-it-nhat-10-nguoi-thiet-mang-64-nguoi-bi-thuong-215260908101913724.chn,kho nh kh c m n b n ph o hoa n m ng bi n th nh th m k ch t nh t 10 ng i thi t m ng 64 ng i b th ng
No mass stranding of Indonesian passengers at Penang airport,https://www.freemalaysiatoday.com/category/nation/2026/09/08/no-mass-stranding-of-indonesian-passengers-at-penang-airport,2026-09-08 04:30:00+00:00,freemalaysiatoday.com,English,Malaysia,"https://www.freemalaysiatoday.com/cdn-cgi/image/quality=75,format=auto,fit=cover,dpr=1,width=1200,height=630,gravity=center/https://media.freemalaysiatoday.com/wp-content/uploads/2024/06/687a55d2-penang-international-airport-bernama-250624.webp",Malaysia,"(haze OR smog OR jerebu OR karhutla OR ""forest fire"" OR wildfire OR ""PM2.5"" OR หมอกควัน OR ไฟป่า OR ""khói mù"" OR ""cháy rừng"") sourcecountry:malaysia",https://www.freemalaysiatoday.com/category/nation/2026/09/08/no-mass-stranding-of-indonesian-passengers-at-penang-airport,no mass stranding of indonesian passengers at penang airport
ASEAN perlu teliti semula mekanisme tangani jerebu rentas sempadan - Anwar,https://www.sinarharian.com.my/article/795312/berita/nasional/asean-perlu-teliti-semula-mekanisme-tangani-jerebu-rentas-sempadan---anwar,2026-09-08 04:00:00+00:00,sinarharian.com.my,Malay,Malaysia,https://www.sinarharian.com.my/uploads/images/2026/09/08/3639951.webp,Malaysia,"(haze OR smog OR jerebu OR karhutla OR ""forest fire"" OR wildfire OR ""PM2.5"" OR หมอกควัน OR ไฟป่า OR ""khói mù"" OR ""cháy rừng"") sourcecountry:malaysia",https://www.sinarharian.com.my/article/795312/berita/nasional/asean-perlu-teliti-semula-mekanisme-tangani-jerebu-rentas-sempadan---anwar,asean perlu teliti semula mekanisme tangani jerebu rentas sempadan anwar
火山灰影响3航空公司槟雅航线 槟机场暂无大批旅客滞留 | 北马 | 地方,https://www.orientaldaily.com.my/news/north/2026/09/08/846206,2026-09-08 04:00:00+00:00,orientaldaily.com.my,Chinese,Malaysia,https://www.orientaldaily.com.my/storage/resize_cache/images/uploads/news-cover/2026/SEP_2026/20260908/pg0908a01.jpg/72506181386ce6ba2184b2b3d93fba63.jpg,Malaysia,"(haze OR smog OR jerebu OR karhutla OR ""forest fire"" OR wildfire OR ""PM2.5"" OR หมอกควัน OR ไฟป่า OR ""khói mù"" OR ""cháy rừng"") sourcecountry:malaysia",https://www.orientaldaily.com.my/news/north/2026/09/08/846206,3
"Asean must review transboundary haze mechanisms , says Anwar",https://www.freemalaysiatoday.com/category/nation/2026/09/08/asean-must-review-transboundary-haze-mechanisms-says-anwar,2026-09-08 04:00:00+00:00,freemalaysiatoday.com,English,Malaysia,"https://www.freemalaysiatoday.com/cdn-cgi/image/quality=80,format=auto,fit=cover,dpr=1,width=1200,height=630,gravity=center/https://media.freemalaysiatoday.com/v3/2026/09/eae46f30-d0f2-4991-b4c2-7625f55db865-jerebu-serian-040926.jpg",Malaysia,"(haze OR smog OR jerebu OR karhutla OR ""forest fire"" OR wildfire OR ""PM2.5"" OR หมอกควัน OR ไฟป่า OR ""khói mù"" OR ""cháy rừng"") sourcecountry:malaysia",https://www.freemalaysiatoday.com/category/nation/2026/09/08/asean-must-review-transboundary-haze-mechanisms-says-anwar,asean must review transboundary haze mechanisms says anwar
Kita semua pemanas alam - Sinar Harian,https://www.sinarharian.com.my/article/795288/berita/cetusan/kita-semua-pemanas-alam,2026-09-08 04:00:00+00:00,sinarharian.com.my,Malay,Malaysia,https://www.sinarharian.com.my/uploads/images/2026/09/08/3639794.webp,Malaysia,"(haze OR smog OR jerebu OR karhutla OR ""forest fire"" OR wildfire OR ""PM2.5"" OR หมอกควัน OR ไฟป่า OR ""khói mù"" OR ""cháy rừng"") sourcecountry:malaysia",https://www.sinarharian.com.my/article/795288/berita/cetusan/kita-semua-pemanas-alam,kita semua pemanas alam sinar harian
 《 GTA 6 》 泄露罗生门背后 ， 游戏业大变局,https://www.163.com/dy/article/L6A2Q5VG0511BCOA.html,2026-09-08 03:15:00+00:00,163.com,Chinese,China,,Vietnam,"(haze OR smog OR jerebu OR karhutla OR ""forest fire"" OR wildfire) Vietnam",https://www.163.com/dy/article/L6A2Q5VG0511BCOA.html,gta 6
"Con số may mắn hôm nay 8 / 9 : Sửu thuận buồm xuôi gió , Ngọ kinh doanh lãi lớn , Thân tiền bạc rủng rỉnh",https://vietgiaitri.com/con-so-may-man-hom-nay-89-suu-thuan-buom-xuoi-gio-ngo-kinh-doanh-lai-lon-than-tien-bac-rung-rinh-20260908i7767345/,2026-09-08 02:00:00+00:00,vietgiaitri.com,Vietnamese,Vietnam,https://t.vietgiaitri.com/2026/9/3/con-so-may-man-hom-nay-89-suu-thuan-buom-xuoi-gio-ngo-kinh-doanh-lai-lon-than-tien-bac-rung-rinh-800x576-6b0-7767345.webp,Vietnam,"(haze OR smog OR jerebu OR karhutla OR ""forest fire"" OR wildfire OR ""PM2.5"" OR หมอกควัน OR ไฟป่า OR ""khói mù"" OR ""cháy rừng"") sourcecountry:vietnam",https://vietgiaitri.com/con-so-may-man-hom-nay-89-suu-thuan-buom-xuoi-gio-ngo-kinh-doanh-lai-lon-than-tien-bac-rung-rinh-20260908i7767345,con s may m n h m nay 8 9 s u thu n bu m xu i gi ng kinh doanh l i l n th n ti n b c r ng r nh
Asia natural disasters must not become financial crises,https://www.eco-business.com/opinion/asias-natural-disasters-must-not-become-financial-crises/,2026-09-08 01:30:00+00:00,eco-business.com,English,China,https://eco-business.imgix.net/ebmedia/fileuploads/7842286848_421e914a9b_4k.jpg?fit=crop&ixlib=django-1.2.0&q=85,Laos,"(haze OR smog OR jerebu OR karhutla OR ""forest fire"" OR wildfire) Laos",https://www.eco-business.com/opinion/asias-natural-disasters-must-not-become-financial-crises,asia natural disasters must not become financial crises
2026年09月08日 星期二 听新闻简报,https://www.zaobao.com.sg/specials/the-audio-brief/20260908,2026-09-08 01:30:00+00:00,zaobao.com.sg,Chinese,Singapore,https://dss0.zbstatic5.com/s3fs-public/2025-08/lianhe-zaobao-963haofm-the-audio-brief-cover.png,Singapore,"(haze OR smog OR jerebu OR karhutla OR ""forest fire"" OR wildfire OR ""PM2.5"" OR หมอกควัน OR ไฟป่า OR ""khói mù"" OR ""cháy rừng"") sourcecountry:singapore",https://www.zaobao.com.sg/specials/the-audio-brief/20260908,2026 09 08
Hành trình đến trường giữa xanh tươi của trẻ tại các đại đô thị Ecopark,https://dantri.com.vn/bat-dong-san/hanh-trinh-den-truong-giua-xanh-tuoi-cua-tre-tai-cac-dai-do-thi-ecopark-20260907191309163.htm,2026-09-08 01:30:00+00:00,dantri.com.vn,Vietnamese,Vietnam,https://cdnphoto.dantri.com.vn/mxqqp3kOq24OXS-VlFGMTzluknY=/zoom/1200_630/2026/09/07/z635676-cropped-1788783097254.jpg,Vietnam,"(haze OR smog OR jerebu OR karhutla OR ""forest fire"" OR wildfire OR ""PM2.5"" OR หมอกควัน OR ไฟป่า OR ""khói mù"" OR ""cháy rừng"") sourcecountry:vietnam",https://dantri.com.vn/bat-dong-san/hanh-trinh-den-truong-giua-xanh-tuoi-cua-tre-tai-cac-dai-do-thi-ecopark-20260907191309163.htm,h nh tr nh n tr ng gi a xanh t i c a tr t i c c i th ecopark
"Dampak karhutla bagi orangutan Kalimantan , bukan cuma kebakaran",https://www.antaranews.com/berita/5730677/dampak-karhutla-bagi-orangutan-kalimantan-bukan-cuma-kebakaran,2026-09-08 01:15:00+00:00,antaranews.com,Indonesian,Indonesia,https://img.antaranews.com/cache/1200x800/2026/09/03/105b2c9e-62fc-4529-aeb5-d91389212bc7.jpeg,Indonesia,"(haze OR smog OR jerebu OR karhutla OR ""forest fire"" OR wildfire OR ""PM2.5"" OR หมอกควัน OR ไฟป่า OR ""khói mù"" OR ""cháy rừng"") sourcecountry:indonesia",https://www.antaranews.com/berita/5730677/dampak-karhutla-bagi-orangutan-kalimantan-bukan-cuma-kebakaran,dampak karhutla bagi orangutan kalimantan bukan cuma kebakaran
"Para SUKMA : Sabah kuasai para olahraga , tiga rekod kebangsaan tercipta",https://www.astroawani.com/berita-sukan-terkini/para-sukma-sabah-kuasai-para-olahraga-tiga-rekod-kebangsaan-tercipta,2026-09-08 00:30:00+00:00,astroawani.com,Malay,Malaysia,,Malaysia,"(haze OR smog OR jerebu OR karhutla OR ""forest fire"" OR wildfire OR ""PM2.5"" OR หมอกควัน OR ไฟป่า OR ""khói mù"" OR ""cháy rừng"") sourcecountry:malaysia",https://www.astroawani.com/berita-sukan-terkini/para-sukma-sabah-kuasai-para-olahraga-tiga-rekod-kebangsaan-tercipta,para sukma sabah kuasai para olahraga tiga rekod kebangsaan tercipta
News Roundup,https://www.kpcnews.com/article_d2d41bc8-d56d-5dae-89f4-4a2f0d647173.html,2026-09-08 00:30:00+00:00,kpcnews.com,English,United States,https://bloximages.newyork1.vip.townnews.com/kpcnews.com/content/tncms/custom/image/9dd65992-b861-11ed-9571-e7c6e4601664.jpg,Singapore,"(haze OR smog OR jerebu OR karhutla OR ""forest fire"" OR wildfire) Singapore",https://www.kpcnews.com/article_d2d41bc8-d56d-5dae-89f4-4a2f0d647173.html,news roundup
Труд : Латвия с 2027 года запретит автобусное сообщение с РФ и Белоруссией,https://www.trud.ru/article/07-09-2026/1834611_latvija_s_2027_goda_zapretit_avtobusnoe_soobschenie_s_rf_i_belorussiej.html,2026-09-07 22:45:00+00:00,trud.ru,Russian,Russia,,Singapore,"(haze OR smog OR jerebu OR karhutla OR ""forest fire"" OR wildfire) Singapore",https://www.trud.ru/article/07-09-2026/1834611_latvija_s_2027_goda_zapretit_avtobusnoe_soobschenie_s_rf_i_belorussiej.html,2027
"Asean News Headlines at 10pm on Monday ( Sept 7 , 2026 ) ",https://www.thestar.com.my/aseanplus/aseanplus-news/2026/09/07/asean-news-headlines-at-10pm-on-monday-sept-7-2026,2026-09-07 21:15:00+00:00,thestar.com.my,English,Malaysia,https://apicms.thestar.com.my/uploads/images/2026/09/07/4098245.jpg,"Laos, Malaysia","(haze OR smog OR jerebu OR karhutla OR ""forest fire"" OR wildfire OR ""PM2.5"" OR หมอกควัน OR ไฟป่า OR ""khói mù"" OR ""cháy rừng"") sourcecountry:malaysia",https://www.thestar.com.my/aseanplus/aseanplus-news/2026/09/07/asean-news-headlines-at-10pm-on-monday-sept-7-2026,asean news headlines at 10pm on monday sept 7 2026
El Niño 2026 Confirmed Very Strong : NOAA Strips Climate Change From Measurement,https://www.techtimes.com/articles/326899/20260907/el-nino-2026-confirmed-very-strong-noaa-strips-climate-change-measurement.htm,2026-09-07 21:15:00+00:00,techtimes.com,English,United States,https://d.techtimes.com/en/full/475016/pexels-francesco-ungaro-18875313.jpg,Philippines,"(haze OR smog OR jerebu OR karhutla OR ""forest fire"" OR wildfire) Philippines",https://www.techtimes.com/articles/326899/20260907/el-nino-2026-confirmed-very-strong-noaa-strips-climate-change-measurement.htm,el ni o 2026 confirmed very strong noaa strips climate change from measurement
"Market Fire in Central Papua Paniai killed 11 , probe ongoing",https://en.antaranews.com/news/430297/market-fire-in-central-papuas-paniai-killed-11-probe-ongoing,2026-09-07 20:15:00+00:00,en.antaranews.com,English,Indonesia,https://cdn.antaranews.com/cache/1200x800/2026/09/07/38168.jpg,Indonesia,"(haze OR smog OR jerebu OR karhutla OR ""forest fire"" OR wildfire OR ""PM2.5"" OR หมอกควัน OR ไฟป่า OR ""khói mù"" OR ""cháy rừng"") sourcecountry:indonesia",https://en.antaranews.com/news/430297/market-fire-in-central-papuas-paniai-killed-11-probe-ongoing,market fire in central papua paniai killed 11 probe ongoing
Qantas non - stop flight to Rome review : What to expect from the Boeing 787 - 9 business class service,https://www.smh.com.au/traveller/reviews-and-advice/despite-conflict-epic-qantas-non-stop-europe-route-is-still-flying-20260907-p60v2u.html,2026-09-07 20:00:00+00:00,smh.com.au,English,Australia,https://static.ffx.io/images/$zoom_0.3191%2C$multiply_0.7554%2C$ratio_1.777778%2C$width_1059%2C$x_0%2C$y_0/t_crop_custom/q_86%2Cf_auto/t_metro_traveller_no_label_no_age_social_wm/6dc3242552b644ee772d5f0977b55901747bb781,Singapore,"(haze OR smog OR jerebu OR karhutla OR ""forest fire"" OR wildfire) Singapore",https://www.smh.com.au/traveller/reviews-and-advice/despite-conflict-epic-qantas-non-stop-europe-route-is-still-flying-20260907-p60v2u.html,qantas non stop flight to rome review what to expect from the boeing 787 9 business class service
Berita tempatan pilihan sepanjang hari ini,https://www.astroawani.com/berita-malaysia/berita-tempatan-pilihan-sepanjang-hari-ini-208,2026-09-07 19:45:00+00:00,astroawani.com,Malay,Malaysia,https://media.astroawani.com/awani/media/uploads/image/2026-02/berita%20tempatan_0.webp,Malaysia,"(haze OR smog OR jerebu OR karhutla OR ""forest fire"" OR wildfire OR ""PM2.5"" OR หมอกควัน OR ไฟป่า OR ""khói mù"" OR ""cháy rừng"") sourcecountry:malaysia",https://www.astroawani.com/berita-malaysia/berita-tempatan-pilihan-sepanjang-hari-ini-208,berita tempatan pilihan sepanjang hari ini
Malaysia ends emergency in Sarawak as air quality improves,http://www.malaysiasun.com/news/279291493/malaysia-ends-emergency-in-sarawak-as-air-quality-improves,2026-09-07 19:15:00+00:00,malaysiasun.com,English,Malaysia,,Malaysia,"(haze OR smog OR jerebu OR karhutla OR ""forest fire"" OR wildfire OR ""PM2.5"" OR หมอกควัน OR ไฟป่า OR ""khói mù"" OR ""cháy rừng"") sourcecountry:malaysia",http://www.malaysiasun.com/news/279291493/malaysia-ends-emergency-in-sarawak-as-air-quality-improves,malaysia ends emergency in sarawak as air quality improves
Brunei No . 1 News Website,https://brudirect.com/post/Brunei-records-unhealthy-haze-levels-in-two-districts,2026-09-07 19:15:00+00:00,brudirect.com,English,Brunei,,Brunei,"(haze OR smog OR jerebu OR karhutla OR ""forest fire"" OR wildfire OR ""PM2.5"" OR หมอกควัน OR ไฟป่า OR ""khói mù"" OR ""cháy rừng"") sourcecountry:brunei",https://brudirect.com/post/Brunei-records-unhealthy-haze-levels-in-two-districts,brunei no 1 news website
2026海洋科技產業論壇開幕 管碧玲 ： 14國齊聚共推海洋科技與區域和平,https://n.yam.com/Article/20260908315733,2026-09-07 17:45:00+00:00,n.yam.com,Chinese,Taiwan,https://ni.yam.com/20260908/oac-cover-5-53159eeabae45b61.jpeg,Singapore,"(haze OR smog OR jerebu OR karhutla OR ""forest fire"" OR wildfire) Singapore",https://n.yam.com/Article/20260908315733,2026 14
AP Trending SummaryBrief at 11 : 57 a . m . EDT,https://www.yumasun.com/news/national_news/ap-trending-summarybrief-at-11-57-a-m-edt/article_3c314b48-12ad-5e36-b17e-e20de083fd9e.html,2026-09-07 17:45:00+00:00,yumasun.com,English,United States,https://bloximages.newyork1.vip.townnews.com/yumasun.com/content/tncms/custom/image/2b499f16-f28d-11e5-bae5-d756cbd1f5e4.jpg,Singapore,"(haze OR smog OR jerebu OR karhutla OR ""forest fire"" OR wildfire) Singapore",https://www.yumasun.com/news/national_news/ap-trending-summarybrief-at-11-57-a-m-edt/article_3c314b48-12ad-5e36-b17e-e20de083fd9e.html,ap trending summarybrief at 11 57 a m edt
Haze update for Sept 7 : Air quality to be in moderate to low unhealthy range,https://www.asiaone.com/singapore/haze-situation-7-september-psi-singapore,2026-09-07 12:45:00+00:00,asiaone.com,English,Singapore,https://www.asiaone.com/sites/default/files/styles/article_top_image/public/original_images/Sep2026/Singapore%20daily%20haze%20update%20-%207%20September.jpg?itok=XeBgZKMd,Singapore,"(haze OR smog OR jerebu OR karhutla OR ""forest fire"" OR wildfire OR ""PM2.5"" OR หมอกควัน OR ไฟป่า OR ""khói mù"" OR ""cháy rừng"") sourcecountry:singapore",https://www.asiaone.com/singapore/haze-situation-7-september-psi-singapore,haze update for sept 7 air quality to be in moderate to low unhealthy range
"Điều hòa : Giải pháp cứu người , nhưng cũng làm nóng Trái đất",https://vneconomy.vn/dieu-hoa-cuu-hang-nghin-nguoi-moi-nam-nhung-cai-gia-la-lam-khi-hau-nong-len.htm,2026-09-07 10:15:00+00:00,vneconomy.vn,Vietnamese,Vietnam,https://premedia.vneconomy.vn/files/uploads/2026/09/06/aa572b2970c348c1bb53a4e5294fa057-117049.jpg?&mode=crop,Vietnam,"(haze OR smog OR jerebu OR karhutla OR ""forest fire"" OR wildfire OR ""PM2.5"" OR หมอกควัน OR ไฟป่า OR ""khói mù"" OR ""cháy rừng"") sourcecountry:vietnam",https://vneconomy.vn/dieu-hoa-cuu-hang-nghin-nguoi-moi-nam-nhung-cai-gia-la-lam-khi-hau-nong-len.htm,i u h a gi i ph p c u ng i nh ng c ng l m n ng tr i t
Malaysia lifts emergency declaration in Sarawak district as fire haze eases,https://www.businesstimes.com.sg/international/malaysia-lifts-emergency-declaration-sarawak-district-fire-haze-eases,2026-09-07 09:15:00+00:00,businesstimes.com.sg,English,Singapore,https://cassette.sphdigital.com.sg/image/businesstimes/f24473a5b2f33a5cd8d4368e66e57b8dff3c528e0db26152f1f5d946d3bcc0fa?&f=webp,"Malaysia, Singapore","(haze OR smog OR jerebu OR karhutla OR ""forest fire"" OR wildfire OR ""PM2.5"" OR หมอกควัน OR ไฟป่า OR ""khói mù"" OR ""cháy rừng"") sourcecountry:singapore",https://www.businesstimes.com.sg/international/malaysia-lifts-emergency-declaration-sarawak-district-fire-haze-eases,malaysia lifts emergency declaration in sarawak district as fire haze eases
"Six Indonesian Volcanoes Erupted On 31 August , And Theyre Still Erupting",https://www.therakyatpost.com/news/2026/09/07/six-indonesian-volcanoes-erupted-on-31-august-and-theyre-still-erupting/,2026-09-07 09:15:00+00:00,therakyatpost.com,English,Malaysia,https://www.therakyatpost.com/wp-content/uploads/2026/09/Indonesia_volcanoes.jpg,Malaysia,"(haze OR smog OR jerebu OR karhutla OR ""forest fire"" OR wildfire OR ""PM2.5"" OR หมอกควัน OR ไฟป่า OR ""khói mù"" OR ""cháy rừng"") sourcecountry:malaysia",https://www.therakyatpost.com/news/2026/09/07/six-indonesian-volcanoes-erupted-on-31-august-and-theyre-still-erupting,six indonesian volcanoes erupted on 31 august and theyre still erupting
"4 Gunung Berapi Indonesia Meletus Serentak , Lapangan Terbang Jakarta Ditutup",https://www.therakyatpost.com/trpbm/berita/2026/09/07/4-gunung-berapi-indonesia-meletus-serentak-lapangan-terbang-jakarta-ditutup/,2026-09-07 09:15:00+00:00,therakyatpost.com,Malay,Malaysia,https://www.therakyatpost.com/wp-content/uploads/2026/09/TRP-Kra-FI.jpg,"Malaysia, Singapore","(haze OR smog OR jerebu OR karhutla OR ""forest fire"" OR wildfire OR ""PM2.5"" OR หมอกควัน OR ไฟป่า OR ""khói mù"" OR ""cháy rừng"") sourcecountry:malaysia",https://www.therakyatpost.com/trpbm/berita/2026/09/07/4-gunung-berapi-indonesia-meletus-serentak-lapangan-terbang-jakarta-ditutup,4 gunung berapi indonesia meletus serentak lapangan terbang jakarta ditutup
Europaweit einmalige Grotte in Niedersachsen überrascht seit mehr als 300 Jahren,http://www.kreiszeitung.de/lokales/niedersachsen/europaweit-einmalige-grotte-in-niedersachsen-ueberrascht-seit-mehr-als-300-jahren-94475495.html,2026-09-07 09:15:00+00:00,kreiszeitung.de,German,Germany,,Philippines,"(haze OR smog OR jerebu OR karhutla OR ""forest fire"" OR wildfire) Philippines",http://www.kreiszeitung.de/lokales/niedersachsen/europaweit-einmalige-grotte-in-niedersachsen-ueberrascht-seit-mehr-als-300-jahren-94475495.html,europaweit einmalige grotte in niedersachsen berrascht seit mehr als 300 jahren
Zambry : Higher education institutions told to monitor haze situation,https://www.thestar.com.my/news/nation/2026/09/07/zambry-higher-education-institutions-told-to-monitor-haze-situation,2026-09-07 08:30:00+00:00,thestar.com.my,English,Malaysia,https://apicms.thestar.com.my/uploads/images/2026/09/07/4097190.JPG,Malaysia,"(haze OR smog OR jerebu OR karhutla OR ""forest fire"" OR wildfire OR ""PM2.5"" OR หมอกควัน OR ไฟป่า OR ""khói mù"" OR ""cháy rừng"") sourcecountry:malaysia",https://www.thestar.com.my/news/nation/2026/09/07/zambry-higher-education-institutions-told-to-monitor-haze-situation,zambry higher education institutions told to monitor haze situation
"Wildfires , heat waves threaten to undermine air quality , UN weather agency says - Environment",http://www.thejakartapost.com/culture/2026/09/07/wildfires-heat-waves-threaten-to-undermine-air-quality-un-weather-agency-says,2026-09-07 08:30:00+00:00,thejakartapost.com,English,Indonesia,https://img.jakpost.net/c/2026/09/07/2026_09_07_179491_1788759125._large.jpg,Indonesia,"(haze OR smog OR jerebu OR karhutla OR ""forest fire"" OR wildfire OR ""PM2.5"" OR หมอกควัน OR ไฟป่า OR ""khói mù"" OR ""cháy rừng"") sourcecountry:indonesia",http://www.thejakartapost.com/culture/2026/09/07/wildfires-heat-waves-threaten-to-undermine-air-quality-un-weather-agency-says,wildfires heat waves threaten to undermine air quality un weather agency says environment
"Malaysia lifts haze emergency in Sarawak , but warns pollution risks remain",https://www.scmp.com/news/asia/southeast-asia/article/3366615/malaysia-lifts-haze-emergency-sarawak-warns-pollution-risks-remain,2026-09-07 08:30:00+00:00,scmp.com,English,China,https://cdn.i-scmp.com/sites/default/files/styles/og_image_scmp_generic/public/d8/images/canvas/2026/09/07/a5af416c-b35c-4daf-8232-1e6d848e99d5_75574c23.jpg?itok=lFzgXmxN&v=1788765857,Malaysia,"(haze OR smog OR jerebu OR karhutla OR ""forest fire"" OR wildfire) Malaysia",https://www.scmp.com/news/asia/southeast-asia/article/3366615/malaysia-lifts-haze-emergency-sarawak-warns-pollution-risks-remain,malaysia lifts haze emergency in sarawak but warns pollution risks remain
"Malaysia lifts emergency declaration in Sarawak district as fire haze eases , though air quality still poor",https://whtc.com/2026/09/07/malaysia-lifts-emergency-declaration-in-sarawak-district-as-fire-haze-eases-though-air-quality-still-poor/,2026-09-07 08:15:00+00:00,whtc.com,English,United States,https://storage.googleapis.com/media.mwcradio.com/mimesis/2026-09/07/2026-09-07T044213Z_1_LYNXMPEM8609L_RTROPTP_3_ASIA-WEATHER-MALAYSIA-PROTEST.JPG,Malaysia,"(haze OR smog OR jerebu OR karhutla OR ""forest fire"" OR wildfire) Malaysia",https://whtc.com/2026/09/07/malaysia-lifts-emergency-declaration-in-sarawak-district-as-fire-haze-eases-though-air-quality-still-poor,malaysia lifts emergency declaration in sarawak district as fire haze eases though air quality still poor
Indonesia fires push palm oil prices higher : How it impacts global markets,https://www.moneycontrol.com/world/indonesia-fires-push-palm-oil-prices-higher-how-it-impacts-global-markets-article-14024033.html,2026-09-07 07:45:00+00:00,moneycontrol.com,English,India,https://images.moneycontrol.com/static-mcnews/2019/09/Palm-oil.jpg,Philippines,"(haze OR smog OR jerebu OR karhutla OR ""forest fire"" OR wildfire) Philippines",https://www.moneycontrol.com/world/indonesia-fires-push-palm-oil-prices-higher-how-it-impacts-global-markets-article-14024033.html,indonesia fires push palm oil prices higher how it impacts global markets
Chiang Rai Districts Explained : Where to Live by Lifestyle,https://www.chiangraitimes.com/chiang-rai-guide/chiang-rai-districts-explained/,2026-09-07 07:00:00+00:00,chiangraitimes.com,English,Thailand,https://i0.wp.com/www.chiangraitimes.com/wp-content/uploads/2026/08/5df368dad6f2a.jpeg,Thailand,"(haze OR smog OR jerebu OR karhutla OR ""forest fire"" OR wildfire OR ""PM2.5"" OR หมอกควัน OR ไฟป่า OR ""khói mù"" OR ""cháy rừng"") sourcecountry:thailand",https://www.chiangraitimes.com/chiang-rai-guide/chiang-rai-districts-explained,chiang rai districts explained where to live by lifestyle
Ibu bapa dibenar tak hantar anak ke sekolah akibat jerebu,https://www.freemalaysiatoday.com/category/bahasa/tempatan/2026/09/07/ibu-bapa-dibenar-tak-hantar-anak-ke-sekolah-akibat-jerebu,2026-09-07 06:15:00+00:00,freemalaysiatoday.com,Malay,Malaysia,"https://www.freemalaysiatoday.com/cdn-cgi/image/quality=75,format=auto,fit=cover,dpr=1,width=1200,height=630,gravity=center/https://media.freemalaysiatoday.com/wp-content/uploads/2025/04/23383ffb-sekolah-rendah-fmt-1425.webp",Malaysia,"(haze OR smog OR jerebu OR karhutla OR ""forest fire"" OR wildfire OR ""PM2.5"" OR หมอกควัน OR ไฟป่า OR ""khói mù"" OR ""cháy rừng"") sourcecountry:malaysia",https://www.freemalaysiatoday.com/category/bahasa/tempatan/2026/09/07/ibu-bapa-dibenar-tak-hantar-anak-ke-sekolah-akibat-jerebu,ibu bapa dibenar tak hantar anak ke sekolah akibat jerebu
"Beyond borders , beyond warnings : The Star",https://asianews.network/beyond-borders-beyond-warnings-the-star/,2026-09-07 06:00:00+00:00,asianews.network,English,China,https://asianews.network/wp-content/uploads/2026/09/AFP__20260826__C6HY7UC__v1__MidRes__MalaysiaIndonesiaEnvironmentClimateWildfire-2.jpg,Malaysia,"(haze OR smog OR jerebu OR karhutla OR ""forest fire"" OR wildfire) Malaysia",https://asianews.network/beyond-borders-beyond-warnings-the-star,beyond borders beyond warnings the star
PHIST 2026 -  Whole Village  to Protect Thailand Tourism Future,https://phuketnews.phuketindex.com/features/phist-2026-whole-village-223503.html,2026-09-07 05:30:00+00:00,phuketnews.phuketindex.com,English,Thailand,https://phuketnews.phuketindex.com/wp-content/uploads/2026/09/PHIST-2026-Whole-Village.jpg,"Singapore, Thailand","(haze OR smog OR jerebu OR karhutla OR ""forest fire"" OR wildfire OR ""PM2.5"" OR หมอกควัน OR ไฟป่า OR ""khói mù"" OR ""cháy rừng"") sourcecountry:thailand",https://phuketnews.phuketindex.com/features/phist-2026-whole-village-223503.html,phist 2026 whole village to protect thailand tourism future
Haze : King consents to lifting of emergency in Serian,https://www.thestar.com.my/news/nation/2026/09/07/haze-king-consents-to-lifting-of-emergency-in-serian,2026-09-07 05:30:00+00:00,thestar.com.my,English,Malaysia,https://apicms.thestar.com.my/uploads/images/2026/09/07/4096776.JPG,Malaysia,"(haze OR smog OR jerebu OR karhutla OR ""forest fire"" OR wildfire OR ""PM2.5"" OR หมอกควัน OR ไฟป่า OR ""khói mù"" OR ""cháy rừng"") sourcecountry:malaysia",https://www.thestar.com.my/news/nation/2026/09/07/haze-king-consents-to-lifting-of-emergency-in-serian,haze king consents to lifting of emergency in serian
阴阳师主流套装怎么选 - 御魂搭配主流套装推荐 _ 3DM手游,https://shouyou.3dmgame.com/gl/635272.html,2026-09-07 05:30:00+00:00,shouyou.3dmgame.com,Chinese,China,,Vietnam,"(haze OR smog OR jerebu OR karhutla OR ""forest fire"" OR wildfire) Vietnam",https://shouyou.3dmgame.com/gl/635272.html,3dm
Phổi tắc nghẽn mạn tính sau hai lần lao phổi - Báo VnExpress,https://vnexpress.net/phoi-tac-nghen-man-tinh-sau-hai-lan-lao-phoi-5117280.html,2026-09-07 05:15:00+00:00,vnexpress.net,Vietnamese,Vietnam,https://vcdn1-suckhoe.vnecdn.net/2026/09/07/image001-1788747020-7858-1788747087.png?&q=100&dpr=1&fit=crop&s=0NgneEe38mBm_OdBbDxB5w,Vietnam,"(haze OR smog OR jerebu OR karhutla OR ""forest fire"" OR wildfire OR ""PM2.5"" OR หมอกควัน OR ไฟป่า OR ""khói mù"" OR ""cháy rừng"") sourcecountry:vietnam",https://vnexpress.net/phoi-tac-nghen-man-tinh-sau-hai-lan-lao-phoi-5117280.html,ph i t c ngh n m n t nh sau hai l n lao ph i b o vnexpress
 [ TERKINI ] Agong perkenan tamatkan darurat jerebu di Serian,https://www.astroawani.com/berita-malaysia/terkini-agong-perkenan-tamatkan-darurat-jerebu-di-serian,2026-09-07 05:00:00+00:00,astroawani.com,Malay,Malaysia,https://media.astroawani.com/awani/media/uploads/image/2026-09/TB_JEREBU%20SERIAN%20SRI%20AMAN_BERNAMA.jpg?VersionId=W77cqnK9_p6efqDl3A0dsLBcOlckw15w,Malaysia,"(haze OR smog OR jerebu OR karhutla OR ""forest fire"" OR wildfire OR ""PM2.5"" OR หมอกควัน OR ไฟป่า OR ""khói mù"" OR ""cháy rừng"") sourcecountry:malaysia",https://www.astroawani.com/berita-malaysia/terkini-agong-perkenan-tamatkan-darurat-jerebu-di-serian,terkini agong perkenan tamatkan darurat jerebu di serian
Brisbane diselubungi jerebu ketika kebakaran belukar terus marak,https://www.astroawani.com/berita-dunia/brisbane-diselubungi-jerebu-ketika-kebakaran-belukar-terus-marak,2026-09-07 05:00:00+00:00,astroawani.com,Malay,Malaysia,https://media.astroawani.com/awani/media/uploads/image/2026-09/TB_bushfire%20_X%20%40QldFireDept.jpg?VersionId=59JsX6LZem9x0pCdXdeuiGH6.6m_jwfJ,Malaysia,"(haze OR smog OR jerebu OR karhutla OR ""forest fire"" OR wildfire OR ""PM2.5"" OR หมอกควัน OR ไฟป่า OR ""khói mù"" OR ""cháy rừng"") sourcecountry:malaysia",https://www.astroawani.com/berita-dunia/brisbane-diselubungi-jerebu-ketika-kebakaran-belukar-terus-marak,brisbane diselubungi jerebu ketika kebakaran belukar terus marak
全马41区空污达不健康 三马拉汉最严重230点 | 国内,https://www.orientaldaily.com.my/news/nation/2026/09/07/845966,2026-09-07 04:45:00+00:00,orientaldaily.com.my,Chinese,Malaysia,https://www.orientaldaily.com.my/storage/resize_cache/images/uploads/news-cover/2026/SEP_2026/20260907/bananago_20260907_002702.jpg/ad1b94a1b44d2bd37e3166b07b4c5e7f.jpg,Malaysia,"(haze OR smog OR jerebu OR karhutla OR ""forest fire"" OR wildfire OR ""PM2.5"" OR หมอกควัน OR ไฟป่า OR ""khói mù"" OR ""cháy rừng"") sourcecountry:malaysia",https://www.orientaldaily.com.my/news/nation/2026/09/07/845966,41 230
Emergency ends in Serian as haze situation improves,https://www.freemalaysiatoday.com/category/nation/2026/09/07/emergency-ends-in-serian-as-haze-situation-improves,2026-09-07 04:30:00+00:00,freemalaysiatoday.com,English,Malaysia,"https://www.freemalaysiatoday.com/cdn-cgi/image/quality=80,format=auto,fit=cover,dpr=1,width=1200,height=630,gravity=center/https://media.freemalaysiatoday.com/v3/2026/08/e4dea288-6871-490c-8d16-f3e9af72ea31-Jerebu-Sarawak-Bernama-pic-270826.jpg",Malaysia,"(haze OR smog OR jerebu OR karhutla OR ""forest fire"" OR wildfire OR ""PM2.5"" OR หมอกควัน OR ไฟป่า OR ""khói mù"" OR ""cháy rừng"") sourcecountry:malaysia",https://www.freemalaysiatoday.com/category/nation/2026/09/07/emergency-ends-in-serian-as-haze-situation-improves,emergency ends in serian as haze situation improves
Malaysia đóng cửa hàng trăm trường học vì ô nhiễm không khí,http://vov.vn/the-gioi/malaysia-dong-cua-hang-tram-truong-hoc-vi-o-nhiem-khong-khi-post1330554.vov,2026-09-07 04:30:00+00:00,vov.vn,Vietnamese,Vietnam,https://media.vov.vn/sites/default/files/styles/og_image/public/2026-09/o-nhiem-khong-khi-malaysia.png.jpg?v=1788754356,Vietnam,"(haze OR smog OR jerebu OR karhutla OR ""forest fire"" OR wildfire OR ""PM2.5"" OR หมอกควัน OR ไฟป่า OR ""khói mù"" OR ""cháy rừng"") sourcecountry:vietnam",http://vov.vn/the-gioi/malaysia-dong-cua-hang-tram-truong-hoc-vi-o-nhiem-khong-khi-post1330554.vov,malaysia ng c a h ng tr m tr ng h c v nhi m kh ng kh
Agong perkenan tamat darurat di Serian,https://www.utusan.com.my/nasional/2026/09/agong-perkenan-tamat-darurat-di-serian/,2026-09-07 04:15:00+00:00,utusan.com.my,Malay,Malaysia,http://www.utusan.com.my/wp-content/uploads/2026/09/BER1543709_SK01_01092026_JEREBU_SARAWAK-mpr.jpg,Malaysia,"(haze OR smog OR jerebu OR karhutla OR ""forest fire"" OR wildfire OR ""PM2.5"" OR หมอกควัน OR ไฟป่า OR ""khói mù"" OR ""cháy rừng"") sourcecountry:malaysia",https://www.utusan.com.my/nasional/2026/09/agong-perkenan-tamat-darurat-di-serian,agong perkenan tamat darurat di serian
Asia natural disasters must not become financial crises - Academia,http://www.thejakartapost.com/opinion/2026/09/07/asias-natural-disasters-must-not-become-financial-crises,2026-09-07 04:15:00+00:00,thejakartapost.com,English,Indonesia,https://img.jakpost.net/c/2026/09/01/2026_09_01_179223_1788241774._large.jpg,Indonesia,"(haze OR smog OR jerebu OR karhutla OR ""forest fire"" OR wildfire OR ""PM2.5"" OR หมอกควัน OR ไฟป่า OR ""khói mù"" OR ""cháy rừng"") sourcecountry:indonesia",http://www.thejakartapost.com/opinion/2026/09/07/asias-natural-disasters-must-not-become-financial-crises,asia natural disasters must not become financial crises academia
Property Agents Turn Haze Into Funny Real Estate Marketing Stunt,https://www.therakyatpost.com/news/2026/09/07/property-agents-turn-haze-into-funny-real-estate-marketing-stunt/,2026-09-07 04:15:00+00:00,therakyatpost.com,English,Malaysia,https://www.therakyatpost.com/wp-content/uploads/2026/09/TRP-J-1-2026-09-07T111455.974.jpg,Malaysia,"(haze OR smog OR jerebu OR karhutla OR ""forest fire"" OR wildfire OR ""PM2.5"" OR หมอกควัน OR ไฟป่า OR ""khói mù"" OR ""cháy rừng"") sourcecountry:malaysia",https://www.therakyatpost.com/news/2026/09/07/property-agents-turn-haze-into-funny-real-estate-marketing-stunt,property agents turn haze into funny real estate marketing stunt
Indonesia vows to work with ASEAN members on haze - Asia & Pacific,http://www.thejakartapost.com/world/2026/09/07/indonesia-vows-to-work-with-asean-members-on-haze,2026-09-07 04:15:00+00:00,thejakartapost.com,English,Indonesia,https://img.jakpost.net/c/2026/09/06/2026_09_06_179456_1788630771._large.jpg,"Indonesia, Malaysia","(haze OR smog OR jerebu OR karhutla OR ""forest fire"" OR wildfire OR ""PM2.5"" OR หมอกควัน OR ไฟป่า OR ""khói mù"" OR ""cháy rừng"") sourcecountry:indonesia",http://www.thejakartapost.com/world/2026/09/07/indonesia-vows-to-work-with-asean-members-on-haze,indonesia vows to work with asean members on haze asia pacific
Haze : Swak tourism players maintain sunny outlook for last quarter,https://www.thestar.com.my/news/nation/2026/09/07/haze-s039wak-tourism-players-maintain-sunny-outlook-for-last-quarter,2026-09-07 03:45:00+00:00,thestar.com.my,English,Malaysia,https://apicms.thestar.com.my/uploads/images/2026/09/07/4096594.jpg,Malaysia,"(haze OR smog OR jerebu OR karhutla OR ""forest fire"" OR wildfire OR ""PM2.5"" OR หมอกควัน OR ไฟป่า OR ""khói mù"" OR ""cháy rừng"") sourcecountry:malaysia",https://www.thestar.com.my/news/nation/2026/09/07/haze-s039wak-tourism-players-maintain-sunny-outlook-for-last-quarter,haze swak tourism players maintain sunny outlook for last quarter
Hanya Samarahan catat IPU sangat tak sihat,https://www.freemalaysiatoday.com/category/bahasa/tempatan/2026/09/07/hanya-samarahan-catat-ipu-sangat-tak-sihat,2026-09-07 03:30:00+00:00,freemalaysiatoday.com,Malay,Malaysia,"https://www.freemalaysiatoday.com/cdn-cgi/image/quality=75,format=auto,fit=cover,dpr=1,width=1200,height=630,gravity=center/https://media.freemalaysiatoday.com/v3/2026/08/9087a436-3873-4296-8fef-448aa08ff346-jerebu-sarawak-bernama-pic-30826.webp",Malaysia,"(haze OR smog OR jerebu OR karhutla OR ""forest fire"" OR wildfire OR ""PM2.5"" OR หมอกควัน OR ไฟป่า OR ""khói mù"" OR ""cháy rừng"") sourcecountry:malaysia",https://www.freemalaysiatoday.com/category/bahasa/tempatan/2026/09/07/hanya-samarahan-catat-ipu-sangat-tak-sihat,hanya samarahan catat ipu sangat tak sihat
Indonesian wildfires spurred by super El Niño choke South - East Asia - 07 - Sep - 2026,"https://home.nzcity.co.nz/news/article.aspx?id=453554&fm=psp,tsf",2026-09-07 03:30:00+00:00,home.nzcity.co.nz,English,New Zealand,,Singapore,"(haze OR smog OR jerebu OR karhutla OR ""forest fire"" OR wildfire) Singapore",https://home.nzcity.co.nz/news/article.aspx,indonesian wildfires spurred by super el ni o choke south east asia 07 sep 2026
Hành trình đến trường xanh tươi của trẻ tại Ecopark,https://vneconomy.vn/hanh-trinh-den-truong-giua-xanh-tuoi-cua-tre-tai-cac-dai-do-thi-ecopark.htm,2026-09-07 02:15:00+00:00,vneconomy.vn,Vietnamese,Vietnam,https://premedia.vneconomy.vn/files/uploads/2026/09/06/4a73d72e504a405cb1c592a7f6dade41-117104.jpg?&mode=crop,Vietnam,"(haze OR smog OR jerebu OR karhutla OR ""forest fire"" OR wildfire OR ""PM2.5"" OR หมอกควัน OR ไฟป่า OR ""khói mù"" OR ""cháy rừng"") sourcecountry:vietnam",https://vneconomy.vn/hanh-trinh-den-truong-giua-xanh-tuoi-cua-tre-tai-cac-dai-do-thi-ecopark.htm,h nh tr nh n tr ng xanh t i c a tr t i ecopark
Hành trình đến trường giữa xanh tươi tại các đại đô thị Ecopark,https://thanhnien.vn/hanh-trinh-den-truong-giua-xanh-tuoi-tai-cac-dai-do-thi-ecopark-185260906170503529.htm,2026-09-07 02:15:00+00:00,thanhnien.vn,Vietnamese,Vietnam,https://images2.thanhnien.vn/zoom/1200_630/528068263637045248/2026/9/6/1-17886886915411469922462-144-0-898-1440-crop-1788689088011264695945.jpg,Vietnam,"(haze OR smog OR jerebu OR karhutla OR ""forest fire"" OR wildfire OR ""PM2.5"" OR หมอกควัน OR ไฟป่า OR ""khói mù"" OR ""cháy rừng"") sourcecountry:vietnam",https://thanhnien.vn/hanh-trinh-den-truong-giua-xanh-tuoi-tai-cac-dai-do-thi-ecopark-185260906170503529.htm,h nh tr nh n tr ng gi a xanh t i t i c c i th ecopark
Air quality across Singapore to be between high moderate and low unhealthy range in next 24 hours,https://www.straitstimes.com/singapore/air-quality-across-singapore-to-be-between-high-moderate-and-low-unhealthy-range-in-next-24-hours,2026-09-07 02:15:00+00:00,straitstimes.com,English,Singapore,https://cassette.sphdigital.com.sg/image/straitstimes/f9d6c6e0d12b07ea2bc7099112f76724c7d0f4a09b4b618f54d537ad22f930a9,Singapore,"(haze OR smog OR jerebu OR karhutla OR ""forest fire"" OR wildfire OR ""PM2.5"" OR หมอกควัน OR ไฟป่า OR ""khói mù"" OR ""cháy rừng"") sourcecountry:singapore",https://www.straitstimes.com/singapore/air-quality-across-singapore-to-be-between-high-moderate-and-low-unhealthy-range-in-next-24-hours,air quality across singapore to be between high moderate and low unhealthy range in next 24 hours
Rơm rạ thành nguồn tài nguyên trên đồng ruộng,https://baomoi.com/rom-ra-thanh-nguon-tai-nguyen-tren-dong-ruong-c55992957.epi,2026-09-07 02:00:00+00:00,baomoi.com,Vietnamese,Vietnam,https://baomoi-photo-fbcrawler.bmcdn.me/w1200_r16x9/2026_09_07_630_55992957/78dbf62f4964a03af975.jpg,Vietnam,"(haze OR smog OR jerebu OR karhutla OR ""forest fire"" OR wildfire OR ""PM2.5"" OR หมอกควัน OR ไฟป่า OR ""khói mù"" OR ""cháy rừng"") sourcecountry:vietnam",https://baomoi.com/rom-ra-thanh-nguon-tai-nguyen-tren-dong-ruong-c55992957.epi,r m r th nh ngu n t i nguy n tr n ng ru ng
深圳早晨｜有企业暴涨400 %！ 全球爆单 _ 深圳新闻网,https://www.sznews.com/news/content/2026-09/07/content_32165658.htm,2026-09-07 01:45:00+00:00,sznews.com,Chinese,China,,Thailand,"(haze OR smog OR jerebu OR karhutla OR ""forest fire"" OR wildfire) Thailand",https://www.sznews.com/news/content/2026-09/07/content_32165658.htm,400
印尼多座机场因火山灰暂停航班起降 逾2万乘客受影响,https://www.zaobao.com.sg/news/sea/story20260906-9633271,2026-09-07 00:45:00+00:00,zaobao.com.sg,Chinese,Singapore,https://cassette.sphdigital.com.sg/image/zaobao/c6738f8184064d9df15d25f46cfa725017e493fcb320eaebdff38adca48fc393,"Malaysia, Singapore","(haze OR smog OR jerebu OR karhutla OR ""forest fire"" OR wildfire OR ""PM2.5"" OR หมอกควัน OR ไฟป่า OR ""khói mù"" OR ""cháy rừng"") sourcecountry:singapore",https://www.zaobao.com.sg/news/sea/story20260906-9633271,2
2026年09月07日 星期一 听新闻简报,https://www.zaobao.com.sg/specials/the-audio-brief/20260907,2026-09-07 00:45:00+00:00,zaobao.com.sg,Chinese,Singapore,https://dss0.zbstatic5.com/s3fs-public/2025-08/lianhe-zaobao-963haofm-the-audio-brief-cover.png,Singapore,"(haze OR smog OR jerebu OR karhutla OR ""forest fire"" OR wildfire OR ""PM2.5"" OR หมอกควัน OR ไฟป่า OR ""khói mù"" OR ""cháy rừng"") sourcecountry:singapore",https://www.zaobao.com.sg/specials/the-audio-brief/20260907,2026 09 07
山田涼介 、 初のソロアジアツアー開幕 深紅のステージで1万人魅了 「 Bloomin 」 現地語歌唱も 【 ライブレポート 】： 紀伊民報AGARA｜和歌山県のニュースサイト,https://www.agara.co.jp/article/682651,2026-09-06 22:15:00+00:00,agara.co.jp,Japanese,Japan,https://www.agara.co.jp/image/article/size1/c/b/3/e/cb3e2be584739ba5d44e039d1429d52f_1.jpg,Thailand,"(haze OR smog OR jerebu OR karhutla OR ""forest fire"" OR wildfire) Thailand",https://www.agara.co.jp/article/682651,1 bloomin agara
山田涼介 、 初のソロアジアツアー開幕 深紅のステージで1万人魅了 「 Bloomin 」 現地語歌唱も 【 ライブレポート 】 ｜山形新聞,https://www.yamagata-np.jp/oricon/print.php?id=2478674,2026-09-06 22:15:00+00:00,yamagata-np.jp,Japanese,Japan,https://www.yamagata-np.jp/,Thailand,"(haze OR smog OR jerebu OR karhutla OR ""forest fire"" OR wildfire) Thailand",https://www.yamagata-np.jp/oricon/print.php,1 bloomin
岩手日報ONLINE,https://www.iwate-np.co.jp/article/oricon/2478674,2026-09-06 20:30:00+00:00,iwate-np.co.jp,Japanese,Japan,,Thailand,"(haze OR smog OR jerebu OR karhutla OR ""forest fire"" OR wildfire) Thailand",https://www.iwate-np.co.jp/article/oricon/2478674,online
尺剪裁开新岁月 ， 铁铧翻醒后园春 （ 西雅图的女客人30 ） - 博客,https://blog.wenxuecity.com/myblog/37163/202609/3955.html,2026-09-06 20:15:00+00:00,blog.wenxuecity.com,Chinese,China,,Vietnam,"(haze OR smog OR jerebu OR karhutla OR ""forest fire"" OR wildfire) Vietnam",https://blog.wenxuecity.com/myblog/37163/202609/3955.html,30
AP Trending SummaryBrief at 1 : 30 p . m . EDT,http://www.hngnews.com/nation_world/ap-trending-summarybrief-at-1-30-p-m-edt/article_21e0f434-bd81-54d4-90bb-b482faa25263.html,2026-09-06 19:00:00+00:00,hngnews.com,English,United States,https://bloximages.newyork1.vip.townnews.com/hngnews.com/content/tncms/custom/image/ab050ce8-ef00-11eb-9947-3fa732d15a79.jpg,Singapore,"(haze OR smog OR jerebu OR karhutla OR ""forest fire"" OR wildfire) Singapore",http://www.hngnews.com/nation_world/ap-trending-summarybrief-at-1-30-p-m-edt/article_21e0f434-bd81-54d4-90bb-b482faa25263.html,ap trending summarybrief at 1 30 p m edt
Ινδονησία : Εντυπωσιακές εικόνες από την έκρηξη του ηφαιστείου Άνακ Κρακατάου - 150 . 000 εγκλωβισμένοι σε αεροδρόμια,https://www.in.gr/2026/09/06/world/indonisia-entyposiakes-eikones-apo-tin-ekriksi-tou-ifaisteiou-anak-krakataou-150-000-epivates-egklovismenoi-se-aerodromia/,2026-09-06 18:00:00+00:00,in.gr,Greek,Greece,https://www.in.gr/wp-content/uploads/2026/09/2026-09-06T054559Z_1250484646_RC24DNAYB9K1_RTRMADP_3_INDONESIA-VOLCANO.jpg,Malaysia,"(haze OR smog OR jerebu OR karhutla OR ""forest fire"" OR wildfire) Malaysia",https://www.in.gr/2026/09/06/world/indonisia-entyposiakes-eikones-apo-tin-ekriksi-tou-ifaisteiou-anak-krakataou-150-000-epivates-egklovismenoi-se-aerodromia,150 000
"Anwar Ibrahim Telepon Jokowi , Sampaikan Solidaritas Terkait Erupsi Anak Krakatau dan Karhutla : Okezone News",https://news.okezone.com/read/2026/09/06/337/3240493/anwar-ibrahim-telepon-jokowi-sampaikan-solidaritas-terkait-erupsi-anak-krakatau-dan-karhutla,2026-09-06 18:00:00+00:00,news.okezone.com,Malay,Indonesia,https://cdn.okezone.com/underwood/revamp/assets/2025/imgsrc.png,Indonesia,"(haze OR smog OR jerebu OR karhutla OR ""forest fire"" OR wildfire OR ""PM2.5"" OR หมอกควัน OR ไฟป่า OR ""khói mù"" OR ""cháy rừng"") sourcecountry:indonesia",https://news.okezone.com/read/2026/09/06/337/3240493/anwar-ibrahim-telepon-jokowi-sampaikan-solidaritas-terkait-erupsi-anak-krakatau-dan-karhutla,anwar ibrahim telepon jokowi sampaikan solidaritas terkait erupsi anak krakatau dan karhutla okezone news
The Bookless Club : What are you doing about the quality of air you breathe ? ,https://vancouversun.com:443/opinion/columnists/the-bookless-club-what-are-you-doing-about-the-quality-of-air-you-breathe,2026-09-06 17:30:00+00:00,vancouversun.com,English,Canada,,Malaysia,"(haze OR smog OR jerebu OR karhutla OR ""forest fire"" OR wildfire) Malaysia",https://vancouversun.com:443/opinion/columnists/the-bookless-club-what-are-you-doing-about-the-quality-of-air-you-breathe,the bookless club what are you doing about the quality of air you breathe
La Nación / Malasia declara emergencia por niebla tóxica de incendios en Indonesia,https://www.lanacion.com.py/mundo/2026/09/06/malasia-declara-emergencia-por-niebla-toxica-de-incendios-en-indonesia/,2026-09-06 17:15:00+00:00,lanacion.com.py,Spanish,Paraguay,https://www.lanacion.com.py/resizer/v2/FZK4ERXAXNDDDO6DVZ74IMMICU.jpg?auth=d4c1aa8adc60097eb2d3521bc6afd3d1da0b32564cf5e768849097de3fd53d19&smart=true,Malaysia,"(haze OR smog OR jerebu OR karhutla OR ""forest fire"" OR wildfire) Malaysia",https://www.lanacion.com.py/mundo/2026/09/06/malasia-declara-emergencia-por-niebla-toxica-de-incendios-en-indonesia,la naci n malasia declara emergencia por niebla t xica de incendios en indonesia
"Indonesia nỗ lực dập lửa , ngăn cháy rừng đe dọa Thủ đô mới Nusantara",https://anninhthudo.vn/indonesia-no-luc-dap-lua-ngan-chay-rung-uy-hiep-thu-do-moi-nusantara-post666314.antd,2026-09-06 17:00:00+00:00,anninhthudo.vn,Vietnamese,Vietnam,https://cdn.anninhthudo.vn/images/TxdZwsk1Wx4jEL3aSnqVzgMHLGdsARsjLdnYL40TUK3cO6xRY2WrFF7P46rSTMx9pwCzU1X_Ssfa7HsFLF-OxQ/1000049644.jpg.webp,Vietnam,"(haze OR smog OR jerebu OR karhutla OR ""forest fire"" OR wildfire OR ""PM2.5"" OR หมอกควัน OR ไฟป่า OR ""khói mù"" OR ""cháy rừng"") sourcecountry:vietnam",https://anninhthudo.vn/indonesia-no-luc-dap-lua-ngan-chay-rung-uy-hiep-thu-do-moi-nusantara-post666314.antd,indonesia n l c d p l a ng n ch y r ng e d a th m i nusantara
AP Trending SummaryBrief at 11 : 45 a . m . EDT,https://santamariatimes.com/ap/national/ap-trending-summarybrief-at-11-45-a-m-edt/article_6e35f4ba-d7fc-5618-832e-cfae97f07029.html,2026-09-06 16:45:00+00:00,santamariatimes.com,English,United States,https://bloximages.chicago2.vip.townnews.com/santamariatimes.com/content/tncms/custom/image/b9c888ca-59a2-11eb-a31f-0b4d74fa96dc.jpg,Singapore,"(haze OR smog OR jerebu OR karhutla OR ""forest fire"" OR wildfire) Singapore",https://santamariatimes.com/ap/national/ap-trending-summarybrief-at-11-45-a-m-edt/article_6e35f4ba-d7fc-5618-832e-cfae97f07029.html,ap trending summarybrief at 11 45 a m edt
Metro Cebu Air Quality Improves as Haze Levels Drop,https://www.sunstar.com.ph/cebu/air-quality-improves-as-haze-level-drops,2026-09-06 16:00:00+00:00,sunstar.com.ph,English,Philippines,https://cf-images.assettype.com/sunstar%2F2026-09-03%2F633k6t46%2FCebu-haze-2.jpg?rect=0%2C85%2C750%2C394&ar=40%3A21&auto=format%2Ccompress&ogImage=true&mode=crop&enlarge=true&overlay=false&overlay_position=bottom&overlay_width=100,Philippines,"(haze OR smog OR jerebu OR karhutla OR ""forest fire"" OR wildfire OR ""PM2.5"" OR หมอกควัน OR ไฟป่า OR ""khói mù"" OR ""cháy rừng"") sourcecountry:philippines",https://www.sunstar.com.ph/cebu/air-quality-improves-as-haze-level-drops,metro cebu air quality improves as haze levels drop
"Indonesia nỗ lực dập lửa , ngăn cháy rừng uy hiếp Thủ đô mới Nusantara",https://baomoi.com/indonesia-no-luc-dap-lua-ngan-chay-rung-uy-hiep-thu-do-moi-nusantara-c55991827.epi,2026-09-06 16:00:00+00:00,baomoi.com,Vietnamese,Vietnam,https://baomoi-photo-fbcrawler.bmcdn.me/w1200_r16x9/2026_09_06_106_55991827/ebc64fddf19618c84187.jpg,Vietnam,"(haze OR smog OR jerebu OR karhutla OR ""forest fire"" OR wildfire OR ""PM2.5"" OR หมอกควัน OR ไฟป่า OR ""khói mù"" OR ""cháy rừng"") sourcecountry:vietnam",https://baomoi.com/indonesia-no-luc-dap-lua-ngan-chay-rung-uy-hiep-thu-do-moi-nusantara-c55991827.epi,indonesia n l c d p l a ng n ch y r ng uy hi p th m i nusantara
AP Trending SummaryBrief at 9 : 33 a . m . EDT,https://www.ktvo.com/news/nation-world/ap-trending-summarybrief-at-9-33-a-m-edt/article_8446aaad-660a-5776-bb7f-b3794e4d275f.html,2026-09-06 16:00:00+00:00,ktvo.com,English,United States,https://bloximages.chicago2.vip.townnews.com/ktvo.com/content/tncms/custom/image/875ca889-355f-44a7-ab2e-a055a183fe84.png,Singapore,"(haze OR smog OR jerebu OR karhutla OR ""forest fire"" OR wildfire) Singapore",https://www.ktvo.com/news/nation-world/ap-trending-summarybrief-at-9-33-a-m-edt/article_8446aaad-660a-5776-bb7f-b3794e4d275f.html,ap trending summarybrief at 9 33 a m edt
区域烟霾持续 未来24小时PSI或达不健康水平,https://www.zaobao.com.sg/news/singapore/story20260906-9635663,2026-09-06 15:30:00+00:00,zaobao.com.sg,Chinese,Singapore,https://cassette.sphdigital.com.sg/image/zaobao/0d79967f9440ee4109ed085fd76cc83ccba55be8e69fe8f93275bb2dc125b23c,Singapore,"(haze OR smog OR jerebu OR karhutla OR ""forest fire"" OR wildfire OR ""PM2.5"" OR หมอกควัน OR ไฟป่า OR ""khói mù"" OR ""cháy rừng"") sourcecountry:singapore",https://www.zaobao.com.sg/news/singapore/story20260906-9635663,24 psi
马来西亚烟霾好转 唯砂拉越仍严重近650所学校停课五天,https://www.zaobao.com.sg/news/sea/story20260906-9635644,2026-09-06 15:30:00+00:00,zaobao.com.sg,Chinese,Singapore,https://cassette.sphdigital.com.sg/image/zaobao/0afc50eb4d22ee7a9c0e85ded8616ede76d36c0f6588522ab1e01bb83b83df69,"Malaysia, Singapore","(haze OR smog OR jerebu OR karhutla OR ""forest fire"" OR wildfire OR ""PM2.5"" OR หมอกควัน OR ไฟป่า OR ""khói mù"" OR ""cháy rừng"") sourcecountry:singapore",https://www.zaobao.com.sg/news/sea/story20260906-9635644,650
Haze emergency grips Sarawak town - Asia & Pacific,http://www.thejakartapost.com/world/2026/09/06/haze-emergency-grips-sarawak-town,2026-09-06 14:30:00+00:00,thejakartapost.com,English,Indonesia,https://img.jakpost.net/c/2026/09/06/2026_09_06_179469_1788694865._large.jpg,"Indonesia, Malaysia","(haze OR smog OR jerebu OR karhutla OR ""forest fire"" OR wildfire OR ""PM2.5"" OR หมอกควัน OR ไฟป่า OR ""khói mù"" OR ""cháy rừng"") sourcecountry:indonesia",http://www.thejakartapost.com/world/2026/09/06/haze-emergency-grips-sarawak-town,haze emergency grips sarawak town asia pacific
Anwar Ibrahim Telepon Jokowi soal Karhutla dan Erupsi Anak Krakatau,https://nasional.sindonews.com/read/1746975/12/anwar-ibrahim-telepon-jokowi-soal-karhutla-dan-erupsi-anak-krakatau-1788696583,2026-09-06 14:00:00+00:00,nasional.sindonews.com,Indonesian,Indonesia,https://pict.sindonews.com/dyn/850/pena/news/2026/09/06/12/1746975/anwar-ibrahim-telepon-jokowi-soal-karhutla-dan-erupsi-anak-krakatau-csi.jpg,Indonesia,"(haze OR smog OR jerebu OR karhutla OR ""forest fire"" OR wildfire OR ""PM2.5"" OR หมอกควัน OR ไฟป่า OR ""khói mù"" OR ""cháy rừng"") sourcecountry:indonesia",https://nasional.sindonews.com/read/1746975/12/anwar-ibrahim-telepon-jokowi-soal-karhutla-dan-erupsi-anak-krakatau-1788696583,anwar ibrahim telepon jokowi soal karhutla dan erupsi anak krakatau
Selangor ready to distribute face masks for high - risk groups,https://www.freemalaysiatoday.com/category/nation/2026/09/06/selangor-ready-to-distribute-face-masks-for-high-risk-groups,2026-09-06 13:45:00+00:00,freemalaysiatoday.com,English,Malaysia,"https://www.freemalaysiatoday.com/cdn-cgi/image/quality=80,format=auto,fit=cover,dpr=1,width=1200,height=630,gravity=center/https://media.freemalaysiatoday.com/v3/2026/08/bcc5f639-93b1-4b22-9fa0-bf1844f25b3f-JEREBU-KUALA-LUMPUR-2.jpg",Malaysia,"(haze OR smog OR jerebu OR karhutla OR ""forest fire"" OR wildfire OR ""PM2.5"" OR หมอกควัน OR ไฟป่า OR ""khói mù"" OR ""cháy rừng"") sourcecountry:malaysia",https://www.freemalaysiatoday.com/category/nation/2026/09/06/selangor-ready-to-distribute-face-masks-for-high-risk-groups,selangor ready to distribute face masks for high risk groups
"Pahang Sultan , Tengku Ampuan advise public to be cautious during hot weather , haze",https://www.thestar.com.my/news/nation/2026/09/06/pahang-sultan-tengku-ampuan-advise-public-to-be-cautious-during-hot-weather-haze,2026-09-06 12:45:00+00:00,thestar.com.my,English,Malaysia,https://apicms.thestar.com.my/uploads/images/2026/09/06/4095876.jpg,Malaysia,"(haze OR smog OR jerebu OR karhutla OR ""forest fire"" OR wildfire OR ""PM2.5"" OR หมอกควัน OR ไฟป่า OR ""khói mù"" OR ""cháy rừng"") sourcecountry:malaysia",https://www.thestar.com.my/news/nation/2026/09/06/pahang-sultan-tengku-ampuan-advise-public-to-be-cautious-during-hot-weather-haze,pahang sultan tengku ampuan advise public to be cautious during hot weather haze
Jerebu paksa empat acara Para SUKMA ditangguh hari ini,https://www.utusan.com.my/terkini/2026/09/jerebu-paksa-empat-acara-para-sukma-ditangguh-hari-ini/,2026-09-06 12:45:00+00:00,utusan.com.my,Malay,Malaysia,http://www.utusan.com.my/wp-content/uploads/2026/08/BAru-CUACAJEREBU_8804.jpg,Malaysia,"(haze OR smog OR jerebu OR karhutla OR ""forest fire"" OR wildfire OR ""PM2.5"" OR หมอกควัน OR ไฟป่า OR ""khói mù"" OR ""cháy rừng"") sourcecountry:malaysia",https://www.utusan.com.my/terkini/2026/09/jerebu-paksa-empat-acara-para-sukma-ditangguh-hari-ini,jerebu paksa empat acara para sukma ditangguh hari ini
Lebuh raya ditutup kerana jerebu,https://www.utusan.com.my/luar-negara/2026/09/lebuh-raya-ditutup-kerana-jerebu/,2026-09-06 12:45:00+00:00,utusan.com.my,Malay,Malaysia,http://www.utusan.com.my/wp-content/uploads/2026/09/ANtara.jpg,"Malaysia, Singapore","(haze OR smog OR jerebu OR karhutla OR ""forest fire"" OR wildfire OR ""PM2.5"" OR หมอกควัน OR ไฟป่า OR ""khói mù"" OR ""cháy rừng"") sourcecountry:malaysia",https://www.utusan.com.my/luar-negara/2026/09/lebuh-raya-ditutup-kerana-jerebu,lebuh raya ditutup kerana jerebu
提防1997年亞洲金融風暴重現 ？ 滙豐報告示警 ： 市場浮現三大 「 危險特徵 」 | 李靖棠 | 新聞,https://www.storm.mg/article/11162238,2026-09-06 12:30:00+00:00,storm.mg,Chinese,Madagascar,https://images.storm.mg/cloud/5223d14486058da7051d8ecda26839293b14dc21.jpg?url=s3%3A%2F%2Fnew-storm-public-resource%2Fgallery%2F2194751%2FEIQlqvioQLBkLKNFfYOIFkFhtAwkb2QNXW7r16QE.jpg&g=no,Singapore,"(haze OR smog OR jerebu OR karhutla OR ""forest fire"" OR wildfire) Singapore",https://www.storm.mg/article/11162238,1997
Haze update for Sept 6 : 24 - hour PSI expected to remain in moderate to unhealthy range,https://www.asiaone.com/singapore/haze-situation-6-september-psi-singapore,2026-09-06 12:30:00+00:00,asiaone.com,English,Singapore,https://www.asiaone.com/sites/default/files/styles/article_top_image/public/original_images/Sep2026/24_hour_PSI_Singapore_6_September_Moderate_to_Unhealthy_wate.png?itok=kOQwgw1F,Singapore,"(haze OR smog OR jerebu OR karhutla OR ""forest fire"" OR wildfire OR ""PM2.5"" OR หมอกควัน OR ไฟป่า OR ""khói mù"" OR ""cháy rừng"") sourcecountry:singapore",https://www.asiaone.com/singapore/haze-situation-6-september-psi-singapore,haze update for sept 6 24 hour psi expected to remain in moderate to unhealthy range
Singapore air quality remains in moderate range,https://www.channelnewsasia.com/singapore/haze-air-quality-sep-6-moderate-range-psi-6365571,2026-09-06 12:00:00+00:00,channelnewsasia.com,English,United States,"https://dam.mediacorp.sg/image/upload/s--9dr2z3j8--/c_crop,h_1124,w_1998,x_0,y_121/c_fill,g_auto,h_338,w_600/fl_relative,g_south_east,l_mediacorp:cna:watermark:2021-08:cna,w_0.1/f_auto,q_auto/v1/mediacorp/cna/image/2026/09/04/bishan-haze-02.jpg?itok=CkhRWOWS",Singapore,"(haze OR smog OR jerebu OR karhutla OR ""forest fire"" OR wildfire) Singapore",https://www.channelnewsasia.com/singapore/haze-air-quality-sep-6-moderate-range-psi-6365571,singapore air quality remains in moderate range
"Jerebu KL makin teruk , pekerja mahu kelepasan kerja di rumah",https://www.kosmo.com.my/2026/09/06/jerebu-kl-makin-teruk-pekerja-mahu-kelepasan-kerja-di-rumah/,2026-09-06 11:45:00+00:00,kosmo.com.my,Malay,Malaysia,http://www.kosmo.com.my/wp-content/uploads/2026/09/WhatsApp-Image-2026-09-06-at-3.49.58-PM.jpeg,Malaysia,"(haze OR smog OR jerebu OR karhutla OR ""forest fire"" OR wildfire OR ""PM2.5"" OR หมอกควัน OR ไฟป่า OR ""khói mù"" OR ""cháy rừng"") sourcecountry:malaysia",https://www.kosmo.com.my/2026/09/06/jerebu-kl-makin-teruk-pekerja-mahu-kelepasan-kerja-di-rumah,jerebu kl makin teruk pekerja mahu kelepasan kerja di rumah
Trump destaca afirmaciones falsas conocidas mientras revisa su primer año en el cargo,https://bitacora.com.uy/trump-destaca-afirmaciones-falsas-conocidas-mientras-revisa-su-primer-ano-en-el-cargo/,2026-09-06 11:15:00+00:00,bitacora.com.uy,Spanish,Uruguay,,Thailand,"(haze OR smog OR jerebu OR karhutla OR ""forest fire"" OR wildfire) Thailand",https://bitacora.com.uy/trump-destaca-afirmaciones-falsas-conocidas-mientras-revisa-su-primer-ano-en-el-cargo,trump destaca afirmaciones falsas conocidas mientras revisa su primer a o en el cargo
Salto de Chira completa la captación de agua del mar e inicia las pruebas de la desaladora,https://www.canarias7.es/canarias/gran-canaria/salto-chira-completa-captacion-agua-mar-inicia-20260906070000-nt.html,2026-09-06 10:15:00+00:00,canarias7.es,Spanish,Spain,https://s1.ppllstatics.com/canarias7/www/multimedia/local/2026/09/05/desaladora%20buena-kV-U301581050589MjB-1200x840@Canarias7.jpg,Philippines,"(haze OR smog OR jerebu OR karhutla OR ""forest fire"" OR wildfire) Philippines",https://www.canarias7.es/canarias/gran-canaria/salto-chira-completa-captacion-agua-mar-inicia-20260906070000-nt.html,salto de chira completa la captaci n de agua del mar e inicia las pruebas de la desaladora
Haze emergency grips Malaysian Borneo town,https://arynews.tv/haze-emergency-grips-malaysian-borneo-town,2026-09-06 09:30:00+00:00,arynews.tv,English,Pakistan,https://static.arynews.tv/zip-archives/wp-content/uploads/2026/08/FotoJet-16.jpg,Singapore,"(haze OR smog OR jerebu OR karhutla OR ""forest fire"" OR wildfire) Singapore",https://arynews.tv/haze-emergency-grips-malaysian-borneo-town,haze emergency grips malaysian borneo town
4 acara Para Sukma Selangor ditangguh akibat jerebu,https://www.freemalaysiatoday.com/category/bahasa/tempatan/2026/09/06/4-acara-para-sukma-selangor-ditangguh-akibat-jerebu,2026-09-06 08:45:00+00:00,freemalaysiatoday.com,Malay,Malaysia,"https://www.freemalaysiatoday.com/cdn-cgi/image/quality=75,format=auto,fit=cover,dpr=1,width=1200,height=630,gravity=center/https://media.freemalaysiatoday.com/v3/2026/08/92246727-36ab-4ba7-954b-8a1cb4e9fcc3-Photo-stock-of-buildings-viewed-through-haze-7.webp",Malaysia,"(haze OR smog OR jerebu OR karhutla OR ""forest fire"" OR wildfire OR ""PM2.5"" OR หมอกควัน OR ไฟป่า OR ""khói mù"" OR ""cháy rừng"") sourcecountry:malaysia",https://www.freemalaysiatoday.com/category/bahasa/tempatan/2026/09/06/4-acara-para-sukma-selangor-ditangguh-akibat-jerebu,4 acara para sukma selangor ditangguh akibat jerebu
PM Malaysia Anwar Ibrahim Mendadak Minta Maaf ke Jokowi,https://www.liputan6.com/global/read/8285788/pm-malaysia-anwar-ibrahim-mendadak-minta-maaf-ke-jokowi,2026-09-06 08:00:00+00:00,liputan6.com,Malay,Indonesia,https://cdn1-production-images-kly.akamaized.net/84Ip_YKPiFzpRG56p53lI4MRORs=/1200x675/smart/filters:quality(75):strip_icc():format(jpeg)/kly-media-production/medias/9341709/original/056768900_1788676741-WhatsApp_Image_2026-09-06_at_13.37.26.jpeg,Indonesia,"(haze OR smog OR jerebu OR karhutla OR ""forest fire"" OR wildfire OR ""PM2.5"" OR หมอกควัน OR ไฟป่า OR ""khói mù"" OR ""cháy rừng"") sourcecountry:indonesia",https://www.liputan6.com/global/read/8285788/pm-malaysia-anwar-ibrahim-mendadak-minta-maaf-ke-jokowi,pm malaysia anwar ibrahim mendadak minta maaf ke jokowi
Liv Ullmann om kong Harald : – Vi var barndomsvenner,https://www.vg.no/rampelys/i/XMpy7m/liv-ullmann-om-kong-harald-vi-var-barndomsvenner,2026-09-06 08:00:00+00:00,vg.no,Norwegian,Norway,https://akamai.vgc.no/v2/images/46752279-6113-347b-9c32-5f2bdbb67010?format=auto&s=b736ea33a936497472142d7851ce64319d8f801d,Philippines,"(haze OR smog OR jerebu OR karhutla OR ""forest fire"" OR wildfire) Philippines",https://www.vg.no/rampelys/i/XMpy7m/liv-ullmann-om-kong-harald-vi-var-barndomsvenner,liv ullmann om kong harald vi var barndomsvenner
インドネシア 、 東京の面積が焼失 森林火災 、 隣国も被害｜全国のニュース｜Web東奥,https://www.toonippo.co.jp/articles/-/2356542,2026-09-06 06:45:00+00:00,toonippo.co.jp,Japanese,Japan,https://toonippo.ismcdn.jp/mwimgs/d/4/1200wm/img_d432946d2eb0e9f3b58b2f374afdd44531047.jpg,Malaysia,"(haze OR smog OR jerebu OR karhutla OR ""forest fire"" OR wildfire) Malaysia",https://www.toonippo.co.jp/articles/-/2356542,web
An Giang : Xử lý tình trạng  xẻ thịt  đất rừng xây quán cà phê view núi,https://vietnamnet.vn/an-giang-xu-ly-tinh-trang-xe-thit-dat-rung-xay-quan-ca-phe-view-nui-2552296.html,2026-09-06 06:45:00+00:00,vietnamnet.vn,Vietnamese,Vietnam,https://static-images.vnncdn.net/vps_images_publish/000001/000003/2026/9/6/xu-ly-tinh-trang-xe-thit-dat-rung-xay-quan-ca-phe-view-nui-529.jpg?&s=8R0QmVQDyYgAKPWh40df8Q,Vietnam,"(haze OR smog OR jerebu OR karhutla OR ""forest fire"" OR wildfire OR ""PM2.5"" OR หมอกควัน OR ไฟป่า OR ""khói mù"" OR ""cháy rừng"") sourcecountry:vietnam",https://vietnamnet.vn/an-giang-xu-ly-tinh-trang-xe-thit-dat-rung-xay-quan-ca-phe-view-nui-2552296.html,an giang x l t nh tr ng x th t t r ng x y qu n c ph view n i
全国37区空气达不健康 古晋 、 斯里阿曼破200点 | 国内,https://www.orientaldaily.com.my/news/nation/2026/09/06/845779,2026-09-06 05:30:00+00:00,orientaldaily.com.my,Chinese,Malaysia,https://www.orientaldaily.com.my/storage/resize_cache/images/uploads/news-cover/2026/SEP_2026/20260906/1f01a800-9f73-4826-baab-ac8c0aa36e85.jpg/9ff16835adda13f243b16fdce1c75048.jpg,Malaysia,"(haze OR smog OR jerebu OR karhutla OR ""forest fire"" OR wildfire OR ""PM2.5"" OR หมอกควัน OR ไฟป่า OR ""khói mù"" OR ""cháy rừng"") sourcecountry:malaysia",https://www.orientaldaily.com.my/news/nation/2026/09/06/845779,37 200
"Lim : I long for you , Cebu",https://www.sunstar.com.ph/cebu/lim-i-long-for-you-cebu,2026-09-06 05:30:00+00:00,sunstar.com.ph,English,Philippines,https://cf-images.assettype.com/sunstar%2F2024-05%2F02895cc2-8942-4424-9736-b80354223fef%2FSunStar%20Lim?rect=0%2C28%2C750%2C394&ar=40%3A21&auto=format%2Ccompress&ogImage=true&mode=crop&enlarge=true&overlay=false&overlay_position=bottom&overlay_width=100,Philippines,"(haze OR smog OR jerebu OR karhutla OR ""forest fire"" OR wildfire OR ""PM2.5"" OR หมอกควัน OR ไฟป่า OR ""khói mù"" OR ""cháy rừng"") sourcecountry:philippines",https://www.sunstar.com.ph/cebu/lim-i-long-for-you-cebu,lim i long for you cebu
Tin tức Lâm Đồng - Hình ảnh và video clip nóng mới nhất,https://baomoi.com/lam-dong-t49563751.epi,2026-09-06 05:15:00+00:00,baomoi.com,Vietnamese,Vietnam,https://baomoi-static.bmcdn.me/web/styles/img/facebook-thumb.png,Vietnam,"(haze OR smog OR jerebu OR karhutla OR ""forest fire"" OR wildfire OR ""PM2.5"" OR หมอกควัน OR ไฟป่า OR ""khói mù"" OR ""cháy rừng"") sourcecountry:vietnam",https://baomoi.com/lam-dong-t49563751.epi,tin t c l m ng h nh nh v video clip n ng m i nh t
"Mount Semeru erupts , spewing ash 1 , 000 meters above summit",https://en.antaranews.com/news/430099/mount-semeru-erupts-spewing-ash-1000-meters-above-summit,2026-09-06 05:15:00+00:00,en.antaranews.com,English,Indonesia,https://cdn.antaranews.com/cache/1200x800/2026/09/06/1001353025.jpg,Indonesia,"(haze OR smog OR jerebu OR karhutla OR ""forest fire"" OR wildfire OR ""PM2.5"" OR หมอกควัน OR ไฟป่า OR ""khói mù"" OR ""cháy rừng"") sourcecountry:indonesia",https://en.antaranews.com/news/430099/mount-semeru-erupts-spewing-ash-1000-meters-above-summit,mount semeru erupts spewing ash 1 000 meters above summit
Operasi pembenihan awan di Sarawak diteruskan - Ahmad Zahid,https://www.utusan.com.my/terkini/2026/09/operasi-pembenihan-awan-di-sarawak-diteruskan-ahmad-zahid/,2026-09-06 05:00:00+00:00,utusan.com.my,Malay,Malaysia,http://www.utusan.com.my/wp-content/uploads/2026/09/IMG-20260906-WA0012.jpg,Malaysia,"(haze OR smog OR jerebu OR karhutla OR ""forest fire"" OR wildfire OR ""PM2.5"" OR หมอกควัน OR ไฟป่า OR ""khói mù"" OR ""cháy rừng"") sourcecountry:malaysia",https://www.utusan.com.my/terkini/2026/09/operasi-pembenihan-awan-di-sarawak-diteruskan-ahmad-zahid,operasi pembenihan awan di sarawak diteruskan ahmad zahid
"Malaysia zahir solidariti kepada Indonesia hadapi bencana gunung berapi , jerebu",https://www.utusan.com.my/nasional/2026/09/malaysia-zahir-solidariti-kepada-indonesia-hadapi-bencana-gunung-berapi-jerebu/,2026-09-06 05:00:00+00:00,utusan.com.my,Malay,Malaysia,http://www.utusan.com.my/wp-content/uploads/2026/09/WhatsApp-Image-2026-09-06-at-11.46.12-AM.jpeg,Malaysia,"(haze OR smog OR jerebu OR karhutla OR ""forest fire"" OR wildfire OR ""PM2.5"" OR หมอกควัน OR ไฟป่า OR ""khói mù"" OR ""cháy rừng"") sourcecountry:malaysia",https://www.utusan.com.my/nasional/2026/09/malaysia-zahir-solidariti-kepada-indonesia-hadapi-bencana-gunung-berapi-jerebu,malaysia zahir solidariti kepada indonesia hadapi bencana gunung berapi jerebu
Kebakaran Indonesia lepaskan lebih 23 juta tan karbon,https://www.utusan.com.my/terkini/2026/09/kebakaran-indonesia-lepaskan-lebih-23-juta-tan-karbon/,2026-09-06 05:00:00+00:00,utusan.com.my,Malay,Malaysia,https://www.utusan.com.my/wp-content/uploads/2026/08/Park1.jpg,"Malaysia, Singapore","(haze OR smog OR jerebu OR karhutla OR ""forest fire"" OR wildfire OR ""PM2.5"" OR หมอกควัน OR ไฟป่า OR ""khói mù"" OR ""cháy rừng"") sourcecountry:malaysia",https://www.utusan.com.my/terkini/2026/09/kebakaran-indonesia-lepaskan-lebih-23-juta-tan-karbon,kebakaran indonesia lepaskan lebih 23 juta tan karbon
Only 2 areas showing  very unhealthy  air quality,https://www.freemalaysiatoday.com/category/nation/2026/09/06/only-2-areas-showing-very-unhealthy-air-quality,2026-09-06 03:45:00+00:00,freemalaysiatoday.com,English,Malaysia,"https://www.freemalaysiatoday.com/cdn-cgi/image/quality=75,format=auto,fit=cover,dpr=1,width=1200,height=630,gravity=center/https://media.freemalaysiatoday.com/v3/2026/08/7351513c-a32a-4509-af78-dc6419165bb2-jerebu-sarawak-bernama-080826-1.webp",Malaysia,"(haze OR smog OR jerebu OR karhutla OR ""forest fire"" OR wildfire OR ""PM2.5"" OR หมอกควัน OR ไฟป่า OR ""khói mù"" OR ""cháy rừng"") sourcecountry:malaysia",https://www.freemalaysiatoday.com/category/nation/2026/09/06/only-2-areas-showing-very-unhealthy-air-quality,only 2 areas showing very unhealthy air quality
Hanya 2 kawasan di Sarawak catat IPU sangat tak sihat,https://www.freemalaysiatoday.com/category/bahasa/tempatan/2026/09/06/hanya-2-kawasan-di-sarawak-catat-ipu-sangat-tak-sihat,2026-09-06 03:45:00+00:00,freemalaysiatoday.com,Malay,Malaysia,"https://www.freemalaysiatoday.com/cdn-cgi/image/quality=75,format=auto,fit=cover,dpr=1,width=1200,height=630,gravity=center/https://media.freemalaysiatoday.com/v3/2026/08/7351513c-a32a-4509-af78-dc6419165bb2-jerebu-sarawak-bernama-080826-1.webp",Malaysia,"(haze OR smog OR jerebu OR karhutla OR ""forest fire"" OR wildfire OR ""PM2.5"" OR หมอกควัน OR ไฟป่า OR ""khói mù"" OR ""cháy rừng"") sourcecountry:malaysia",https://www.freemalaysiatoday.com/category/bahasa/tempatan/2026/09/06/hanya-2-kawasan-di-sarawak-catat-ipu-sangat-tak-sihat,hanya 2 kawasan di sarawak catat ipu sangat tak sihat
离职补偿拖至2028年 ， 贾国龙给西贝前员工  画饼 ？_ 凤凰网,https://tech.ifeng.com/c/8wBsjUwbkEe,2026-09-06 03:45:00+00:00,tech.ifeng.com,Chinese,China,https://x0.ifengimg.com/ucms/2026_37/A9BD4D9F0830917064CB75910F0ED98AB1E94A55_size530_w1035_h582.png,Vietnam,"(haze OR smog OR jerebu OR karhutla OR ""forest fire"" OR wildfire) Vietnam",https://tech.ifeng.com/c/8wBsjUwbkEe,2028
"Jerebu : Sarawak kekal tinggi , Selangor dan KL catat IPU tidak sihat",https://www.kosmo.com.my/2026/09/06/jerebu-sarawak-kekal-juara-selangor-dan-kl-catat-ipu-tidak-sihat/,2026-09-06 03:15:00+00:00,kosmo.com.my,Malay,Malaysia,http://www.kosmo.com.my/wp-content/uploads/2026/09/7c6860b1-6951-4a22-b4d5-e0ffcff9f8b8.jpeg,Malaysia,"(haze OR smog OR jerebu OR karhutla OR ""forest fire"" OR wildfire OR ""PM2.5"" OR หมอกควัน OR ไฟป่า OR ""khói mù"" OR ""cháy rừng"") sourcecountry:malaysia",https://www.kosmo.com.my/2026/09/06/jerebu-sarawak-kekal-juara-selangor-dan-kl-catat-ipu-tidak-sihat,jerebu sarawak kekal tinggi selangor dan kl catat ipu tidak sihat
Công ty Trọng Tín bị phạt hơn 330 triệu đồng do vi phạm môi trường,https://baomoi.com/cong-ty-trong-tin-bi-phat-hon-330-trieu-dong-do-vi-pham-moi-truong-c55988411.epi,2026-09-06 03:15:00+00:00,baomoi.com,Vietnamese,Vietnam,https://baomoi-photo-fbcrawler.bmcdn.me/w1200_r16x9/2026_09_06_106_55988411/8fe7cccc72879bd9c296.jpg,Vietnam,"(haze OR smog OR jerebu OR karhutla OR ""forest fire"" OR wildfire OR ""PM2.5"" OR หมอกควัน OR ไฟป่า OR ""khói mù"" OR ""cháy rừng"") sourcecountry:vietnam",https://baomoi.com/cong-ty-trong-tin-bi-phat-hon-330-trieu-dong-do-vi-pham-moi-truong-c55988411.epi,c ng ty tr ng t n b ph t h n 330 tri u ng do vi ph m m i tr ng
Jerebu : Lagi 63 sekolah di Sarawak ditutup mulai esok,https://www.kosmo.com.my/2026/09/06/jerebu-lagi-63-sekolah-di-sarawak-ditutup-mulai-esok/,2026-09-06 03:15:00+00:00,kosmo.com.my,Malay,Malaysia,http://www.kosmo.com.my/wp-content/uploads/2026/09/e722c5c8-ddd9-44a0-a5cc-f30530dc944f.jpeg,Malaysia,"(haze OR smog OR jerebu OR karhutla OR ""forest fire"" OR wildfire OR ""PM2.5"" OR หมอกควัน OR ไฟป่า OR ""khói mù"" OR ""cháy rừng"") sourcecountry:malaysia",https://www.kosmo.com.my/2026/09/06/jerebu-lagi-63-sekolah-di-sarawak-ditutup-mulai-esok,jerebu lagi 63 sekolah di sarawak ditutup mulai esok
Singapore wakes up to improved air quality as 24 - hour PSI returns to moderate,https://www.asiaone.com:443/singapore/haze-singapore-psi-reading-6-september-moderate,2026-09-06 03:15:00+00:00,asiaone.com,English,Singapore,https://media.asiaone.com/sites/default/files/styles/article_top_image/public/original_images/Sep2026/Haze%20Singapore%20-%20Better%20air%20quality%20on%206%20September%20morning.png?itok=v7juTwgp,Singapore,"(haze OR smog OR jerebu OR karhutla OR ""forest fire"" OR wildfire) Singapore",https://www.asiaone.com:443/singapore/haze-singapore-psi-reading-6-september-moderate,singapore wakes up to improved air quality as 24 hour psi returns to moderate
AP Trending SummaryBrief at 5 : 30 p . m . EDT,https://www.yumasun.com/news/national_news/ap-trending-summarybrief-at-5-30-p-m-edt/article_1dbffb4f-0456-542c-aef5-171a551e43b2.html,2026-09-06 01:15:00+00:00,yumasun.com,English,United States,https://bloximages.newyork1.vip.townnews.com/yumasun.com/content/tncms/custom/image/2b499f16-f28d-11e5-bae5-d756cbd1f5e4.jpg,Malaysia,"(haze OR smog OR jerebu OR karhutla OR ""forest fire"" OR wildfire) Malaysia",https://www.yumasun.com/news/national_news/ap-trending-summarybrief-at-5-30-p-m-edt/article_1dbffb4f-0456-542c-aef5-171a551e43b2.html,ap trending summarybrief at 5 30 p m edt
How haze from Indonesian fires impacts Southeast Asia,https://tribune.com.pk/story/2627690/how-haze-from-indonesian-fires-impacts-southeast-asia,2026-09-06 01:15:00+00:00,tribune.com.pk,English,Pakistan,https://i.tribune.com.pk/media/images/indonesia-fire1788655759-0/indonesia-fire1788655759-0-640x480.webp,Malaysia,"(haze OR smog OR jerebu OR karhutla OR ""forest fire"" OR wildfire) Malaysia",https://tribune.com.pk/story/2627690/how-haze-from-indonesian-fires-impacts-southeast-asia,how haze from indonesian fires impacts southeast asia
Kebakaran 400 hektar hutan ancam Nusantara,https://www.utusan.com.my/terkini/2026/09/kebakaran-400-hektar-hutan-ancam-nusantara/,2026-09-06 00:45:00+00:00,utusan.com.my,Malay,Malaysia,http://www.utusan.com.my/wp-content/uploads/2026/09/42-1-wildfire-nusantara.jpg,"Brunei, Malaysia","(haze OR smog OR jerebu OR karhutla OR ""forest fire"" OR wildfire OR ""PM2.5"" OR หมอกควัน OR ไฟป่า OR ""khói mù"" OR ""cháy rừng"") sourcecountry:malaysia",https://www.utusan.com.my/terkini/2026/09/kebakaran-400-hektar-hutan-ancam-nusantara,kebakaran 400 hektar hutan ancam nusantara
Indonesian fires impact Southeast Asia,https://www.taipeitimes.com/News/world/archives/2026/09/06/2003863784,2026-09-05 19:30:00+00:00,taipeitimes.com,English,Taiwan,https://img.taipeitimes.com/images/2026/09/06/P05-260906-305.jpg,Brunei,"(haze OR smog OR jerebu OR karhutla OR ""forest fire"" OR wildfire) Brunei",https://www.taipeitimes.com/News/world/archives/2026/09/06/2003863784,indonesian fires impact southeast asia
Schools in two Bintulu districts closed due to haze,https://www.freemalaysiatoday.com/category/nation/2026/09/06/schools-in-two-bintulu-districts-closed-due-to-haze,2026-09-05 19:00:00+00:00,freemalaysiatoday.com,English,Malaysia,"https://www.freemalaysiatoday.com/cdn-cgi/image/quality=80,format=auto,fit=cover,dpr=1,width=1200,height=630,gravity=center/https://media.freemalaysiatoday.com/v3/2026/09/c1417daf-94ad-4455-922f-d76e20827766-school-children-face-mask-resize-050926.jpg",Malaysia,"(haze OR smog OR jerebu OR karhutla OR ""forest fire"" OR wildfire OR ""PM2.5"" OR หมอกควัน OR ไฟป่า OR ""khói mù"" OR ""cháy rừng"") sourcecountry:malaysia",https://www.freemalaysiatoday.com/category/nation/2026/09/06/schools-in-two-bintulu-districts-closed-due-to-haze,schools in two bintulu districts closed due to haze
"Jerebu : Semua sekolah di Bintulu , Tatau / Sebauh , Sarawak ditutup hingga 11 September",https://www.sinarharian.com.my/article/795000/berita/semasa/jerebu-semua-sekolah-di-bintulu-tatausebauh-sarawak-ditutup-hingga-11-september,2026-09-05 18:45:00+00:00,sinarharian.com.my,Malay,Malaysia,https://www.sinarharian.com.my/uploads/images/2026/09/05/3637888.webp,Malaysia,"(haze OR smog OR jerebu OR karhutla OR ""forest fire"" OR wildfire OR ""PM2.5"" OR หมอกควัน OR ไฟป่า OR ""khói mù"" OR ""cháy rừng"") sourcecountry:malaysia",https://www.sinarharian.com.my/article/795000/berita/semasa/jerebu-semua-sekolah-di-bintulu-tatausebauh-sarawak-ditutup-hingga-11-september,jerebu semua sekolah di bintulu tatau sebauh sarawak ditutup hingga 11 september
Singapore air quality improves to moderate range after unhealthy readings,https://www.channelnewsasia.com/singapore/haze-singapore-air-quality-moderate-range-psi-6364811,2026-09-05 18:00:00+00:00,channelnewsasia.com,English,United States,"https://dam.mediacorp.sg/image/upload/s--yM8YK65P--/c_crop,h_1125,w_2000,x_0,y_1/c_fill,g_auto,h_338,w_600/fl_relative,g_south_east,l_mediacorp:cna:watermark:2021-08:cna,w_0.1/f_auto,q_auto/v1/mediacorp/cna/image/2026/09/04/img_9326.jpg?itok=qkvFsAoW",Singapore,"(haze OR smog OR jerebu OR karhutla OR ""forest fire"" OR wildfire) Singapore",https://www.channelnewsasia.com/singapore/haze-singapore-air-quality-moderate-range-psi-6364811,singapore air quality improves to moderate range after unhealthy readings
Indonesia conducts water bombing to contain wildfires near future capital,https://www.geo.tv/latest/680806-indonesia-conducts-water-bombing-to-contain-wildfires-near-future-capital,2026-09-05 18:00:00+00:00,geo.tv,English,Pakistan,https://www.geo.tv/assets/uploads/updates/2026-09-05/680806_074415_updates.jpg,Singapore,"(haze OR smog OR jerebu OR karhutla OR ""forest fire"" OR wildfire) Singapore",https://www.geo.tv/latest/680806-indonesia-conducts-water-bombing-to-contain-wildfires-near-future-capital,indonesia conducts water bombing to contain wildfires near future capital
Air quality in Sarawak Serian returns below hazardous level ; emergency may be declared in areas with API over 400,https://www.asiaone.com:443/malaysia/sarawak-api-below-hazardous-emergency-state,2026-09-05 13:00:00+00:00,asiaone.com,English,Singapore,https://www.asiaone.com/sites/default/files/styles/article_top_image/public/original_images/Sep2026/Malaysia-Haze-Sarawak-Serian.png?itok=EkQ8KrTG,"Malaysia, Singapore","(haze OR smog OR jerebu OR karhutla OR ""forest fire"" OR wildfire OR ""PM2.5"" OR หมอกควัน OR ไฟป่า OR ""khói mù"" OR ""cháy rừng"") sourcecountry:singapore",https://www.asiaone.com:443/malaysia/sarawak-api-below-hazardous-emergency-state,air quality in sarawak serian returns below hazardous level emergency may be declared in areas with api over 400
Jerebu : Enam kawasan di Sarawak rekod IPU sangat tidak sihat setakat 4 petang,https://www.astroawani.com/berita-malaysia/jerebu-enam-kawasan-di-sarawak-rekod-ipu-sangat-tidak-sihat-setakat-4-petang,2026-09-05 12:00:00+00:00,astroawani.com,Malay,Malaysia,https://media.astroawani.com/awani/media/uploads/image/2026-09/TB_Jerebu%20Sarawak_BERNAMA.jpg?VersionId=1v0ZIkGOtlGt9_WRVM8VbBHPXJ14xDTy,Malaysia,"(haze OR smog OR jerebu OR karhutla OR ""forest fire"" OR wildfire OR ""PM2.5"" OR หมอกควัน OR ไฟป่า OR ""khói mù"" OR ""cháy rừng"") sourcecountry:malaysia",https://www.astroawani.com/berita-malaysia/jerebu-enam-kawasan-di-sarawak-rekod-ipu-sangat-tidak-sihat-setakat-4-petang,jerebu enam kawasan di sarawak rekod ipu sangat tidak sihat setakat 4 petang
Hentikan semua kegiatan pembakaran terbuka elak jerebu bertambah buruk,https://www.astroawani.com/berita-malaysia/hentikan-semua-kegiatan-pembakaran-terbuka-elak-jerebu-bertambah-buruk,2026-09-05 12:00:00+00:00,astroawani.com,Malay,Malaysia,https://media.astroawani.com/awani/media/article/2026/Jan/09/71753449821_pembakaranterbuka.jpg,Malaysia,"(haze OR smog OR jerebu OR karhutla OR ""forest fire"" OR wildfire OR ""PM2.5"" OR หมอกควัน OR ไฟป่า OR ""khói mù"" OR ""cháy rừng"") sourcecountry:malaysia",https://www.astroawani.com/berita-malaysia/hentikan-semua-kegiatan-pembakaran-terbuka-elak-jerebu-bertambah-buruk,hentikan semua kegiatan pembakaran terbuka elak jerebu bertambah buruk
"Khói mù lan rộng , Đông Nam Á đối mặt ô nhiễm không khí",https://vietgiaitri.com/khoi-mu-lan-rong-dong-nam-a-doi-mat-o-nhiem-khong-khi-20260905i7765707/,2026-09-05 12:00:00+00:00,vietgiaitri.com,Vietnamese,Vietnam,https://t.vietgiaitri.com/2026/9/2/khoi-mu-lan-rong-dong-nam-a-doi-mat-o-nhiem-khong-khi-800x576-045-7765707.webp,Vietnam,"(haze OR smog OR jerebu OR karhutla OR ""forest fire"" OR wildfire OR ""PM2.5"" OR หมอกควัน OR ไฟป่า OR ""khói mù"" OR ""cháy rừng"") sourcecountry:vietnam",https://vietgiaitri.com/khoi-mu-lan-rong-dong-nam-a-doi-mat-o-nhiem-khong-khi-20260905i7765707,kh i m lan r ng ng nam i m t nhi m kh ng kh
Malasia declara el estado de emergencia en Sarawak por contaminación atmosférica,https://sana.sy/es/breaking-news/2331498/,2026-09-05 12:00:00+00:00,sana.sy,Spanish,Syria,https://cdn.sananews.sy/2026/09/Malasia.webp,Malaysia,"(haze OR smog OR jerebu OR karhutla OR ""forest fire"" OR wildfire) Malaysia",https://sana.sy/es/breaking-news/2331498,malasia declara el estado de emergencia en sarawak por contaminaci n atmosf rica
Arab News |  Give me back my fresh air : Indonesian wildfire haze spreads across Southeast Asia,https://www.arabnews.com/world/give-me-back-my-fresh-air-indonesian-wildfire-haze-spreads-across-southeast-asia-3000581,2026-09-05 12:00:00+00:00,arabnews.com,English,Saudi Arabia,https://assets.maestronewsroom.com/media/30f6532d-717b-4366-9158-9c455299fcd9/1788604044690-3b5b4e3727fd91db.jpg,Malaysia,"(haze OR smog OR jerebu OR karhutla OR ""forest fire"" OR wildfire) Malaysia",https://www.arabnews.com/world/give-me-back-my-fresh-air-indonesian-wildfire-haze-spreads-across-southeast-asia-3000581,arab news give me back my fresh air indonesian wildfire haze spreads across southeast asia
AP Trending SummaryBrief at 7 : 08 a . m . EDT,http://www.hngnews.com/nation_world/ap-trending-summarybrief-at-7-08-a-m-edt/article_ffc1ebfb-db62-5098-a925-d8ee3b276a6e.html,2026-09-05 11:45:00+00:00,hngnews.com,English,United States,https://bloximages.newyork1.vip.townnews.com/hngnews.com/content/tncms/custom/image/ab050ce8-ef00-11eb-9947-3fa732d15a79.jpg,Malaysia,"(haze OR smog OR jerebu OR karhutla OR ""forest fire"" OR wildfire) Malaysia",http://www.hngnews.com/nation_world/ap-trending-summarybrief-at-7-08-a-m-edt/article_ffc1ebfb-db62-5098-a925-d8ee3b276a6e.html,ap trending summarybrief at 7 08 a m edt
印尼野火威脅棲地 紅毛猩猩母子獲救 | 國際 | 三立新聞網 SETN . COM,https://www.setn.com/news/1902043,2026-09-05 11:30:00+00:00,setn.com,Chinese,Taiwan,https://attach.setn.com/newsimages/2026/09/05/5698443-PH.jpg,Singapore,"(haze OR smog OR jerebu OR karhutla OR ""forest fire"" OR wildfire) Singapore",https://www.setn.com/news/1902043,setn com
Chuyên gia cảnh báo siêu El Nino chưa từng ghi nhận,https://baomoi.com/chuyen-gia-canh-bao-sieu-el-nino-chua-tung-ghi-nhan-c55985468.epi,2026-09-05 11:15:00+00:00,baomoi.com,Vietnamese,Vietnam,https://baomoi-photo-fbcrawler.bmcdn.me/w1200_r16x9/2026_09_05_94_55985468/334722039c4875162c59.jpg,Vietnam,"(haze OR smog OR jerebu OR karhutla OR ""forest fire"" OR wildfire OR ""PM2.5"" OR หมอกควัน OR ไฟป่า OR ""khói mù"" OR ""cháy rừng"") sourcecountry:vietnam",https://baomoi.com/chuyen-gia-canh-bao-sieu-el-nino-chua-tung-ghi-nhan-c55985468.epi,chuy n gia c nh b o si u el nino ch a t ng ghi nh n
中部地区PSI达104 空气质量仍处不健康水平,https://www.zaobao.com.sg/news/singapore/story20260905-9631954,2026-09-05 11:15:00+00:00,zaobao.com.sg,Chinese,Singapore,,Singapore,"(haze OR smog OR jerebu OR karhutla OR ""forest fire"" OR wildfire OR ""PM2.5"" OR หมอกควัน OR ไฟป่า OR ""khói mù"" OR ""cháy rừng"") sourcecountry:singapore",https://www.zaobao.com.sg/news/singapore/story20260905-9631954,psi 104
Khói mù từ cháy rừng Indonesia lan rộng khắp Đông Nam Á,https://anninhthudo.vn/khoi-mu-tu-chay-rung-o-indonesia-lan-rong-khap-dong-nam-a-post666188.antd,2026-09-05 10:00:00+00:00,anninhthudo.vn,Vietnamese,Vietnam,https://cdn.anninhthudo.vn/images/TxdZwsk1Wx4jEL3aSnqVzgMHLGdsARsjLdnYL40TUK2aVqPlZ7THfrs6KpoFn0wNpwCzU1X_Ssfa7HsFLF-OxQ/1000049495.jpg.webp,Vietnam,"(haze OR smog OR jerebu OR karhutla OR ""forest fire"" OR wildfire OR ""PM2.5"" OR หมอกควัน OR ไฟป่า OR ""khói mù"" OR ""cháy rừng"") sourcecountry:vietnam",https://anninhthudo.vn/khoi-mu-tu-chay-rung-o-indonesia-lan-rong-khap-dong-nam-a-post666188.antd,kh i m t ch y r ng indonesia lan r ng kh p ng nam
Indonesia rescues second orangutan mother and baby from wildfire,https://www.thestar.com.my/aseanplus/2026/09/05/indonesia-rescues-second-orangutan-mother-and-baby-from-wildfire,2026-09-05 10:00:00+00:00,thestar.com.my,English,Malaysia,https://apicms.thestar.com.my/uploads/images/2026/09/05/4094569.jpg,"Malaysia, Singapore","(haze OR smog OR jerebu OR karhutla OR ""forest fire"" OR wildfire OR ""PM2.5"" OR หมอกควัน OR ไฟป่า OR ""khói mù"" OR ""cháy rừng"") sourcecountry:malaysia",https://www.thestar.com.my/aseanplus/2026/09/05/indonesia-rescues-second-orangutan-mother-and-baby-from-wildfire,indonesia rescues second orangutan mother and baby from wildfire
LDP calls for schools holidays to go on till after Sept 16 due to haze concerns,https://www.thestar.com.my/news/nation/2026/09/05/ldp-calls-for-schools-holidays-to-go-on-till-after-sept-16-due-to-haze-concerns,2026-09-05 10:00:00+00:00,thestar.com.my,English,Malaysia,https://apicms.thestar.com.my/uploads/images/2026/09/05/4094511.jpg,Malaysia,"(haze OR smog OR jerebu OR karhutla OR ""forest fire"" OR wildfire OR ""PM2.5"" OR หมอกควัน OR ไฟป่า OR ""khói mù"" OR ""cháy rừng"") sourcecountry:malaysia",https://www.thestar.com.my/news/nation/2026/09/05/ldp-calls-for-schools-holidays-to-go-on-till-after-sept-16-due-to-haze-concerns,ldp calls for schools holidays to go on till after sept 16 due to haze concerns
Cháy than bùn phủ khói mù Indonesia nguy cơ tái diễn thảm họa 2015,https://anninhthudo.vn/chay-than-bun-phu-khoi-mu-mit-indonesia-nguy-co-tai-dien-tham-hoa-nam-2015-post665998.antd,2026-09-05 10:00:00+00:00,anninhthudo.vn,Vietnamese,Vietnam,https://cdn.anninhthudo.vn/images/TxdZwsk1Wx4jEL3aSnqVzgMHLGdsARsjLdnYL40TUK3ya9sqUdOET8sNROJbB2g_pwCzU1X_Ssfa7HsFLF-OxQ/1000049383.jpg.webp,Vietnam,"(haze OR smog OR jerebu OR karhutla OR ""forest fire"" OR wildfire OR ""PM2.5"" OR หมอกควัน OR ไฟป่า OR ""khói mù"" OR ""cháy rừng"") sourcecountry:vietnam",https://anninhthudo.vn/chay-than-bun-phu-khoi-mu-mit-indonesia-nguy-co-tai-dien-tham-hoa-nam-2015-post665998.antd,ch y than b n ph kh i m indonesia nguy c t i di n th m h a 2015
World News : Malaysia declares emergency in Serian district in Sarawak state due to haze,https://www.gdnonline.com:443/Details/1405439,2026-09-05 09:45:00+00:00,gdnonline.com,English,United States,https://www.gdnonline.com/gdnimages/20260905%5C20260905112541MalaysiadeclaresemergencyinSeriandistrictinSarawakstateduetohaze.jpg,Malaysia,"(haze OR smog OR jerebu OR karhutla OR ""forest fire"" OR wildfire) Malaysia",https://www.gdnonline.com:443/Details/1405439,world news malaysia declares emergency in serian district in sarawak state due to haze
Tin tức Nam Sumatra - Hình ảnh và video clip nóng mới nhất,https://baomoi.com/indonesia-t49538231.epi,2026-09-05 09:30:00+00:00,baomoi.com,Vietnamese,Vietnam,https://baomoi-static.bmcdn.me/web/styles/img/facebook-thumb.png,Vietnam,"(haze OR smog OR jerebu OR karhutla OR ""forest fire"" OR wildfire OR ""PM2.5"" OR หมอกควัน OR ไฟป่า OR ""khói mù"" OR ""cháy rừng"") sourcecountry:vietnam",https://baomoi.com/indonesia-t49538231.epi,tin t c nam sumatra h nh nh v video clip n ng m i nh t
Govt prepared to declare emergency in areas where API exceed 400,https://www.malaysiakini.com/news/783603,2026-09-05 09:15:00+00:00,malaysiakini.com,English,Malaysia,https://i.newscdn.net/publisher-c1a3f893382d2b2f8a9aa22a654d9c97/2023/10/d3062f7b708ee12d30d06451cdfc78cb.jpg=s600,Malaysia,"(haze OR smog OR jerebu OR karhutla OR ""forest fire"" OR wildfire OR ""PM2.5"" OR หมอกควัน OR ไฟป่า OR ""khói mù"" OR ""cháy rừng"") sourcecountry:malaysia",https://www.malaysiakini.com/news/783603,govt prepared to declare emergency in areas where api exceed 400
Haze : Air quality in Serian improves slightly to very unhealthy levels at 4pm on Sept 5,https://www.thestar.com.my/news/nation/2026/09/05/haze-air-quality-in-serian-improves-slightly-to-very-unhealthy-levels-at-4pm-on-sept-5,2026-09-05 09:00:00+00:00,thestar.com.my,English,Malaysia,https://apicms.thestar.com.my/uploads/images/2026/09/05/4094485.JPG,Malaysia,"(haze OR smog OR jerebu OR karhutla OR ""forest fire"" OR wildfire OR ""PM2.5"" OR หมอกควัน OR ไฟป่า OR ""khói mù"" OR ""cháy rừng"") sourcecountry:malaysia",https://www.thestar.com.my/news/nation/2026/09/05/haze-air-quality-in-serian-improves-slightly-to-very-unhealthy-levels-at-4pm-on-sept-5,haze air quality in serian improves slightly to very unhealthy levels at 4pm on sept 5
6 kawasan Sarawak catat IPU sangat tak sihat,https://www.freemalaysiatoday.com/category/bahasa/tempatan/2026/09/05/6-kawasan-sarawak-catat-ipu-sangat-tak-sihat,2026-09-05 09:00:00+00:00,freemalaysiatoday.com,Malay,Malaysia,"https://www.freemalaysiatoday.com/cdn-cgi/image/quality=80,format=auto,fit=cover,dpr=1,width=1200,height=630,gravity=center/https://media.freemalaysiatoday.com/v3/2026/09/eae46f30-d0f2-4991-b4c2-7625f55db865-jerebu-serian-040926.jpg","Malaysia, Singapore","(haze OR smog OR jerebu OR karhutla OR ""forest fire"" OR wildfire OR ""PM2.5"" OR หมอกควัน OR ไฟป่า OR ""khói mù"" OR ""cháy rừng"") sourcecountry:malaysia",https://www.freemalaysiatoday.com/category/bahasa/tempatan/2026/09/05/6-kawasan-sarawak-catat-ipu-sangat-tak-sihat,6 kawasan sarawak catat ipu sangat tak sihat
No more areas with  hazardou API readings,https://www.freemalaysiatoday.com/category/nation/2026/09/05/no-more-areas-with-hazardous-api-readings,2026-09-05 09:00:00+00:00,freemalaysiatoday.com,English,Malaysia,"https://www.freemalaysiatoday.com/cdn-cgi/image/quality=75,format=auto,fit=cover,dpr=1,width=1200,height=630,gravity=center/https://media.freemalaysiatoday.com/v3/2026/08/64861681-d4f7-4e0b-91d9-79fee9448c0a-jerebu-sarawak-bernama-090826.webp",Malaysia,"(haze OR smog OR jerebu OR karhutla OR ""forest fire"" OR wildfire OR ""PM2.5"" OR หมอกควัน OR ไฟป่า OR ""khói mù"" OR ""cháy rừng"") sourcecountry:malaysia",https://www.freemalaysiatoday.com/category/nation/2026/09/05/no-more-areas-with-hazardous-api-readings,no more areas with hazardou api readings
Malaysia Declares Emergency in Sarawak as Indonesian Wildfire Haze Reaches Hazardous Levels,https://www.lankanewspapers.com/2026/09/05/malaysia-declares-emergency-in-sarawak-as-indonesian-wildfire-haze-reaches-hazardous-levels,2026-09-05 08:45:00+00:00,lankanewspapers.com,English,Sri Lanka,https://www.lankanewspapers.com/og-image.jpg?src=%2Fmedia%2Faigen%2Fmtnzde265.webp,Singapore,"(haze OR smog OR jerebu OR karhutla OR ""forest fire"" OR wildfire) Singapore",https://www.lankanewspapers.com/2026/09/05/malaysia-declares-emergency-in-sarawak-as-indonesian-wildfire-haze-reaches-hazardous-levels,malaysia declares emergency in sarawak as indonesian wildfire haze reaches hazardous levels
Cebu City hospitals ready for spike in respiratory cases amid haze,https://www.manilatimes.net/2026/09/05/regions/cebu-city-hospitals-ready-for-spike-in-respiratory-cases-amid-haze/2419125,2026-09-05 08:15:00+00:00,manilatimes.net,English,Philippines,https://manilatimes.net/manilatimes/uploads/images/2026/09/05/1204204.jpg,Philippines,"(haze OR smog OR jerebu OR karhutla OR ""forest fire"" OR wildfire OR ""PM2.5"" OR หมอกควัน OR ไฟป่า OR ""khói mù"" OR ""cháy rừng"") sourcecountry:philippines",https://www.manilatimes.net/2026/09/05/regions/cebu-city-hospitals-ready-for-spike-in-respiratory-cases-amid-haze/2419125,cebu city hospitals ready for spike in respiratory cases amid haze
Darurat jerebu : Operasi tempat kerja dibenarkan berserta langkah pencegahan,https://www.kosmo.com.my/2026/09/05/darurat-jerebu-operasi-tempat-kerja-dibenarkan-berserta-langkah-pencegahan/,2026-09-05 08:00:00+00:00,kosmo.com.my,Malay,Malaysia,http://www.kosmo.com.my/wp-content/uploads/2026/09/WhatsApp-Image-2026-09-02-at-4.43.27-PM.jpeg,Malaysia,"(haze OR smog OR jerebu OR karhutla OR ""forest fire"" OR wildfire OR ""PM2.5"" OR หมอกควัน OR ไฟป่า OR ""khói mù"" OR ""cháy rừng"") sourcecountry:malaysia",https://www.kosmo.com.my/2026/09/05/darurat-jerebu-operasi-tempat-kerja-dibenarkan-berserta-langkah-pencegahan,darurat jerebu operasi tempat kerja dibenarkan berserta langkah pencegahan
"Penduduk gembira , hujan lebat sapu jerebu Kalimantan",https://www.kosmo.com.my/2026/09/05/penduduk-gembira-hujan-lebat-sapu-jerebu-kalimantan/,2026-09-05 08:00:00+00:00,kosmo.com.my,Malay,Malaysia,http://www.kosmo.com.my/wp-content/uploads/2026/09/HUJAN.jpeg,Malaysia,"(haze OR smog OR jerebu OR karhutla OR ""forest fire"" OR wildfire OR ""PM2.5"" OR หมอกควัน OR ไฟป่า OR ""khói mù"" OR ""cháy rừng"") sourcecountry:malaysia",https://www.kosmo.com.my/2026/09/05/penduduk-gembira-hujan-lebat-sapu-jerebu-kalimantan,penduduk gembira hujan lebat sapu jerebu kalimantan
Malaysia tawar percuma mySimex pantau pergerakan jerebu ASEAN,https://www.kosmo.com.my/2026/09/05/malaysia-tawar-percuma-mysimex-pantau-pergerakan-jerebu-asean/,2026-09-05 08:00:00+00:00,kosmo.com.my,Malay,Malaysia,http://www.kosmo.com.my/wp-content/uploads/2026/09/WhatsApp-Image-2026-09-05-at-14.06.24-1.jpeg,Malaysia,"(haze OR smog OR jerebu OR karhutla OR ""forest fire"" OR wildfire OR ""PM2.5"" OR หมอกควัน OR ไฟป่า OR ""khói mù"" OR ""cháy rừng"") sourcecountry:malaysia",https://www.kosmo.com.my/2026/09/05/malaysia-tawar-percuma-mysimex-pantau-pergerakan-jerebu-asean,malaysia tawar percuma mysimex pantau pergerakan jerebu asean
Jerebu : Enam kawasan di Sarawak catat bacaan IPU sangat tidak sihat,https://www.astroawani.com/berita-malaysia/jerebu-enam-kawasan-di-sarawak-catat-bacaan-ipu-sangat-tidak-sihat,2026-09-05 07:45:00+00:00,astroawani.com,Malay,Malaysia,https://media.astroawani.com/awani/media/uploads/image/2026-09/%5BTB%5D_JEREBU%20SERIAN%202_BERNAMA.jpg?VersionId=.glbpytrPGxYkWMzLpa8mxjsdSBHoBAa,"Brunei, Malaysia","(haze OR smog OR jerebu OR karhutla OR ""forest fire"" OR wildfire OR ""PM2.5"" OR หมอกควัน OR ไฟป่า OR ""khói mù"" OR ""cháy rừng"") sourcecountry:malaysia",https://www.astroawani.com/berita-malaysia/jerebu-enam-kawasan-di-sarawak-catat-bacaan-ipu-sangat-tidak-sihat,jerebu enam kawasan di sarawak catat bacaan ipu sangat tidak sihat
Darurat jerebu Serian : Operasi tempat kerja dibenarkan dengan langkah pencegahan kesihatan - Uggah,https://www.astroawani.com/berita-malaysia/darurat-jerebu-serian-operasi-tempat-kerja-dibenarkan-dengan-langkah-pencegahan-kesihatan-uggah,2026-09-05 07:45:00+00:00,astroawani.com,Malay,Malaysia,https://media.astroawani.com/awani/media/uploads/image/2026-09/%5BTB%5D_JEREBU%20SERIAN_BERNAMA.jpg?VersionId=mjT9tAAgyd3zNH75GiwCFhTcM0G0Se8I,Malaysia,"(haze OR smog OR jerebu OR karhutla OR ""forest fire"" OR wildfire OR ""PM2.5"" OR หมอกควัน OR ไฟป่า OR ""khói mù"" OR ""cháy rừng"") sourcecountry:malaysia",https://www.astroawani.com/berita-malaysia/darurat-jerebu-serian-operasi-tempat-kerja-dibenarkan-dengan-langkah-pencegahan-kesihatan-uggah,darurat jerebu serian operasi tempat kerja dibenarkan dengan langkah pencegahan kesihatan uggah
Govt prepared to declare Emergency in areas with API over 400,https://www.thestar.com.my/news/nation/2026/09/05/govt-prepared-to-declare-emergency-in-areas-with-api-over-400,2026-09-05 07:30:00+00:00,thestar.com.my,English,Malaysia,https://apicms.thestar.com.my/uploads/images/2026/09/05/4094339.jpg,Malaysia,"(haze OR smog OR jerebu OR karhutla OR ""forest fire"" OR wildfire OR ""PM2.5"" OR หมอกควัน OR ไฟป่า OR ""khói mù"" OR ""cháy rừng"") sourcecountry:malaysia",https://www.thestar.com.my/news/nation/2026/09/05/govt-prepared-to-declare-emergency-in-areas-with-api-over-400,govt prepared to declare emergency in areas with api over 400
Enam kawasan di Sarawak catat IPU sangat tidak sihat,https://www.utusan.com.my/nasional/2026/09/enam-kawasan-di-sarawak-catat-ipu-sangat-tidak-sihat/,2026-09-05 07:15:00+00:00,utusan.com.my,Malay,Malaysia,http://www.utusan.com.my/wp-content/uploads/2026/08/E-PPG-JEREBU-PULAUPINANG011.jpg?v=1786678147,"Brunei, Malaysia","(haze OR smog OR jerebu OR karhutla OR ""forest fire"" OR wildfire OR ""PM2.5"" OR หมอกควัน OR ไฟป่า OR ""khói mù"" OR ""cháy rừng"") sourcecountry:malaysia",https://www.utusan.com.my/nasional/2026/09/enam-kawasan-di-sarawak-catat-ipu-sangat-tidak-sihat,enam kawasan di sarawak catat ipu sangat tidak sihat
Operasi tempat kerja di Serian diteruskan dengan langkah kesihatan,https://www.utusan.com.my/nasional/2026/09/operasi-tempat-kerja-di-serian-diteruskan-dengan-langkah-kesihatan/,2026-09-05 07:15:00+00:00,utusan.com.my,Malay,Malaysia,http://www.utusan.com.my/wp-content/uploads/2026/09/LEAD-PG3-050926-ptj-agong-perkenan-darurat-done.jpg,Malaysia,"(haze OR smog OR jerebu OR karhutla OR ""forest fire"" OR wildfire OR ""PM2.5"" OR หมอกควัน OR ไฟป่า OR ""khói mù"" OR ""cháy rừng"") sourcecountry:malaysia",https://www.utusan.com.my/nasional/2026/09/operasi-tempat-kerja-di-serian-diteruskan-dengan-langkah-kesihatan,operasi tempat kerja di serian diteruskan dengan langkah kesihatan
Arab News | Indonesia rescues second orangutan mother and baby from wildfire,https://www.arabnews.com/world/indonesia-rescues-second-orangutan-mother-and-baby-from-wildfire-3000561,2026-09-05 07:15:00+00:00,arabnews.com,English,Saudi Arabia,,Malaysia,"(haze OR smog OR jerebu OR karhutla OR ""forest fire"" OR wildfire) Malaysia",https://www.arabnews.com/world/indonesia-rescues-second-orangutan-mother-and-baby-from-wildfire-3000561,arab news indonesia rescues second orangutan mother and baby from wildfire
IPU lebih 400 : Kawasan jerebu teruk boleh diisytihar darurat,https://www.utusan.com.my/nasional/2026/09/ipu-lebih-400-kawasan-jerebu-teruk-boleh-diisytihar-darurat/,2026-09-05 07:15:00+00:00,utusan.com.my,Malay,Malaysia,http://www.utusan.com.my/wp-content/uploads/2026/09/atrhur.jpeg,Malaysia,"(haze OR smog OR jerebu OR karhutla OR ""forest fire"" OR wildfire OR ""PM2.5"" OR หมอกควัน OR ไฟป่า OR ""khói mù"" OR ""cháy rừng"") sourcecountry:malaysia",https://www.utusan.com.my/nasional/2026/09/ipu-lebih-400-kawasan-jerebu-teruk-boleh-diisytihar-darurat,ipu lebih 400 kawasan jerebu teruk boleh diisytihar darurat
How to Keep Children Safe from Wildfire Smoke,https://en.tempo.co/read/2118998/how-to-keep-children-safe-from-wildfire-smoke,2026-09-05 06:45:00+00:00,en.tempo.co,English,,https://statik.tempo.co/data/2026/08/26/id_1487406/1487406_720.jpg,Malaysia,"(haze OR smog OR jerebu OR karhutla OR ""forest fire"" OR wildfire) Malaysia",https://en.tempo.co/read/2118998/how-to-keep-children-safe-from-wildfire-smoke,how to keep children safe from wildfire smoke
Indonesia Works with ASEAN Neighbors to Tackle Transboundary Haze,https://en.tempo.co/read/2119000/indonesia-works-with-asean-neighbors-to-tackle-transboundary-haze,2026-09-05 06:45:00+00:00,en.tempo.co,English,,https://statik.tempo.co/data/2026/08/20/id_1486881/1486881_720.jpg,Malaysia,"(haze OR smog OR jerebu OR karhutla OR ""forest fire"" OR wildfire) Malaysia",https://en.tempo.co/read/2119000/indonesia-works-with-asean-neighbors-to-tackle-transboundary-haze,indonesia works with asean neighbors to tackle transboundary haze
"Malaysia declares emergency in Sarawak over air pollution , closes 647 schools",http://www.malaysiasun.com/news/279287069/malaysia-declares-emergency-in-sarawak-over-air-pollution-closes-647-schools,2026-09-05 06:30:00+00:00,malaysiasun.com,English,Malaysia,,Malaysia,"(haze OR smog OR jerebu OR karhutla OR ""forest fire"" OR wildfire OR ""PM2.5"" OR หมอกควัน OR ไฟป่า OR ""khói mù"" OR ""cháy rừng"") sourcecountry:malaysia",http://www.malaysiasun.com/news/279287069/malaysia-declares-emergency-in-sarawak-over-air-pollution-closes-647-schools,malaysia declares emergency in sarawak over air pollution closes 647 schools
Work continues in Serian under strict precautionary rules amid hazardous haze emergency,https://www.thestar.com.my/news/nation/2026/09/05/work-continues-in-serian-under-strict-precautionary-rules-amid-hazardous-haze-emergency,2026-09-05 06:15:00+00:00,thestar.com.my,English,Malaysia,https://apicms.thestar.com.my/uploads/images/2026/09/05/4094237.jpg,Malaysia,"(haze OR smog OR jerebu OR karhutla OR ""forest fire"" OR wildfire OR ""PM2.5"" OR หมอกควัน OR ไฟป่า OR ""khói mù"" OR ""cháy rừng"") sourcecountry:malaysia",https://www.thestar.com.my/news/nation/2026/09/05/work-continues-in-serian-under-strict-precautionary-rules-amid-hazardous-haze-emergency,work continues in serian under strict precautionary rules amid hazardous haze emergency
Overnight News Digest : Hot enough for you ? ,https://www.dailykos.com/stories/2026/9/4/800094253/community/overnight-news-digest-hot-enough-for-you/,2026-09-05 05:30:00+00:00,dailykos.com,English,United States,https://www.dailykos.com/wp-content/uploads/sites/2/2026/08/banner-1.jpg,Malaysia,"(haze OR smog OR jerebu OR karhutla OR ""forest fire"" OR wildfire) Malaysia",https://www.dailykos.com/stories/2026/9/4/800094253/community/overnight-news-digest-hot-enough-for-you,overnight news digest hot enough for you
Malaysia declares emergency in Sarawak as haze from Indonesia worsens,https://www.aljazeera.com/news/2026/9/5/malaysia-declares-emergency-in-sarawak-as-haze-from-indonesia-worsens,2026-09-05 05:15:00+00:00,aljazeera.com,English,United States,https://www.aljazeera.com/wp-content/uploads/2026/09/afp_6a9b7fe2481b-1788575714.jpg,Singapore,"(haze OR smog OR jerebu OR karhutla OR ""forest fire"" OR wildfire) Singapore",https://www.aljazeera.com/news/2026/9/5/malaysia-declares-emergency-in-sarawak-as-haze-from-indonesia-worsens,malaysia declares emergency in sarawak as haze from indonesia worsens
加里曼丹2省关闭学校 印尼加强灭火力度应对烟霾光华日报 | 1910年创刊 创新每一天生活,https://www.kwongwah.com.my/20260905/%E5%8A%A0%E9%87%8C%E6%9B%BC%E4%B8%B92%E7%9C%81%E5%85%B3%E9%97%AD%E5%AD%A6%E6%A0%A1-%E5%8D%B0%E5%B0%BC%E5%8A%A0%E5%BC%BA%E7%81%AD%E7%81%AB%E5%8A%9B%E5%BA%A6%E5%BA%94%E5%AF%B9%E7%83%9F%E9%9C%BE/,2026-09-05 05:15:00+00:00,kwongwah.com.my,Chinese,Malaysia,https://www.kwongwah.com.my/wp-content/uploads/2026/09/okh0905c1.jpg,"Malaysia, Singapore","(haze OR smog OR jerebu OR karhutla OR ""forest fire"" OR wildfire OR ""PM2.5"" OR หมอกควัน OR ไฟป่า OR ""khói mù"" OR ""cháy rừng"") sourcecountry:malaysia",https://www.kwongwah.com.my/20260905/%E5%8A%A0%E9%87%8C%E6%9B%BC%E4%B8%B92%E7%9C%81%E5%85%B3%E9%97%AD%E5%AD%A6%E6%A0%A1-%E5%8D%B0%E5%B0%BC%E5%8A%A0%E5%BC%BA%E7%81%AD%E7%81%AB%E5%8A%9B%E5%BA%A6%E5%BA%94%E5%AF%B9%E7%83%9F%E9%9C%BE,2 1910
"Laksana kelas dalam talian apabila IPU cecah 100 , saran pakar",https://www.freemalaysiatoday.com/category/bahasa/tempatan/2026/09/05/laksana-kelas-dalam-talian-apabila-ipu-cecah-100-saran-pakar,2026-09-05 04:00:00+00:00,freemalaysiatoday.com,Malay,Malaysia,"https://www.freemalaysiatoday.com/cdn-cgi/image/quality=80,format=auto,fit=cover,dpr=1,width=1200,height=630,gravity=center/https://media.freemalaysiatoday.com/v3/2026/09/2ef21b52-ba0d-45e4-80ad-9856e04faf11-jerebu-sekolah-bernama-030926-1.jpg",Malaysia,"(haze OR smog OR jerebu OR karhutla OR ""forest fire"" OR wildfire OR ""PM2.5"" OR หมอกควัน OR ไฟป่า OR ""khói mù"" OR ""cháy rừng"") sourcecountry:malaysia",https://www.freemalaysiatoday.com/category/bahasa/tempatan/2026/09/05/laksana-kelas-dalam-talian-apabila-ipu-cecah-100-saran-pakar,laksana kelas dalam talian apabila ipu cecah 100 saran pakar
"Move classes online when API hits 100 , say health experts",https://www.freemalaysiatoday.com/category/nation/2026/09/05/move-classes-online-when-api-hits-100-say-health-experts,2026-09-05 04:00:00+00:00,freemalaysiatoday.com,English,Malaysia,"https://www.freemalaysiatoday.com/cdn-cgi/image/quality=80,format=auto,fit=cover,dpr=1,width=1200,height=630,gravity=center/https://media.freemalaysiatoday.com/v3/2026/09/2ef21b52-ba0d-45e4-80ad-9856e04faf11-jerebu-sekolah-bernama-030926-1.jpg",Malaysia,"(haze OR smog OR jerebu OR karhutla OR ""forest fire"" OR wildfire OR ""PM2.5"" OR หมอกควัน OR ไฟป่า OR ""khói mù"" OR ""cháy rừng"") sourcecountry:malaysia",https://www.freemalaysiatoday.com/category/nation/2026/09/05/move-classes-online-when-api-hits-100-say-health-experts,move classes online when api hits 100 say health experts
西连空污指数降至390点 仍处危险水平,https://www.chinapress.com.my/20260905/%E8%A5%BF%E8%BF%9E%E7%A9%BA%E6%B0%94%E5%A5%BD%E8%BD%AC-%E4%BB%8A%E6%97%A9%E5%9B%9E%E8%B7%8C390%E7%82%B9/,2026-09-05 02:45:00+00:00,chinapress.com.my,Chinese,Malaysia,https://www.chinapress.com.my/wp-content/uploads/2026/09/sarawak-260905-1a.jpg,"Malaysia, Vietnam","(haze OR smog OR jerebu OR karhutla OR ""forest fire"" OR wildfire OR ""PM2.5"" OR หมอกควัน OR ไฟป่า OR ""khói mù"" OR ""cháy rừng"") sourcecountry:malaysia",https://www.chinapress.com.my/20260905/%E8%A5%BF%E8%BF%9E%E7%A9%BA%E6%B0%94%E5%A5%BD%E8%BD%AC-%E4%BB%8A%E6%97%A9%E5%9B%9E%E8%B7%8C390%E7%82%B9,390
Haze : Air quality in Serian still at hazardous levels early Sept 5,https://www.thestar.com.my/news/nation/2026/09/05/haze-air-quality-in-serian-still-at-hazardous-levels-early-sept-5,2026-09-05 02:15:00+00:00,thestar.com.my,English,Malaysia,https://apicms.thestar.com.my/uploads/images/2026/09/05/4094115.jpg,Malaysia,"(haze OR smog OR jerebu OR karhutla OR ""forest fire"" OR wildfire OR ""PM2.5"" OR หมอกควัน OR ไฟป่า OR ""khói mù"" OR ""cháy rừng"") sourcecountry:malaysia",https://www.thestar.com.my/news/nation/2026/09/05/haze-air-quality-in-serian-still-at-hazardous-levels-early-sept-5,haze air quality in serian still at hazardous levels early sept 5
Malaysia declares emergency in Sarawak town as haze reaches critical level,https://www.dailyexcelsior.com/malaysia-declares-emergency-in-sarawak-town-as-haze-reaches-critical-level/,2026-09-05 02:00:00+00:00,dailyexcelsior.com,English,India,https://www.dailyexcelsior.com/sortd-service/imaginary/v22-01/jpg/large/high?url=cHVibGlzaC1kYWlseWV4Y2Vsc2lvci1jb20tcHJvZC1zb3J0ZC9tZWRpYWZkY2E3MzkwLWE4YjAtMTFmMS05YjIwLTgzZThkYzhhYjE2YS5qcGc=,Singapore,"(haze OR smog OR jerebu OR karhutla OR ""forest fire"" OR wildfire) Singapore",https://www.dailyexcelsior.com/malaysia-declares-emergency-in-sarawak-town-as-haze-reaches-critical-level,malaysia declares emergency in sarawak town as haze reaches critical level
"Haze hangs over ASEAN , prompting regional action",http://global.chinadaily.com.cn/a/202609/05/WS6a9b57dee4b06d4aa055c797.html,2026-09-05 01:45:00+00:00,global.chinadaily.com.cn,English,China,http://img2.chinadaily.com.cn/images/202609/05/6a9b57dde4b06d4a392b7142.png,Singapore,"(haze OR smog OR jerebu OR karhutla OR ""forest fire"" OR wildfire) Singapore",http://global.chinadaily.com.cn/a/202609/05/WS6a9b57dee4b06d4aa055c797.html,haze hangs over asean prompting regional action
Haze in Singapore : Air quality at unhealthy range in central region,https://www.channelnewsasia.com/singapore/haze-singapore-unhealthy-range-psi-sep-5-6362856,2026-09-05 01:30:00+00:00,channelnewsasia.com,English,United States,"https://dam.mediacorp.sg/image/upload/s--tk4MB2Ji--/c_crop,h_1125,w_2000,x_0,y_238/c_fill,g_auto,h_338,w_600/fl_relative,g_south_east,l_mediacorp:cna:watermark:2021-08:cna,w_0.1/f_auto,q_auto/v1/mediacorp/cna/image/2026/09/04/59548.jpg?itok=3fmIqZmr",Singapore,"(haze OR smog OR jerebu OR karhutla OR ""forest fire"" OR wildfire) Singapore",https://www.channelnewsasia.com/singapore/haze-singapore-unhealthy-range-psi-sep-5-6362856,haze in singapore air quality at unhealthy range in central region
"Serian diisytihar darurat , bacaan IPU lebih 500",https://www.utusan.com.my/nasional/2026/09/serian-diisytihar-darurat-bacaan-ipu-lebih-500/,2026-09-05 01:15:00+00:00,utusan.com.my,Malay,Malaysia,https://www.utusan.com.my/wp-content/uploads/2026/09/LEAD-PG3-050926-ptj-agong-perkenan-darurat-done.jpg,Malaysia,"(haze OR smog OR jerebu OR karhutla OR ""forest fire"" OR wildfire OR ""PM2.5"" OR หมอกควัน OR ไฟป่า OR ""khói mù"" OR ""cháy rừng"") sourcecountry:malaysia",https://www.utusan.com.my/nasional/2026/09/serian-diisytihar-darurat-bacaan-ipu-lebih-500,serian diisytihar darurat bacaan ipu lebih 500
NGOs hold haze protest at Indonesian embassy,https://www.thestar.com.my/news/nation/2026/09/05/ngos-hold-haze-protest-at-indonesian-embassy,2026-09-05 00:15:00+00:00,thestar.com.my,English,Malaysia,https://apicms.thestar.com.my/uploads/images/2026/09/05/4094083.png,Malaysia,"(haze OR smog OR jerebu OR karhutla OR ""forest fire"" OR wildfire OR ""PM2.5"" OR หมอกควัน OR ไฟป่า OR ""khói mù"" OR ""cháy rừng"") sourcecountry:malaysia",https://www.thestar.com.my/news/nation/2026/09/05/ngos-hold-haze-protest-at-indonesian-embassy,ngos hold haze protest at indonesian embassy
Crystal clear memories of 2013 haze,https://www.thestar.com.my/news/nation/2026/09/05/crystal-clear-memories-of-2013-haze,2026-09-05 00:15:00+00:00,thestar.com.my,English,Malaysia,https://apicms.thestar.com.my/uploads/images/2026/09/05/4093825.jpg,Malaysia,"(haze OR smog OR jerebu OR karhutla OR ""forest fire"" OR wildfire OR ""PM2.5"" OR หมอกควัน OR ไฟป่า OR ""khói mù"" OR ""cháy rừng"") sourcecountry:malaysia",https://www.thestar.com.my/news/nation/2026/09/05/crystal-clear-memories-of-2013-haze,crystal clear memories of 2013 haze
  Take environmental action beyond borders  ,https://www.thestar.com.my/news/nation/2026/09/05/take-environmental-action-beyond-borders,2026-09-05 00:15:00+00:00,thestar.com.my,English,Malaysia,https://apicms.thestar.com.my/uploads/images/2026/09/05/4094064.jpg,Malaysia,"(haze OR smog OR jerebu OR karhutla OR ""forest fire"" OR wildfire OR ""PM2.5"" OR หมอกควัน OR ไฟป่า OR ""khói mù"" OR ""cháy rừng"") sourcecountry:malaysia",https://www.thestar.com.my/news/nation/2026/09/05/take-environmental-action-beyond-borders,take environmental action beyond borders
Haze emergency declared in Serian,https://www.thestar.com.my/news/nation/2026/09/05/haze-emergency-declared-in-serian,2026-09-05 00:15:00+00:00,thestar.com.my,English,Malaysia,https://apicms.thestar.com.my/uploads/images/2026/09/05/4094080.jpg,Malaysia,"(haze OR smog OR jerebu OR karhutla OR ""forest fire"" OR wildfire OR ""PM2.5"" OR หมอกควัน OR ไฟป่า OR ""khói mù"" OR ""cháy rừng"") sourcecountry:malaysia",https://www.thestar.com.my/news/nation/2026/09/05/haze-emergency-declared-in-serian,haze emergency declared in serian
Latinoamérica apuesta por la economía verde ante El Niño,https://cronicadelquindio.com/actualidad/mundo/atinoamerica-economia-verde-geopolitica-el-nino/,2026-09-04 23:45:00+00:00,cronicadelquindio.com,Spanish,Colombia,https://cronicadelquindio.com/wp-content/uploads/2026/09/Plantillas-Wordpress-46.webp,Philippines,"(haze OR smog OR jerebu OR karhutla OR ""forest fire"" OR wildfire) Philippines",https://cronicadelquindio.com/actualidad/mundo/atinoamerica-economia-verde-geopolitica-el-nino,latinoam rica apuesta por la econom a verde ante el ni o
"HEADLINES : Court orders Sara Duterte arrested | September 5 , 2026",https://www.manilatimes.net/2026/09/05/podcasts/headlines-court-orders-sara-duterte-arrested-september-5-2026/2418800,2026-09-04 23:45:00+00:00,manilatimes.net,English,Philippines,https://www.manilatimes.net/theme_manilatimes/images/TMT_1920x1008.jpg,"Philippines, Singapore","(haze OR smog OR jerebu OR karhutla OR ""forest fire"" OR wildfire OR ""PM2.5"" OR หมอกควัน OR ไฟป่า OR ""khói mù"" OR ""cháy rừng"") sourcecountry:philippines",https://www.manilatimes.net/2026/09/05/podcasts/headlines-court-orders-sara-duterte-arrested-september-5-2026/2418800,headlines court orders sara duterte arrested september 5 2026
Indonesia despliega operativo de emergencia para sofocar cientos de incendios,https://avn.info.ve/indonesia-despliega-operativo-de-emergencia-para-sofocar-cientos-de-incendios/,2026-09-04 23:30:00+00:00,avn.info.ve,Spanish,Venezuela,https://avn.info.ve/wp-content/uploads/2026/09/IMG_5964.jpeg,Singapore,"(haze OR smog OR jerebu OR karhutla OR ""forest fire"" OR wildfire) Singapore",https://avn.info.ve/indonesia-despliega-operativo-de-emergencia-para-sofocar-cientos-de-incendios,indonesia despliega operativo de emergencia para sofocar cientos de incendios
Haze in Singapore : Air quality at unhealthy range in two regions,https://www.channelnewsasia.com/singapore/haze-singapore-unhealthy-three-regions-6362856,2026-09-04 23:30:00+00:00,channelnewsasia.com,English,United States,"https://dam.mediacorp.sg/image/upload/s--tk4MB2Ji--/c_crop,h_1125,w_2000,x_0,y_238/c_fill,g_auto,h_338,w_600/fl_relative,g_south_east,l_mediacorp:cna:watermark:2021-08:cna,w_0.1/f_auto,q_auto/v1/mediacorp/cna/image/2026/09/04/59548.jpg?itok=3fmIqZmr",Singapore,"(haze OR smog OR jerebu OR karhutla OR ""forest fire"" OR wildfire) Singapore",https://www.channelnewsasia.com/singapore/haze-singapore-unhealthy-three-regions-6362856,haze in singapore air quality at unhealthy range in two regions
" [ TERKINI ] Jerebu : Bacaan IPU Serian semakin positif , hujan lebat redakan Kuching , Samarahan",https://www.astroawani.com/berita-malaysia/terkini-jerebu-bacaan-ipu-serian-semakin-positif-hujan-lebat-redakan-kuching-samarahan,2026-09-04 23:15:00+00:00,astroawani.com,Malay,Malaysia,https://media.astroawani.com/awani/media/uploads/image/2026-09/TB_Serian%20Jerebu_ASTRO%20AWANI.jpg?VersionId=XQsC_tSYd14NMwFPj6CCb68NcizFNcKe,Malaysia,"(haze OR smog OR jerebu OR karhutla OR ""forest fire"" OR wildfire OR ""PM2.5"" OR หมอกควัน OR ไฟป่า OR ""khói mù"" OR ""cháy rừng"") sourcecountry:malaysia",https://www.astroawani.com/berita-malaysia/terkini-jerebu-bacaan-ipu-serian-semakin-positif-hujan-lebat-redakan-kuching-samarahan,terkini jerebu bacaan ipu serian semakin positif hujan lebat redakan kuching samarahan
Malaysia ban bố tình trạng khẩn cấp do khói mù,https://vietgiaitri.com/malaysia-ban-bo-tinh-trang-khan-cap-do-khoi-mu-20260905i7765288/,2026-09-04 23:00:00+00:00,vietgiaitri.com,Vietnamese,Vietnam,https://t.vietgiaitri.com/2026/9/2/malaysia-ban-bo-tinh-trang-khan-cap-do-khoi-mu-800x576-646-7765288.webp,Vietnam,"(haze OR smog OR jerebu OR karhutla OR ""forest fire"" OR wildfire OR ""PM2.5"" OR หมอกควัน OR ไฟป่า OR ""khói mù"" OR ""cháy rừng"") sourcecountry:vietnam",https://vietgiaitri.com/malaysia-ban-bo-tinh-trang-khan-cap-do-khoi-mu-20260905i7765288,malaysia ban b t nh tr ng kh n c p do kh i m
"Chiang Rai MP Debate Tackles Toxic Water , PM2 . 5 Air Pollution , Drugs , and Vote Buying Claims",https://www.chiangraitimes.com/chiang-rai/chiang-rai-mp-debate/,2026-09-04 22:15:00+00:00,chiangraitimes.com,English,Thailand,https://i0.wp.com/www.chiangraitimes.com/wp-content/uploads/2026/01/569000000637002.webp,Thailand,"(haze OR smog OR jerebu OR karhutla OR ""forest fire"" OR wildfire OR ""PM2.5"" OR หมอกควัน OR ไฟป่า OR ""khói mù"" OR ""cháy rừng"") sourcecountry:thailand",https://www.chiangraitimes.com/chiang-rai/chiang-rai-mp-debate,chiang rai mp debate tackles toxic water pm2 5 air pollution drugs and vote buying claims
马来西亚烟霾加剧 沙捞越州超600所学校下周停课,https://world.qianlong.com/2026/0905/8722789.shtml,2026-09-04 21:15:00+00:00,world.qianlong.com,Chinese,China,,Malaysia,"(haze OR smog OR jerebu OR karhutla OR ""forest fire"" OR wildfire) Malaysia",https://world.qianlong.com/2026/0905/8722789.shtml,600
Einmalig in Europa : Gasleck - Grotte in Niedersachsen überrascht seit mehr als 300 Jahren,https://www.az-online.de/deutschland/niedersachsen/einmalig-in-europa-gasleck-grotte-in-niedersachsen-ueberrascht-seit-mehr-als-300-jahren-94475495.html,2026-09-04 20:00:00+00:00,az-online.de,German,Germany,,Philippines,"(haze OR smog OR jerebu OR karhutla OR ""forest fire"" OR wildfire) Philippines",https://www.az-online.de/deutschland/niedersachsen/einmalig-in-europa-gasleck-grotte-in-niedersachsen-ueberrascht-seit-mehr-als-300-jahren-94475495.html,einmalig in europa gasleck grotte in niedersachsen berrascht seit mehr als 300 jahren
Malasia declaró el estado de emergencia por una nube tóxica causada por los incendios en Indonesia,https://www.ambito.com/mundo/malasia-declaro-el-estado-emergencia-una-nube-toxica-causada-los-incendios-indonesia-n6318632,2026-09-04 20:00:00+00:00,ambito.com,Spanish,Argentina,https://media.ambito.com/p/1b3aa8b0119f15f7b9258e14f899bb70/adjuntos/239/imagenes/043/623/0043623356/malasia-nube-toxica.jpg,Malaysia,"(haze OR smog OR jerebu OR karhutla OR ""forest fire"" OR wildfire) Malaysia",https://www.ambito.com/mundo/malasia-declaro-el-estado-emergencia-una-nube-toxica-causada-los-incendios-indonesia-n6318632,malasia declar el estado de emergencia por una nube t xica causada por los incendios en indonesia
"Jerebu memburuk , Indonesia perhebat usaha pemadaman api di Kalimantan",https://www.astroawani.com/berita-dunia/jerebu-memburuk-indonesia-perhebat-usaha-pemadaman-api-di-kalimantan,2026-09-04 18:15:00+00:00,astroawani.com,Malay,Malaysia,https://media.astroawani.com/awani/media/uploads/image/2026-09/TB_PONTIANAK%20HAZE_REUTERS.jpg?VersionId=5KxL.zb2FXPjCMBbsTSE67KiPHI1cCxx,Malaysia,"(haze OR smog OR jerebu OR karhutla OR ""forest fire"" OR wildfire OR ""PM2.5"" OR หมอกควัน OR ไฟป่า OR ""khói mù"" OR ""cháy rừng"") sourcecountry:malaysia",https://www.astroawani.com/berita-dunia/jerebu-memburuk-indonesia-perhebat-usaha-pemadaman-api-di-kalimantan,jerebu memburuk indonesia perhebat usaha pemadaman api di kalimantan
Today Top 3 News : Singapore Air Quality Crosses Unhealthy Range,https://en.tempo.co/read/2118961/todays-top-3-news-singapore-air-quality-crosses-unhealthy-range,2026-09-04 18:15:00+00:00,en.tempo.co,English,,https://statik.tempo.co/data/2026/08/02/id_1484950/1484950_720.jpg,Singapore,"(haze OR smog OR jerebu OR karhutla OR ""forest fire"" OR wildfire) Singapore",https://en.tempo.co/read/2118961/todays-top-3-news-singapore-air-quality-crosses-unhealthy-range,today top 3 news singapore air quality crosses unhealthy range
Haze update for Sept 4 : 24 - hour PSI forecast to be in moderate to unhealthy range,https://www.asiaone.com/singapore/psi-singapore-haze-situation-4-september-forecast-advisory,2026-09-04 18:15:00+00:00,asiaone.com,English,Singapore,https://www.asiaone.com/sites/default/files/styles/article_top_image/public/original_images/Sep2026/Daily%20haze%20situation%20update%20and%20advisory%20for%204%20September%202026.JPG?itok=upCO4zYo,Singapore,"(haze OR smog OR jerebu OR karhutla OR ""forest fire"" OR wildfire OR ""PM2.5"" OR หมอกควัน OR ไฟป่า OR ""khói mù"" OR ""cháy rừng"") sourcecountry:singapore",https://www.asiaone.com/singapore/psi-singapore-haze-situation-4-september-forecast-advisory,haze update for sept 4 24 hour psi forecast to be in moderate to unhealthy range
AP Trending SummaryBrief at 12 : 59 p . m . EDT,https://www.swoknews.com/ap/national/ap-trending-summarybrief-at-12-59-p-m-edt/article_5911efb7-2d19-5636-91aa-66eff51fcdb6.html,2026-09-04 18:00:00+00:00,swoknews.com,English,United States,,Brunei,"(haze OR smog OR jerebu OR karhutla OR ""forest fire"" OR wildfire) Brunei",https://www.swoknews.com/ap/national/ap-trending-summarybrief-at-12-59-p-m-edt/article_5911efb7-2d19-5636-91aa-66eff51fcdb6.html,ap trending summarybrief at 12 59 p m edt
Davao City urges caution over haze exposure,https://www.manilatimes.net/2026/09/05/regions/davao-city-urges-caution-over-haze-exposure/2418715,2026-09-04 17:00:00+00:00,manilatimes.net,English,Philippines,https://manilatimes.net/manilatimes/uploads/images/2026/09/04/1203447.jpg,Philippines,"(haze OR smog OR jerebu OR karhutla OR ""forest fire"" OR wildfire OR ""PM2.5"" OR หมอกควัน OR ไฟป่า OR ""khói mù"" OR ""cháy rừng"") sourcecountry:philippines",https://www.manilatimes.net/2026/09/05/regions/davao-city-urges-caution-over-haze-exposure/2418715,davao city urges caution over haze exposure
"Outdoor workers get more frequent breaks , protective gear to help them cope with heat stress",https://www.channelnewsasia.com/watch/outdoor-workers-get-more-frequent-breaks-protective-gear-help-them-cope-heat-stress-6363421,2026-09-04 16:15:00+00:00,channelnewsasia.com,English,United States,"https://dam.mediacorp.sg/image/upload/s--IvMI8XUz--/c_fill,g_auto,h_338,w_600/f_auto,q_auto/v1/mediacorp/cna/image/2026/09/04/0904heat.jpg?itok=9Gnvq110",Singapore,"(haze OR smog OR jerebu OR karhutla OR ""forest fire"" OR wildfire) Singapore",https://www.channelnewsasia.com/watch/outdoor-workers-get-more-frequent-breaks-protective-gear-help-them-cope-heat-stress-6363421,outdoor workers get more frequent breaks protective gear to help them cope with heat stress
"Singapore air quality enters unhealthy range in central , east regions ; 24 - hour PSI crosses 100",https://www.channelnewsasia.com/watch/singapore-air-quality-enters-unhealthy-range-in-central-east-regions-24-hour-psi-crosses-100-6363471,2026-09-04 16:15:00+00:00,channelnewsasia.com,English,United States,"https://dam.mediacorp.sg/image/upload/s--bhlqaTDE--/c_fill,g_auto,h_338,w_600/f_auto,q_auto/v1/mediacorp/cna/image/2026/09/04/0904sghaze.png?itok=NEXUMwX0",Singapore,"(haze OR smog OR jerebu OR karhutla OR ""forest fire"" OR wildfire) Singapore",https://www.channelnewsasia.com/watch/singapore-air-quality-enters-unhealthy-range-in-central-east-regions-24-hour-psi-crosses-100-6363471,singapore air quality enters unhealthy range in central east regions 24 hour psi crosses 100
Indonesia steps up wildfire fight as haze reaches hazardous levels,https://news.az/news/indonesia-steps-up-wildfire-fight-as-haze-reaches-hazardous-levels,2026-09-04 15:15:00+00:00,news.az,English,Azerbaijan,https://news.az/photos/2026/09/1788527544.webp,Singapore,"(haze OR smog OR jerebu OR karhutla OR ""forest fire"" OR wildfire) Singapore",https://news.az/news/indonesia-steps-up-wildfire-fight-as-haze-reaches-hazardous-levels,indonesia steps up wildfire fight as haze reaches hazardous levels
"As Indonesia wildfires rage , haze spreads farther across Southeast Asia",https://news.mongabay.com/short-article/2026/09/as-indonesias-wildfires-rage-haze-spreads-farther-across-southeast-asia/,2026-09-04 14:45:00+00:00,news.mongabay.com,English,Indonesia,https://imgs.mongabay.com/wp-content/uploads/sites/20/2026/09/04122237/AP26247260475259-1200x800.jpeg,"Indonesia, Singapore","(haze OR smog OR jerebu OR karhutla OR ""forest fire"" OR wildfire OR ""PM2.5"" OR หมอกควัน OR ไฟป่า OR ""khói mù"" OR ""cháy rừng"") sourcecountry:indonesia",https://news.mongabay.com/short-article/2026/09/as-indonesias-wildfires-rage-haze-spreads-farther-across-southeast-asia,as indonesia wildfires rage haze spreads farther across southeast asia
"Wildfires spread near Indonesia new capital , prompting calls for action",https://kelo.com/2026/09/04/wildfires-spread-near-indonesias-new-capital-prompting-calls-for-action/,2026-09-04 13:00:00+00:00,kelo.com,English,United States,https://storage.googleapis.com/media.mwcradio.com/mimesis/2026-09/04/2026-09-04T101355Z_1_LYNXMPEM830S9_RTROPTP_3_ASIA-WEATHER-INDONESIA-NUSANTARA.JPG,Malaysia,"(haze OR smog OR jerebu OR karhutla OR ""forest fire"" OR wildfire) Malaysia",https://kelo.com/2026/09/04/wildfires-spread-near-indonesias-new-capital-prompting-calls-for-action,wildfires spread near indonesia new capital prompting calls for action
Singapore air quality unhealthy as Indonesia fires worsen,https://www.businesstimes.com.sg/singapore/singapores-air-quality-unhealthy-indonesia-fires-worsen,2026-09-04 13:00:00+00:00,businesstimes.com.sg,English,Singapore,https://cassette.sphdigital.com.sg/image/businesstimes/f1e32247d72ea136ba3b80cc6d40901625e5246c4e6f68e2ed15f30955d559b3?&f=webp,"Malaysia, Singapore","(haze OR smog OR jerebu OR karhutla OR ""forest fire"" OR wildfire OR ""PM2.5"" OR หมอกควัน OR ไฟป่า OR ""khói mù"" OR ""cháy rừng"") sourcecountry:singapore",https://www.businesstimes.com.sg/singapore/singapores-air-quality-unhealthy-indonesia-fires-worsen,singapore air quality unhealthy as indonesia fires worsen
烟霾持续恶化 砂拉越647学校7日起停课5天,https://www.enanyang.my/news/20260904/State/1370525,2026-09-04 12:45:00+00:00,enanyang.my,Chinese,Malaysia,https://vega.enanyang.my/wp-content/uploads/2026/09/260904_sarawak_15624.jpg,"Malaysia, Vietnam","(haze OR smog OR jerebu OR karhutla OR ""forest fire"" OR wildfire OR ""PM2.5"" OR หมอกควัน OR ไฟป่า OR ""khói mù"" OR ""cháy rừng"") sourcecountry:malaysia",https://www.enanyang.my/news/20260904/State/1370525,647 7 5
Malaysia declares emergency over hazardous haze in Sarawak state,https://news.az/news/malaysia-declares-emergency-over-hazardous-haze-in-sarawak-state,2026-09-04 12:45:00+00:00,news.az,English,Azerbaijan,https://news.az/photos/2026/09/1788523662.webp,Malaysia,"(haze OR smog OR jerebu OR karhutla OR ""forest fire"" OR wildfire) Malaysia",https://news.az/news/malaysia-declares-emergency-over-hazardous-haze-in-sarawak-state,malaysia declares emergency over hazardous haze in sarawak state
"Wildfires spread near Indonesia new capital , prompting calls for action | WTVB | 1590 AM · 95 . 5 FM",https://wtvbam.com/2026/09/04/wildfires-spread-near-indonesias-new-capital-prompting-calls-for-action/,2026-09-04 12:45:00+00:00,wtvbam.com,English,United States,https://storage.googleapis.com/media.mwcradio.com/mimesis/2026-09/04/2026-09-04T101355Z_1_LYNXMPEM830S9_RTROPTP_3_ASIA-WEATHER-INDONESIA-NUSANTARA.JPG,Malaysia,"(haze OR smog OR jerebu OR karhutla OR ""forest fire"" OR wildfire) Malaysia",https://wtvbam.com/2026/09/04/wildfires-spread-near-indonesias-new-capital-prompting-calls-for-action,wildfires spread near indonesia new capital prompting calls for action wtvb 1590 am 95 5 fm
Malaysia Declares Emergency in Serian District in Sarawak State Due to Haze,https://english.aawsat.com/varieties/5314614-malaysia-declares-emergency-serian-district-sarawak-state-due-haze,2026-09-04 10:15:00+00:00,english.aawsat.com,English,Syria,https://static.srpcdigital.com/styles/1200x600/public/2026-09/1756337.jpeg.webp?VersionId=lK05xwNH6dZhrpCIVy7B4tz8UIXqzo7s,Malaysia,"(haze OR smog OR jerebu OR karhutla OR ""forest fire"" OR wildfire) Malaysia",https://english.aawsat.com/varieties/5314614-malaysia-declares-emergency-serian-district-sarawak-state-due-haze,malaysia declares emergency in serian district in sarawak state due to haze
"Regionaal Thailandnieuws vrijdag 4 september 2026 : zeer zware regen bedreigt noorden en Isaan , drugsnetwerken aangepakt en Pattaya druk door Amerikaanse marine",https://www.thailandblog.nl/nieuws-uit-thailand/regionaal-thailandnieuws-vrijdag-4-september-2026-zeer-zware-regen-bedreigt-noorden-en-isaan-drugsnetwerken-aangepakt-en-pattaya-druk-door-amerikaanse-marine/,2026-09-04 10:00:00+00:00,thailandblog.nl,Dutch,Netherlands,https://www.thailandblog.nl/wp-content/uploads/Nreg-neiuws-3.jpg,Thailand,"(haze OR smog OR jerebu OR karhutla OR ""forest fire"" OR wildfire) Thailand",https://www.thailandblog.nl/nieuws-uit-thailand/regionaal-thailandnieuws-vrijdag-4-september-2026-zeer-zware-regen-bedreigt-noorden-en-isaan-drugsnetwerken-aangepakt-en-pattaya-druk-door-amerikaanse-marine,regionaal thailandnieuws vrijdag 4 september 2026 zeer zware regen bedreigt noorden en isaan drugsnetwerken aangepakt en pattaya druk door amerikaanse marine
Sarawak town chokes as haze pushes air pollution past Malaysia emergency threshold | World News,http://www.thegazette.com/news/world/sarawak-town-chokes-as-haze-pushes-air-pollution-past-malaysia-s-emergency-threshold/article_55625f58-4a99-5d7f-857b-dad8d54ef257.html,2026-09-04 10:00:00+00:00,thegazette.com,English,United States,https://bloximages.chicago2.vip.townnews.com/thegazette.com/content/tncms/assets/v3/editorial/d/5d/d5d7a511-e662-592a-bca2-272904ae54be/6a9a8a0936496.image.jpg?crop=4820%2C2531%2C0%2C341,Singapore,"(haze OR smog OR jerebu OR karhutla OR ""forest fire"" OR wildfire) Singapore",http://www.thegazette.com/news/world/sarawak-town-chokes-as-haze-pushes-air-pollution-past-malaysia-s-emergency-threshold/article_55625f58-4a99-5d7f-857b-dad8d54ef257.html,sarawak town chokes as haze pushes air pollution past malaysia emergency threshold world news
Malaysia Sarawak declares emergency in Serian district due to haze,https://www.asiaone.com/malaysia/malaysias-sarawak-declares-emergency-serian-district-due-haze,2026-09-04 10:00:00+00:00,asiaone.com,English,Singapore,https://www.asiaone.com/sites/default/files/styles/article_top_image/public/original_images/Sep2026/indoensia%20haze.JPG?itok=kg-LMwpU,"Malaysia, Singapore","(haze OR smog OR jerebu OR karhutla OR ""forest fire"" OR wildfire) Malaysia",https://www.asiaone.com/malaysia/malaysias-sarawak-declares-emergency-serian-district-due-haze,malaysia sarawak declares emergency in serian district due to haze
Indonesia pitches 32 infrastructure projects worth US$11 . 77B to Japan,https://en.antaranews.com/news/429907/indonesia-pitches-32-infrastructure-projects-worth-us1177b-to-japan,2026-09-04 09:45:00+00:00,en.antaranews.com,English,Indonesia,https://cdn.antaranews.com/cache/1200x800/2026/09/04/publikasi_1788445144_6a9981d8022fa.jpg,Indonesia,"(haze OR smog OR jerebu OR karhutla OR ""forest fire"" OR wildfire OR ""PM2.5"" OR หมอกควัน OR ไฟป่า OR ""khói mù"" OR ""cháy rừng"") sourcecountry:indonesia",https://en.antaranews.com/news/429907/indonesia-pitches-32-infrastructure-projects-worth-us1177b-to-japan,indonesia pitches 32 infrastructure projects worth us 11 77b to japan
Emergency declared in Serian over hazardous haze,https://www.freemalaysiatoday.com/category/nation/2026/09/04/emergency-declared-in-serian-over-hazardous-haze,2026-09-04 09:45:00+00:00,freemalaysiatoday.com,English,Malaysia,"https://www.freemalaysiatoday.com/cdn-cgi/image/quality=80,format=auto,fit=cover,dpr=1,width=1200,height=630,gravity=center/https://media.freemalaysiatoday.com/v3/2026/09/eae46f30-d0f2-4991-b4c2-7625f55db865-jerebu-serian-040926.jpg",Malaysia,"(haze OR smog OR jerebu OR karhutla OR ""forest fire"" OR wildfire OR ""PM2.5"" OR หมอกควัน OR ไฟป่า OR ""khói mù"" OR ""cháy rừng"") sourcecountry:malaysia",https://www.freemalaysiatoday.com/category/nation/2026/09/04/emergency-declared-in-serian-over-hazardous-haze,emergency declared in serian over hazardous haze
Sarawak requests emergency declaration after Serian API exceeds 500,https://www.thestar.com.my/news/nation/2026/09/04/sarawak-requests-emergency-declaration-after-serian-api-exceeds-500,2026-09-04 09:45:00+00:00,thestar.com.my,English,Malaysia,https://apicms.thestar.com.my/uploads/images/2026/09/04/4093143.JPG,Malaysia,"(haze OR smog OR jerebu OR karhutla OR ""forest fire"" OR wildfire OR ""PM2.5"" OR หมอกควัน OR ไฟป่า OR ""khói mù"" OR ""cháy rừng"") sourcecountry:malaysia",https://www.thestar.com.my/news/nation/2026/09/04/sarawak-requests-emergency-declaration-after-serian-api-exceeds-500,sarawak requests emergency declaration after serian api exceeds 500
11 orangutans safely evacuated after forest fire in East Kalimantan,https://en.antaranews.com/news/429888/11-orangutans-safely-evacuated-after-forest-fire-in-east-kalimantan,2026-09-04 09:45:00+00:00,en.antaranews.com,English,Indonesia,https://cdn.antaranews.com/cache/1200x800/2026/09/04/evakuasi-orangutan-di-samboja.jpeg,Indonesia,"(haze OR smog OR jerebu OR karhutla OR ""forest fire"" OR wildfire OR ""PM2.5"" OR หมอกควัน OR ไฟป่า OR ""khói mù"" OR ""cháy rừng"") sourcecountry:indonesia",https://en.antaranews.com/news/429888/11-orangutans-safely-evacuated-after-forest-fire-in-east-kalimantan,11 orangutans safely evacuated after forest fire in east kalimantan
Indonesia Rescues Orangutan Mother and Baby from Wildfire Haze,https://english.aawsat.com/varieties/5314536-indonesia-rescues-orangutan-mother-and-baby-wildfire-haze,2026-09-04 09:30:00+00:00,english.aawsat.com,English,Syria,https://static.srpcdigital.com/styles/1200x600/public/2026-09/1756145_0.jpeg.webp?VersionId=wuZsDOuf.HMO3NZqBiIU2D2UupzSQpS3,Singapore,"(haze OR smog OR jerebu OR karhutla OR ""forest fire"" OR wildfire) Singapore",https://english.aawsat.com/varieties/5314536-indonesia-rescues-orangutan-mother-and-baby-wildfire-haze,indonesia rescues orangutan mother and baby from wildfire haze
"Haze : State of emergency declared at Serian , says PMO",https://www.thestar.com.my/news/nation/2026/09/04/haze-state-of-emergency-declared-at-serian-says-pmo,2026-09-04 09:30:00+00:00,thestar.com.my,English,Malaysia,https://apicms.thestar.com.my/uploads/images/2026/09/04/4093122.JPG,Malaysia,"(haze OR smog OR jerebu OR karhutla OR ""forest fire"" OR wildfire OR ""PM2.5"" OR หมอกควัน OR ไฟป่า OR ""khói mù"" OR ""cháy rừng"") sourcecountry:malaysia",https://www.thestar.com.my/news/nation/2026/09/04/haze-state-of-emergency-declared-at-serian-says-pmo,haze state of emergency declared at serian says pmo
Agong perkenan isytihar darurat di Serian,https://www.sinarharian.com.my/article/794837/berita/nasional/agong-perkenan-isytihar-darurat-di-serian,2026-09-04 09:30:00+00:00,sinarharian.com.my,Malay,Malaysia,https://www.sinarharian.com.my/uploads/images/2026/09/04/3636461.webp,Malaysia,"(haze OR smog OR jerebu OR karhutla OR ""forest fire"" OR wildfire OR ""PM2.5"" OR หมอกควัน OR ไฟป่า OR ""khói mù"" OR ""cháy rừng"") sourcecountry:malaysia",https://www.sinarharian.com.my/article/794837/berita/nasional/agong-perkenan-isytihar-darurat-di-serian,agong perkenan isytihar darurat di serian
"Community centres , some RCs will open air - con rooms to public when PSI exceeds 200 : Haze Task Force",https://www.straitstimes.com/singapore/community-centres-some-rcs-will-open-air-con-rooms-to-public-when-psi-exceeds-200-haze-task-force,2026-09-04 09:30:00+00:00,straitstimes.com,English,Singapore,https://cassette.sphdigital.com.sg/image/straitstimes/ad63fdb85c7b522ddb32613be703e0ba2bbebac2c5118b418c683d5588636c71,"Malaysia, Singapore","(haze OR smog OR jerebu OR karhutla OR ""forest fire"" OR wildfire OR ""PM2.5"" OR หมอกควัน OR ไฟป่า OR ""khói mù"" OR ""cháy rừng"") sourcecountry:singapore",https://www.straitstimes.com/singapore/community-centres-some-rcs-will-open-air-con-rooms-to-public-when-psi-exceeds-200-haze-task-force,community centres some rcs will open air con rooms to public when psi exceeds 200 haze task force
西连空气污染指数突破500 安华联系砂总理 商讨是否颁布紧急状态 | 东马 | 地方,https://www.orientaldaily.com.my/news/east-malaysia/2026/09/04/845465,2026-09-04 09:15:00+00:00,orientaldaily.com.my,Chinese,Malaysia,https://www.orientaldaily.com.my/storage/resize_cache/images/uploads/news-cover/2026/SEP_2026/20260904/WhatsApp_Image_2026-09-04_at_16.23.38.jpeg/553be7348423a70fd17c8fd875dadd1c.jpeg,Malaysia,"(haze OR smog OR jerebu OR karhutla OR ""forest fire"" OR wildfire OR ""PM2.5"" OR หมอกควัน OR ไฟป่า OR ""khói mù"" OR ""cháy rừng"") sourcecountry:malaysia",https://www.orientaldaily.com.my/news/east-malaysia/2026/09/04/845465,500
How Bad Is  Bad  Air ? Here What Different Air Quality Index Levels Mean For Your Health,https://www.therakyatpost.com/living/2026/09/04/how-bad-is-bad-air-heres-what-different-air-quality-index-levels-mean-for-your-health/,2026-09-04 09:15:00+00:00,therakyatpost.com,English,Malaysia,https://www.therakyatpost.com/wp-content/uploads/2026/09/Malaysia_haze_API.jpg,Malaysia,"(haze OR smog OR jerebu OR karhutla OR ""forest fire"" OR wildfire) Malaysia",https://www.therakyatpost.com/living/2026/09/04/how-bad-is-bad-air-heres-what-different-air-quality-index-levels-mean-for-your-health,how bad is bad air here what different air quality index levels mean for your health
"IPU Serian cecah 518 , tahap berbahaya",https://www.utusan.com.my/terkini/2026/09/ipu-serian-cecah-518-tahap-berbahaya/,2026-09-04 09:00:00+00:00,utusan.com.my,Malay,Malaysia,http://www.utusan.com.my/wp-content/uploads/2026/09/PJKLJEREBU003-scaled.jpg,Malaysia,"(haze OR smog OR jerebu OR karhutla OR ""forest fire"" OR wildfire OR ""PM2.5"" OR หมอกควัน OR ไฟป่า OR ""khói mù"" OR ""cháy rừng"") sourcecountry:malaysia",https://www.utusan.com.my/terkini/2026/09/ipu-serian-cecah-518-tahap-berbahaya,ipu serian cecah 518 tahap berbahaya
Singapore PSI hits unhealthy level for 1st time since 2023 amid haze - Xinhua,https://english.news.cn/20260904/ca4a55f4f33a4de4b32e499427493c51/c.html,2026-09-04 09:00:00+00:00,english.news.cn,English,,,Singapore,"(haze OR smog OR jerebu OR karhutla OR ""forest fire"" OR wildfire) Singapore",https://english.news.cn/20260904/ca4a55f4f33a4de4b32e499427493c51/c.html,singapore psi hits unhealthy level for 1st time since 2023 amid haze xinhua
Malaysia Sarawak declares emergency in Serian district due to haze | 1450 AM 99 . 7 FM WHTC,https://whtc.com/2026/09/04/malaysias-sarawak-declares-emergency-in-serian-district-due-to-haze/,2026-09-04 09:00:00+00:00,whtc.com,English,United States,https://storage.googleapis.com/media.mwcradio.com/mimesis/2026-09/04/2026-09-04T080130Z_1_LYNXMPEM830LA_RTROPTP_3_ASIA-WEATHER-INDONESIA-WILDFIRE.JPG,Malaysia,"(haze OR smog OR jerebu OR karhutla OR ""forest fire"" OR wildfire) Malaysia",https://whtc.com/2026/09/04/malaysias-sarawak-declares-emergency-in-serian-district-due-to-haze,malaysia sarawak declares emergency in serian district due to haze 1450 am 99 7 fm whtc
Malaysia Sarawak declares emergency in Serian district due to haze | HOT 96 | The Tri State # 1 Hit Music Station,https://hot96.com/2026/09/04/malaysias-sarawak-declares-emergency-in-serian-district-due-to-haze/,2026-09-04 09:00:00+00:00,hot96.com,English,United States,https://storage.googleapis.com/media.mwcradio.com/mimesis/2026-09/04/2026-09-04T080130Z_1_LYNXMPEM830LA_RTROPTP_3_ASIA-WEATHER-INDONESIA-WILDFIRE.JPG,Malaysia,"(haze OR smog OR jerebu OR karhutla OR ""forest fire"" OR wildfire) Malaysia",https://hot96.com/2026/09/04/malaysias-sarawak-declares-emergency-in-serian-district-due-to-haze,malaysia sarawak declares emergency in serian district due to haze hot 96 the tri state 1 hit music station
"SAM sambut baik keputusan kerajaan henti beri Lesen Pelanggaran , pelihara kualiti udara negara",https://www.astroawani.com/berita-malaysia/sam-sambut-baik-keputusan-kerajaan-henti-beri-lesen-pelanggaran-pelihara-kualiti-udara-negara,2026-09-04 08:45:00+00:00,astroawani.com,Malay,Malaysia,https://media.astroawani.com/awani/media/uploads/image/2026-08/TB_Jerebu_BERNAMA.jpg?VersionId=xV9Bw.NZsE3l9pSQGxY.0_rYuWBr9aYi,Malaysia,"(haze OR smog OR jerebu OR karhutla OR ""forest fire"" OR wildfire OR ""PM2.5"" OR หมอกควัน OR ไฟป่า OR ""khói mù"" OR ""cháy rừng"") sourcecountry:malaysia",https://www.astroawani.com/berita-malaysia/sam-sambut-baik-keputusan-kerajaan-henti-beri-lesen-pelanggaran-pelihara-kualiti-udara-negara,sam sambut baik keputusan kerajaan henti beri lesen pelanggaran pelihara kualiti udara negara
Jerebu : Kerajaan Indonesia digesa dedah syarikat Malaysia terlibat kebakaran hutan,https://www.astroawani.com/berita-malaysia/jerebu-kerajaan-indonesia-digesa-dedah-syarikat-malaysia-terlibat-kebakaran-hutan,2026-09-04 08:45:00+00:00,astroawani.com,Malay,Malaysia,https://media.astroawani.com/awani/media/uploads/image/2026-09/%5BTB%5D_Aktivis%20Protest%20Jerebu%20Kedutaan%20Besar%20Indonesia%202_ASTRO%20AWANI_SHAHIR%20OMAR.jpg?VersionId=pJUEaUg36UXwCCR7rTp.Q1V1B78bZcbn,Malaysia,"(haze OR smog OR jerebu OR karhutla OR ""forest fire"" OR wildfire OR ""PM2.5"" OR หมอกควัน OR ไฟป่า OR ""khói mù"" OR ""cháy rừng"") sourcecountry:malaysia",https://www.astroawani.com/berita-malaysia/jerebu-kerajaan-indonesia-digesa-dedah-syarikat-malaysia-terlibat-kebakaran-hutan,jerebu kerajaan indonesia digesa dedah syarikat malaysia terlibat kebakaran hutan
KJ slams  banana republic  Indonesia over severe haze,https://www.freemalaysiatoday.com/category/nation/2026/09/04/kj-slams-banana-republic-indonesia-over-severe-haze,2026-09-04 08:45:00+00:00,freemalaysiatoday.com,English,Malaysia,"https://www.freemalaysiatoday.com/cdn-cgi/image/quality=80,format=auto,fit=cover,dpr=1,width=1200,height=630,gravity=center/https://media.freemalaysiatoday.com/v3/2026/09/992b4b64-dbef-45da-950a-37228e1690b1-Indonesia-Fire-EPA-Images-pic-040926-1.jpg","Malaysia, Singapore","(haze OR smog OR jerebu OR karhutla OR ""forest fire"" OR wildfire OR ""PM2.5"" OR หมอกควัน OR ไฟป่า OR ""khói mù"" OR ""cháy rừng"") sourcecountry:malaysia",https://www.freemalaysiatoday.com/category/nation/2026/09/04/kj-slams-banana-republic-indonesia-over-severe-haze,kj slams banana republic indonesia over severe haze
"Jerebu tak sudah , KJ bidas  republik pisang  Indonesia",https://www.freemalaysiatoday.com/category/bahasa/tempatan/2026/09/04/jerebu-tak-sudah-kj-bidas-republik-pisang-indonesia,2026-09-04 08:45:00+00:00,freemalaysiatoday.com,Malay,Malaysia,"https://www.freemalaysiatoday.com/cdn-cgi/image/quality=80,format=auto,fit=cover,dpr=1,width=1200,height=630,gravity=center/https://media.freemalaysiatoday.com/v3/2026/09/992b4b64-dbef-45da-950a-37228e1690b1-Indonesia-Fire-EPA-Images-pic-040926-1.jpg","Malaysia, Singapore","(haze OR smog OR jerebu OR karhutla OR ""forest fire"" OR wildfire OR ""PM2.5"" OR หมอกควัน OR ไฟป่า OR ""khói mù"" OR ""cháy rừng"") sourcecountry:malaysia",https://www.freemalaysiatoday.com/category/bahasa/tempatan/2026/09/04/jerebu-tak-sudah-kj-bidas-republik-pisang-indonesia,jerebu tak sudah kj bidas republik pisang indonesia
"Cháy than bùn phủ khói mù mịt Indonesia , nguy cơ tái diễn thảm họa năm 2015",https://baomoi.com/chay-than-bun-phu-khoi-mu-mit-indonesia-nguy-co-tai-dien-tham-hoa-nam-2015-c55976987.epi,2026-09-04 08:45:00+00:00,baomoi.com,Vietnamese,Vietnam,https://baomoi-photo-fbcrawler.bmcdn.me/w1200_r16x9/2026_09_04_106_55976987/7485427bfc30156e4c21.jpg,Vietnam,"(haze OR smog OR jerebu OR karhutla OR ""forest fire"" OR wildfire OR ""PM2.5"" OR หมอกควัน OR ไฟป่า OR ""khói mù"" OR ""cháy rừng"") sourcecountry:vietnam",https://baomoi.com/chay-than-bun-phu-khoi-mu-mit-indonesia-nguy-co-tai-dien-tham-hoa-nam-2015-c55976987.epi,ch y than b n ph kh i m m t indonesia nguy c t i di n th m h a n m 2015
Sarawak wants emergency declared in Serian,https://www.freemalaysiatoday.com/category/nation/2026/09/04/sarawak-wants-emergency-declared-in-serian,2026-09-04 08:45:00+00:00,freemalaysiatoday.com,English,Malaysia,"https://www.freemalaysiatoday.com/cdn-cgi/image/quality=75,format=auto,fit=cover,dpr=1,width=1200,height=630,gravity=center/https://media.freemalaysiatoday.com/wp-content/uploads/2024/03/eb83b301-douglas-uggah-embas-bernama-270324.webp",Malaysia,"(haze OR smog OR jerebu OR karhutla OR ""forest fire"" OR wildfire OR ""PM2.5"" OR หมอกควัน OR ไฟป่า OR ""khói mù"" OR ""cháy rừng"") sourcecountry:malaysia",https://www.freemalaysiatoday.com/category/nation/2026/09/04/sarawak-wants-emergency-declared-in-serian,sarawak wants emergency declared in serian
千年最強聖嬰 ！ 英政府籲儲糧備水 聯合國 ： 5千萬人恐陷嚴重飢餓 | ETtoday國際新聞,https://www.ettoday.net/news/20260904/3231322.htm,2026-09-04 08:00:00+00:00,ettoday.net,Chinese,Taiwan,https://cdn2.ettoday.net/images/8803/e8803913.jpg,Philippines,"(haze OR smog OR jerebu OR karhutla OR ""forest fire"" OR wildfire) Philippines",https://www.ettoday.net/news/20260904/3231322.htm,5 ettoday
Güneydoğu Asyada zehirli duman krizi : El Nino orman yangınlarını körüklüyor,https://www.ensonhaber.com/guneydogu-asyada-zehirli-duman-krizi-el-nino-orman-yanginlarini-korukluyor-h1562848,2026-09-04 08:00:00+00:00,ensonhaber.com,Turkish,Turkey,https://imgcdn.ensonhaber.com/media/esh/2026/09/04/6a9a6cdb13b16270.jpg,Malaysia,"(haze OR smog OR jerebu OR karhutla OR ""forest fire"" OR wildfire) Malaysia",https://www.ensonhaber.com/guneydogu-asyada-zehirli-duman-krizi-el-nino-orman-yanginlarini-korukluyor-h1562848,g neydo u asyada zehirli duman krizi el nino orman yang nlar n k r kl yor
Singapore PSI hits unhealthy level for 1st time since 2023 amid haze,http://www.bignewsnetwork.com/news/279285657/singapore-psi-hits-unhealthy-level-for-1st-time-since-2023-amid-haze,2026-09-04 08:00:00+00:00,bignewsnetwork.com,English,United States,,Singapore,"(haze OR smog OR jerebu OR karhutla OR ""forest fire"" OR wildfire) Singapore",http://www.bignewsnetwork.com/news/279285657/singapore-psi-hits-unhealthy-level-for-1st-time-since-2023-amid-haze,singapore psi hits unhealthy level for 1st time since 2023 amid haze
Vinhomes Global Gate Hạ Long : Hơn 400 công viên thành  khoảng sân chung  nâng niu hạnh phúc mỗi nhà,https://danviet.vn/vinhomes-global-gate-ha-long-hon-400-cong-vien-thanh-khoang-san-chung-nang-niu-hanh-phuc-moi-nha-d1456744.html,2026-09-04 07:45:00+00:00,danviet.vn,Vietnamese,Vietnam,https://t.ex-cdn.com/danviet.vn/800w/files/content/2026/09/04/a1-2-1359.jpg,Vietnam,"(haze OR smog OR jerebu OR karhutla OR ""forest fire"" OR wildfire OR ""PM2.5"" OR หมอกควัน OR ไฟป่า OR ""khói mù"" OR ""cháy rừng"") sourcecountry:vietnam",https://danviet.vn/vinhomes-global-gate-ha-long-hon-400-cong-vien-thanh-khoang-san-chung-nang-niu-hanh-phuc-moi-nha-d1456744.html,vinhomes global gate h long h n 400 c ng vi n th nh kho ng s n chung n ng niu h nh ph c m i nh
Jerebu : Operasi sekolah Sarawak Isnin diumum sebelum 2 petang esok,https://www.kosmo.com.my/2026/09/04/jerebu-operasi-sekolah-sarawak-isnin-diumum-sebelum-2-petang-esok/,2026-09-04 07:45:00+00:00,kosmo.com.my,Malay,Malaysia,http://www.kosmo.com.my/wp-content/uploads/2026/09/BER1543710_SK04_01092026_JEREBU_SARAWAK-mpr.jpg,Malaysia,"(haze OR smog OR jerebu OR karhutla OR ""forest fire"" OR wildfire OR ""PM2.5"" OR หมอกควัน OR ไฟป่า OR ""khói mù"" OR ""cháy rừng"") sourcecountry:malaysia",https://www.kosmo.com.my/2026/09/04/jerebu-operasi-sekolah-sarawak-isnin-diumum-sebelum-2-petang-esok,jerebu operasi sekolah sarawak isnin diumum sebelum 2 petang esok
Unchecked businesses blamed for raging wildfires in Indonesia,https://asianews.network/unchecked-businesses-blamed-for-raging-wildfires-in-indonesia/,2026-09-04 07:15:00+00:00,asianews.network,English,China,https://asianews.network/wp-content/uploads/2026/09/AFP__20260827__C6LG4GV__v1__MidRes__IndonesiaClimateWildfire.jpg,"Philippines, Singapore","(haze OR smog OR jerebu OR karhutla OR ""forest fire"" OR wildfire) Philippines",https://asianews.network/unchecked-businesses-blamed-for-raging-wildfires-in-indonesia,unchecked businesses blamed for raging wildfires in indonesia
"Air purifiers , fans , and portable air coolers : Government agencies roll out measures to curb haze impact",https://www.asiaone.com/singapore/haze-singapore-psi-unhealthy-task-force-advisories-measures,2026-09-04 07:00:00+00:00,asiaone.com,English,Singapore,https://www.asiaone.com/sites/default/files/styles/article_top_image/public/original_images/Sep2026/20260903_Haze%20in%20Central_Shafiq%20Apandi3.JPG?itok=-cejQ3nh,Singapore,"(haze OR smog OR jerebu OR karhutla OR ""forest fire"" OR wildfire OR ""PM2.5"" OR หมอกควัน OR ไฟป่า OR ""khói mù"" OR ""cháy rừng"") sourcecountry:singapore",https://www.asiaone.com/singapore/haze-singapore-psi-unhealthy-task-force-advisories-measures,air purifiers fans and portable air coolers government agencies roll out measures to curb haze impact
Vì sao ho lâu không khỏi dù uống thuốc ? - Báo VnExpress,https://vnexpress.net/vi-sao-ho-lau-khong-khoi-du-uong-thuoc-5116398.html,2026-09-04 05:15:00+00:00,vnexpress.net,Vietnamese,Vietnam,https://vcdn1-suckhoe.vnecdn.net/2026/09/04/image001-1788491520-8850-1788492610.jpg?&q=100&dpr=1&fit=crop&s=ZDX8QSIdVtjZOmpa7DySKw,Vietnam,"(haze OR smog OR jerebu OR karhutla OR ""forest fire"" OR wildfire OR ""PM2.5"" OR หมอกควัน OR ไฟป่า OR ""khói mù"" OR ""cháy rừng"") sourcecountry:vietnam",https://vnexpress.net/vi-sao-ho-lau-khong-khoi-du-uong-thuoc-5116398.html,v sao ho l u kh ng kh i d u ng thu c b o vnexpress
"Reveal Malaysian firms behind forest fires , Indonesian embassy told",https://www.freemalaysiatoday.com/category/nation/2026/09/04/reveal-malaysian-firms-behind-forest-fires-indonesian-embassy-told,2026-09-04 05:00:00+00:00,freemalaysiatoday.com,English,Malaysia,"https://www.freemalaysiatoday.com/cdn-cgi/image/quality=75,format=auto,fit=cover,dpr=1,width=1200,height=630,gravity=center/https://media.freemalaysiatoday.com/v3/2026/09/eb7bbc64-97b8-4602-bb4c-b388587dbac9-HARAM-X-GREENPEACE-SELAMATKAN-BORNEO-JEREBU-MERENTAS-SEMPADAN-KEDUTAAN-INDONESIA.webp",Malaysia,"(haze OR smog OR jerebu OR karhutla OR ""forest fire"" OR wildfire OR ""PM2.5"" OR หมอกควัน OR ไฟป่า OR ""khói mù"" OR ""cháy rừng"") sourcecountry:malaysia",https://www.freemalaysiatoday.com/category/nation/2026/09/04/reveal-malaysian-firms-behind-forest-fires-indonesian-embassy-told,reveal malaysian firms behind forest fires indonesian embassy told
"Haze : Serian hits hazardous API reading of 518 , exceeding  emergency  level",https://www.thestar.com.my/news/nation/2026/09/04/haze-serian-hits-hazardous-api-reading-of-518-exceeding-emergency-level,2026-09-04 04:30:00+00:00,thestar.com.my,English,Malaysia,https://apicms.thestar.com.my/uploads/images/2026/09/04/4092644.jpg,Malaysia,"(haze OR smog OR jerebu OR karhutla OR ""forest fire"" OR wildfire OR ""PM2.5"" OR หมอกควัน OR ไฟป่า OR ""khói mù"" OR ""cháy rừng"") sourcecountry:malaysia",https://www.thestar.com.my/news/nation/2026/09/04/haze-serian-hits-hazardous-api-reading-of-518-exceeding-emergency-level,haze serian hits hazardous api reading of 518 exceeding emergency level
Sarawak continues to be choked by haze,https://www.thestar.com.my/news/nation/2026/09/04/sarawak-continues-to-be-choked-by-haze,2026-09-04 04:30:00+00:00,thestar.com.my,English,Malaysia,https://apicms.thestar.com.my/uploads/images/2026/09/04/4092224.jpg,"Malaysia, Philippines","(haze OR smog OR jerebu OR karhutla OR ""forest fire"" OR wildfire OR ""PM2.5"" OR หมอกควัน OR ไฟป่า OR ""khói mù"" OR ""cháy rừng"") sourcecountry:malaysia",https://www.thestar.com.my/news/nation/2026/09/04/sarawak-continues-to-be-choked-by-haze,sarawak continues to be choked by haze
Call for regional accountability on transboundary haze,https://www.thestar.com.my/opinion/letters/2026/09/04/call-for-regional-accountability-on-transboundary-haze,2026-09-04 04:30:00+00:00,thestar.com.my,English,Malaysia,https://apicms.thestar.com.my/uploads/images/2026/09/04/4092240.jpg,Malaysia,"(haze OR smog OR jerebu OR karhutla OR ""forest fire"" OR wildfire OR ""PM2.5"" OR หมอกควัน OR ไฟป่า OR ""khói mù"" OR ""cháy rừng"") sourcecountry:malaysia",https://www.thestar.com.my/opinion/letters/2026/09/04/call-for-regional-accountability-on-transboundary-haze,call for regional accountability on transboundary haze
Haze in Spore : PSI tops 100 in central region,https://www.straitstimes.com/singapore/haze-in-singapore-psi-crosses-101-in-central-region-as-air-quality-enters-unhealthy-range,2026-09-04 04:30:00+00:00,straitstimes.com,English,Singapore,https://cassette.sphdigital.com.sg/image/straitstimes/f4e090f845d0a7155678f34cb363670d73d52233eaecb7400a93622684304b8d,"Malaysia, Singapore","(haze OR smog OR jerebu OR karhutla OR ""forest fire"" OR wildfire OR ""PM2.5"" OR หมอกควัน OR ไฟป่า OR ""khói mù"" OR ""cháy rừng"") sourcecountry:singapore",https://www.straitstimes.com/singapore/haze-in-singapore-psi-crosses-101-in-central-region-as-air-quality-enters-unhealthy-range,haze in spore psi tops 100 in central region
Malaysia must not breathe Indonesia governance failure - Academia,http://www.thejakartapost.com/opinion/2026/09/04/malaysia-must-not-breathe-indonesias-governance-failure,2026-09-04 04:30:00+00:00,thejakartapost.com,English,Indonesia,https://img.jakpost.net/c/2016/04/08/2016_04_08_2685_1460106196._large.jpg,"Indonesia, Malaysia","(haze OR smog OR jerebu OR karhutla OR ""forest fire"" OR wildfire OR ""PM2.5"" OR หมอกควัน OR ไฟป่า OR ""khói mù"" OR ""cháy rừng"") sourcecountry:indonesia",http://www.thejakartapost.com/opinion/2026/09/04/malaysia-must-not-breathe-indonesias-governance-failure,malaysia must not breathe indonesia governance failure academia
Sarawak Serian district records hazardous air pollutant index of 518,https://www.straitstimes.com/asia/se-asia/sarawaks-serian-district-hits-hazardous-api-reading-of-518-above-emergency-level,2026-09-04 04:30:00+00:00,straitstimes.com,English,Singapore,https://cassette.sphdigital.com.sg/image/straitstimes/7bce27f084169ba4cfcca8a3970499360673c458edefd1f8589056edf633b281,Singapore,"(haze OR smog OR jerebu OR karhutla OR ""forest fire"" OR wildfire OR ""PM2.5"" OR หมอกควัน OR ไฟป่า OR ""khói mù"" OR ""cháy rừng"") sourcecountry:singapore",https://www.straitstimes.com/asia/se-asia/sarawaks-serian-district-hits-hazardous-api-reading-of-518-above-emergency-level,sarawak serian district records hazardous air pollutant index of 518
西部空气污染指数达90点 中部持续超100点处不健康水平,https://www.zaobao.com.sg/news/singapore/story20260904-9624466,2026-09-04 04:15:00+00:00,zaobao.com.sg,Chinese,Singapore,https://cassette.sphdigital.com.sg/image/zaobao/6be4d660d6ec2985b388240d000bc4acbe283d61a1d67b72e11adc1854e9a773,Singapore,"(haze OR smog OR jerebu OR karhutla OR ""forest fire"" OR wildfire OR ""PM2.5"" OR หมอกควัน OR ไฟป่า OR ""khói mù"" OR ""cháy rừng"") sourcecountry:singapore",https://www.zaobao.com.sg/news/singapore/story20260904-9624466,90 100
"SFC tingkat pematuhan hadapi cuaca panas , jerebu",https://www.astroawani.com/berita-malaysia/sfc-tingkat-pematuhan-hadapi-cuaca-panas-jerebu,2026-09-04 04:00:00+00:00,astroawani.com,Malay,Malaysia,https://media.astroawani.com/awani/media/uploads/image/2026-09/TB_Jerebu%20Sarawak_BERNAMA.jpg?VersionId=1v0ZIkGOtlGt9_WRVM8VbBHPXJ14xDTy,Malaysia,"(haze OR smog OR jerebu OR karhutla OR ""forest fire"" OR wildfire OR ""PM2.5"" OR หมอกควัน OR ไฟป่า OR ""khói mù"" OR ""cháy rừng"") sourcecountry:malaysia",https://www.astroawani.com/berita-malaysia/sfc-tingkat-pematuhan-hadapi-cuaca-panas-jerebu,sfc tingkat pematuhan hadapi cuaca panas jerebu
砂空污恶化 ！ 西连API破500点 古晋310点 | 东马 | 地方,https://www.orientaldaily.com.my/news/east-malaysia/2026/09/04/845353,2026-09-04 04:00:00+00:00,orientaldaily.com.my,Chinese,Malaysia,https://www.orientaldaily.com.my/storage/resize_cache/images/uploads/news-cover/2026/SEP_2026/20260904/WhatsApp_Image_2026-09-04_at_11.31.50_AM.jpeg/5ef143b1a863b7b9f3b9097ea7f9a988.jpeg,"Malaysia, Vietnam","(haze OR smog OR jerebu OR karhutla OR ""forest fire"" OR wildfire OR ""PM2.5"" OR หมอกควัน OR ไฟป่า OR ""khói mù"" OR ""cháy rừng"") sourcecountry:malaysia",https://www.orientaldaily.com.my/news/east-malaysia/2026/09/04/845353,api 500 310
Air quality in Serian exceeds emergency level at 510,https://www.freemalaysiatoday.com/category/nation/2026/09/04/air-quality-in-serian-exceeds-emergency-level-at-510,2026-09-04 03:30:00+00:00,freemalaysiatoday.com,English,Malaysia,"https://www.freemalaysiatoday.com/cdn-cgi/image/quality=80,format=auto,fit=cover,dpr=1,width=1200,height=630,gravity=center/https://media.freemalaysiatoday.com/v3/2026/09/204ebf56-e8a6-4599-87a2-6e8f3a64697e-Jerebu-Sarawak-Haze-bernama-040926-1.jpg",Malaysia,"(haze OR smog OR jerebu OR karhutla OR ""forest fire"" OR wildfire OR ""PM2.5"" OR หมอกควัน OR ไฟป่า OR ""khói mù"" OR ""cháy rừng"") sourcecountry:malaysia",https://www.freemalaysiatoday.com/category/nation/2026/09/04/air-quality-in-serian-exceeds-emergency-level-at-510,air quality in serian exceeds emergency level at 510
Robust biodiesel demand set to buoy CPO price,https://www.mpoc.org.my/robust-biodiesel-demand-set-to-buoy-cpo-price/,2026-09-04 03:30:00+00:00,mpoc.org.my,English,Malaysia,,Malaysia,"(haze OR smog OR jerebu OR karhutla OR ""forest fire"" OR wildfire OR ""PM2.5"" OR หมอกควัน OR ไฟป่า OR ""khói mù"" OR ""cháy rừng"") sourcecountry:malaysia",https://www.mpoc.org.my/robust-biodiesel-demand-set-to-buoy-cpo-price,robust biodiesel demand set to buoy cpo price
Air quality in Serian nears emergency level at 495,https://www.freemalaysiatoday.com/category/nation/2026/09/04/air-quality-in-serian-nears-emergency-level-at-495,2026-09-04 03:30:00+00:00,freemalaysiatoday.com,English,Malaysia,"https://www.freemalaysiatoday.com/cdn-cgi/image/quality=75,format=auto,fit=cover,dpr=1,width=1200,height=630,gravity=center/https://media.freemalaysiatoday.com/v3/2026/09/4a6224e2-ba74-4160-8055-86757326a015-jerebu-di-Serian-bernama-pic-4926.webp",Malaysia,"(haze OR smog OR jerebu OR karhutla OR ""forest fire"" OR wildfire OR ""PM2.5"" OR หมอกควัน OR ไฟป่า OR ""khói mù"" OR ""cháy rừng"") sourcecountry:malaysia",https://www.freemalaysiatoday.com/category/nation/2026/09/04/air-quality-in-serian-nears-emergency-level-at-495,air quality in serian nears emergency level at 495
"Air quality in Singapore central region enters unhealthy range , 24 - hour PSI reading hits 103",https://www.asiaone.com/singapore/psi-singapore-unhealthy-central-region-haze,2026-09-04 03:30:00+00:00,asiaone.com,English,Singapore,https://www.asiaone.com/sites/default/files/styles/article_top_image/public/original_images/Sep2026/Haze%20Singapore%20-%2024-hour%20PS%20enters%20unhealthy%20range.JPG?itok=WRwrRyLZ,Singapore,"(haze OR smog OR jerebu OR karhutla OR ""forest fire"" OR wildfire OR ""PM2.5"" OR หมอกควัน OR ไฟป่า OR ""khói mù"" OR ""cháy rừng"") sourcecountry:singapore",https://www.asiaone.com/singapore/psi-singapore-unhealthy-central-region-haze,air quality in singapore central region enters unhealthy range 24 hour psi reading hits 103
Three areas in Sarawak record very unhealthy API readings as of 8am,https://www.thestar.com.my/news/nation/2026/09/04/three-areas-in-sarawak-record-very-unhealthy-api-readings-as-of-8am,2026-09-04 02:00:00+00:00,thestar.com.my,English,Malaysia,https://apicms.thestar.com.my/uploads/images/2026/09/04/4092515.jpg,Malaysia,"(haze OR smog OR jerebu OR karhutla OR ""forest fire"" OR wildfire OR ""PM2.5"" OR หมอกควัน OR ไฟป่า OR ""khói mù"" OR ""cháy rừng"") sourcecountry:malaysia",https://www.thestar.com.my/news/nation/2026/09/04/three-areas-in-sarawak-record-very-unhealthy-api-readings-as-of-8am,three areas in sarawak record very unhealthy api readings as of 8am
Cloud - seeding exercises begin,https://www.thestar.com.my/news/nation/2026/09/04/cloud-seeding-exercises-begin,2026-09-04 02:00:00+00:00,thestar.com.my,English,Malaysia,https://apicms.thestar.com.my/uploads/images/2026/09/04/4092198.jpg,Malaysia,"(haze OR smog OR jerebu OR karhutla OR ""forest fire"" OR wildfire OR ""PM2.5"" OR หมอกควัน OR ไฟป่า OR ""khói mù"" OR ""cháy rừng"") sourcecountry:malaysia",https://www.thestar.com.my/news/nation/2026/09/04/cloud-seeding-exercises-begin,cloud seeding exercises begin
Singapore air quality enters unhealthy range in central region ; 24 - hour PSI breaches 100,https://www.channelnewsasia.com/singapore/haze-singapore-central-unhealthy-psi-6338721,2026-09-04 02:00:00+00:00,channelnewsasia.com,English,United States,"https://dam.mediacorp.sg/image/upload/s--4JIG92I1--/c_fill,g_auto,h_338,w_600/fl_relative,g_south_east,l_mediacorp:cna:watermark:2021-08:cna,w_0.1/f_auto,q_auto/v1/mediacorp/cna/image/2026/08/25/haze_singapore_aug_25_7.jpg?itok=gsUHknD4",Singapore,"(haze OR smog OR jerebu OR karhutla OR ""forest fire"" OR wildfire) Singapore",https://www.channelnewsasia.com/singapore/haze-singapore-central-unhealthy-psi-6338721,singapore air quality enters unhealthy range in central region 24 hour psi breaches 100
Kualiti udara Serian 495 hampiri status  darurat  ,https://www.freemalaysiatoday.com/category/bahasa/tempatan/2026/09/04/kualiti-udara-serian-495-hampiri-status-darurat,2026-09-04 01:15:00+00:00,freemalaysiatoday.com,Malay,Malaysia,"https://www.freemalaysiatoday.com/cdn-cgi/image/quality=75,format=auto,fit=cover,dpr=1,width=1200,height=630,gravity=center/https://media.freemalaysiatoday.com/v3/2026/09/4a6224e2-ba74-4160-8055-86757326a015-jerebu-di-Serian-bernama-pic-4926.webp",Malaysia,"(haze OR smog OR jerebu OR karhutla OR ""forest fire"" OR wildfire OR ""PM2.5"" OR หมอกควัน OR ไฟป่า OR ""khói mù"" OR ""cháy rừng"") sourcecountry:malaysia",https://www.freemalaysiatoday.com/category/bahasa/tempatan/2026/09/04/kualiti-udara-serian-495-hampiri-status-darurat,kualiti udara serian 495 hampiri status darurat
"Palace suspends face - to - face classes in NCR , 15 provinces",https://www.manilatimes.net/2026/09/04/news/palace-suspends-face-to-face-classes-in-ncr-15-provinces/2418442,2026-09-04 00:45:00+00:00,manilatimes.net,English,Philippines,https://manilatimes.net/manilatimes/uploads/images/2026/09/04/1202777.jpg,Philippines,"(haze OR smog OR jerebu OR karhutla OR ""forest fire"" OR wildfire OR ""PM2.5"" OR หมอกควัน OR ไฟป่า OR ""khói mù"" OR ""cháy rừng"") sourcecountry:philippines",https://www.manilatimes.net/2026/09/04/news/palace-suspends-face-to-face-classes-in-ncr-15-provinces/2418442,palace suspends face to face classes in ncr 15 provinces
Unchecked businesses blamed for raging wildfires - Society,http://www.thejakartapost.com/indonesia/2026/09/04/unchecked-businesses-blamed-for-raging-wildfires,2026-09-03 23:45:00+00:00,thejakartapost.com,English,Indonesia,https://img.jakpost.net/c/2026/09/03/2026_09_03_179389_1788433716._large.jpg,"Indonesia, Philippines","(haze OR smog OR jerebu OR karhutla OR ""forest fire"" OR wildfire OR ""PM2.5"" OR หมอกควัน OR ไฟป่า OR ""khói mù"" OR ""cháy rừng"") sourcecountry:indonesia",http://www.thejakartapost.com/indonesia/2026/09/04/unchecked-businesses-blamed-for-raging-wildfires,unchecked businesses blamed for raging wildfires society
Haze in Spore : PSI hits 101 in central region,https://www.straitstimes.com/singapore/psi-hits-101-in-central-singapore-with-air-quality-in-unhealthy-range,2026-09-03 23:45:00+00:00,straitstimes.com,English,Singapore,https://cassette.sphdigital.com.sg/image/straitstimes/b24309f9c1b8f4d5d4982d0e454b8a5562826dfc15d15243eaddb3cfd574a885,Singapore,"(haze OR smog OR jerebu OR karhutla OR ""forest fire"" OR wildfire OR ""PM2.5"" OR หมอกควัน OR ไฟป่า OR ""khói mù"" OR ""cháy rừng"") sourcecountry:singapore",https://www.straitstimes.com/singapore/psi-hits-101-in-central-singapore-with-air-quality-in-unhealthy-range,haze in spore psi hits 101 in central region
"Palace orders alternative learning mode in NCR , 15 areas on Sept . 4 amid habagat , haze",https://qa.philstar.com/headlines/2026/09/04/2553995/palace-orders-alternative-learning-mode-ncr-15-areas-sept-4-amid-habagat-haze,2026-09-03 23:45:00+00:00,qa.philstar.com,English,Philippines,https://media.philstar.com/photos/2026/09/04/class-suspension-qc-school_2026-09-04_05-33-27.jpg,Philippines,"(haze OR smog OR jerebu OR karhutla OR ""forest fire"" OR wildfire OR ""PM2.5"" OR หมอกควัน OR ไฟป่า OR ""khói mù"" OR ""cháy rừng"") sourcecountry:philippines",https://qa.philstar.com/headlines/2026/09/04/2553995/palace-orders-alternative-learning-mode-ncr-15-areas-sept-4-amid-habagat-haze,palace orders alternative learning mode in ncr 15 areas on sept 4 amid habagat haze
Silivri aklarýnda iki geminin çarpt kazaya iliþkin ön bilirkiþi raporu hazýrland,https://www.yenimesaj.com.tr/silivri-aciklarinda-iki-geminin-carpistigi-kazaya-iliskin-on-bilirkisi-raporu-hazirlandi-H1615861.htm,2026-09-03 22:30:00+00:00,yenimesaj.com.tr,Turkish,Turkey,https://www.yenimesaj.com.tr/resimler/haberler/28/silivri-aciklarinda-iki-geminin-carpistigi-kazaya-iliskin-on-bilirkisi-raporu-hazirlandi-H1615861-12.webp,Philippines,"(haze OR smog OR jerebu OR karhutla OR ""forest fire"" OR wildfire) Philippines",https://www.yenimesaj.com.tr/silivri-aciklarinda-iki-geminin-carpistigi-kazaya-iliskin-on-bilirkisi-raporu-hazirlandi-H1615861.htm,silivri aklar nda iki geminin arpt kazaya ili kin n bilirki i raporu haz rland
"Asean News Headlines at 10pm on Thursday ( Sept 3 , 2026 ) ",https://www.thestar.com.my/aseanplus/aseanplus-news/2026/09/03/asean-news-headlines-at-10pm-on-thursday-sept-3-2026,2026-09-03 22:15:00+00:00,thestar.com.my,English,Malaysia,https://apicms.thestar.com.my/uploads/images/2026/09/03/4092123.JPG,"Laos, Malaysia","(haze OR smog OR jerebu OR karhutla OR ""forest fire"" OR wildfire OR ""PM2.5"" OR หมอกควัน OR ไฟป่า OR ""khói mù"" OR ""cháy rừng"") sourcecountry:malaysia",https://www.thestar.com.my/aseanplus/aseanplus-news/2026/09/03/asean-news-headlines-at-10pm-on-thursday-sept-3-2026,asean news headlines at 10pm on thursday sept 3 2026
"Kualiti udara merosot , Serian catat IPU bahaya",https://www.freemalaysiatoday.com/category/bahasa/tempatan/2026/09/03/kualiti-udara-merosot-serian-catat-ipu-bahaya,2026-09-03 15:45:00+00:00,freemalaysiatoday.com,Malay,Malaysia,"https://www.freemalaysiatoday.com/cdn-cgi/image/quality=75,format=auto,fit=cover,dpr=1,width=1200,height=630,gravity=center/https://media.freemalaysiatoday.com/v3/2026/08/9087a436-3873-4296-8fef-448aa08ff346-jerebu-sarawak-bernama-pic-30826.webp","Malaysia, Philippines","(haze OR smog OR jerebu OR karhutla OR ""forest fire"" OR wildfire OR ""PM2.5"" OR หมอกควัน OR ไฟป่า OR ""khói mù"" OR ""cháy rừng"") sourcecountry:malaysia",https://www.freemalaysiatoday.com/category/bahasa/tempatan/2026/09/03/kualiti-udara-merosot-serian-catat-ipu-bahaya,kualiti udara merosot serian catat ipu bahaya
Indonesia rescues 11 orangutans as wildfire approaches rehabilitation centre,https://www.freemalaysiatoday.com/category/world/2026/09/03/indonesia-rescues-11-orangutans-as-wildfire-approaches-rehabilitation-centre,2026-09-03 15:45:00+00:00,freemalaysiatoday.com,English,Malaysia,"https://www.freemalaysiatoday.com/cdn-cgi/image/quality=75,format=auto,fit=cover,dpr=1,width=1200,height=630,gravity=center/https://media.freemalaysiatoday.com/wp-content/uploads/2026/04/516b5bad-afp__20260415__a7vw8yy__v1__highres__spainanimalzooendangered.webp",Malaysia,"(haze OR smog OR jerebu OR karhutla OR ""forest fire"" OR wildfire OR ""PM2.5"" OR หมอกควัน OR ไฟป่า OR ""khói mù"" OR ""cháy rừng"") sourcecountry:malaysia",https://www.freemalaysiatoday.com/category/world/2026/09/03/indonesia-rescues-11-orangutans-as-wildfire-approaches-rehabilitation-centre,indonesia rescues 11 orangutans as wildfire approaches rehabilitation centre
Rescatan a dos orangutanes del humo de los incendios en Indonesia,https://www.ultimahora.com/rescatan-a-dos-orangutanes-del-humo-de-los-incendios-en-indonesia,2026-09-03 15:30:00+00:00,ultimahora.com,Spanish,Paraguay,https://k2-prod-grupo-vierci.s3.us-east-1.amazonaws.com/brightspot/df/7a/a0d61741412587bbdaa94f145311/afp-20260903-c7879tn-v1-highres-indonesiaenvironmentclimatewildfire.jpg,Singapore,"(haze OR smog OR jerebu OR karhutla OR ""forest fire"" OR wildfire) Singapore",https://www.ultimahora.com/rescatan-a-dos-orangutanes-del-humo-de-los-incendios-en-indonesia,rescatan a dos orangutanes del humo de los incendios en indonesia
Repeal of U . S . Roadless Rule could threaten drinking water for 25 million people,https://news.mongabay.com/2026/09/repeal-of-u-s-roadless-rule-could-threaten-drinking-water-for-25-million-people/,2026-09-03 15:30:00+00:00,news.mongabay.com,English,Indonesia,https://imgs.mongabay.com/wp-content/uploads/sites/20/2024/10/17175633/Ron-and-Sonny-fishing-1200x800.jpg,Indonesia,"(haze OR smog OR jerebu OR karhutla OR ""forest fire"" OR wildfire OR ""PM2.5"" OR หมอกควัน OR ไฟป่า OR ""khói mù"" OR ""cháy rừng"") sourcecountry:indonesia",https://news.mongabay.com/2026/09/repeal-of-u-s-roadless-rule-could-threaten-drinking-water-for-25-million-people,repeal of u s roadless rule could threaten drinking water for 25 million people
США замовили Palantir та Anduril системи TITAN за $192 мільйони,https://24tv.ua/military/ssha-zamovili-palantir-anduril-sistemi-titan-za-192-milyoni_n3135380,2026-09-03 14:30:00+00:00,24tv.ua,Ukrainian,Ukraine,https://24tv.ua/resources/photos/news/202609/3135380.jpg?v=1788443641000,Philippines,"(haze OR smog OR jerebu OR karhutla OR ""forest fire"" OR wildfire) Philippines",https://24tv.ua/military/ssha-zamovili-palantir-anduril-sistemi-titan-za-192-milyoni_n3135380,palantir anduril titan 192
"Air quality deteriorates , Serian records hazardous reading",https://www.freemalaysiatoday.com/category/nation/2026/09/03/air-quality-deteriorates-serian-records-hazardous-reading,2026-09-03 14:00:00+00:00,freemalaysiatoday.com,English,Malaysia,"https://www.freemalaysiatoday.com/cdn-cgi/image/quality=75,format=auto,fit=cover,dpr=1,width=1200,height=630,gravity=center/https://media.freemalaysiatoday.com/v3/2026/08/9087a436-3873-4296-8fef-448aa08ff346-jerebu-sarawak-bernama-pic-30826.webp","Malaysia, Philippines","(haze OR smog OR jerebu OR karhutla OR ""forest fire"" OR wildfire OR ""PM2.5"" OR หมอกควัน OR ไฟป่า OR ""khói mù"" OR ""cháy rừng"") sourcecountry:malaysia",https://www.freemalaysiatoday.com/category/nation/2026/09/03/air-quality-deteriorates-serian-records-hazardous-reading,air quality deteriorates serian records hazardous reading
"3 cây cảnh cho quả ngon ngọt , trồng ở ban công nhà phố , níu hồn quê , dưỡng tâm an , giữ sung túc , đủ đầy",https://eva.vn/nha-dep/3-cay-canh-cho-qua-ngon-ngot-trong-o-ban-cong-nha-pho-niu-hon-que-duong-tam-an-giu-sung-tuc-du-day-c169a681902.html,2026-09-03 12:45:00+00:00,eva.vn,Vietnamese,Vietnam,https://cdn.eva.vn/upload/3-2026/images/phuongnth/img-social-uploadbtv-1788400512-679-thumbnail-width1536height804-watermark.jpg,Vietnam,"(haze OR smog OR jerebu OR karhutla OR ""forest fire"" OR wildfire OR ""PM2.5"" OR หมอกควัน OR ไฟป่า OR ""khói mù"" OR ""cháy rừng"") sourcecountry:vietnam",https://eva.vn/nha-dep/3-cay-canh-cho-qua-ngon-ngot-trong-o-ban-cong-nha-pho-niu-hon-que-duong-tam-an-giu-sung-tuc-du-day-c169a681902.html,3 c y c nh cho qu ngon ng t tr ng ban c ng nh ph n u h n qu d ng t m an gi sung t c y
Cebu extends suspension of face - to - face classes due to unhealthy air quality,https://www.manilatimes.net/2026/09/03/regions/cebu-extends-suspension-of-face-to-face-classes-due-to-unhealthy-air-quality/2417786,2026-09-03 12:45:00+00:00,manilatimes.net,English,Philippines,https://manilatimes.net/manilatimes/uploads/images/2026/09/03/1201583.jfif,Philippines,"(haze OR smog OR jerebu OR karhutla OR ""forest fire"" OR wildfire OR ""PM2.5"" OR หมอกควัน OR ไฟป่า OR ""khói mù"" OR ""cháy rừng"") sourcecountry:philippines",https://www.manilatimes.net/2026/09/03/regions/cebu-extends-suspension-of-face-to-face-classes-due-to-unhealthy-air-quality/2417786,cebu extends suspension of face to face classes due to unhealthy air quality
Iloilo residents urged to take precautions as air quality deteriorates,https://www.manilatimes.net/2026/09/03/regions/iloilo-residents-urged-to-take-precautions-as-air-quality-deteriorates/2417795,2026-09-03 12:45:00+00:00,manilatimes.net,English,Philippines,https://manilatimes.net/manilatimes/uploads/images/2026/09/03/1201599.jpeg,Philippines,"(haze OR smog OR jerebu OR karhutla OR ""forest fire"" OR wildfire OR ""PM2.5"" OR หมอกควัน OR ไฟป่า OR ""khói mù"" OR ""cháy rừng"") sourcecountry:philippines",https://www.manilatimes.net/2026/09/03/regions/iloilo-residents-urged-to-take-precautions-as-air-quality-deteriorates/2417795,iloilo residents urged to take precautions as air quality deteriorates
"Air quality worsens , Serian records hazardous 391 API reading",https://www.thestar.com.my/news/nation/2026/09/03/air-quality-worsens-serian-records-hazardous-391-api-reading,2026-09-03 12:15:00+00:00,thestar.com.my,English,Malaysia,https://apicms.thestar.com.my/uploads/images/2026/09/03/4091855.JPG,"Malaysia, Philippines","(haze OR smog OR jerebu OR karhutla OR ""forest fire"" OR wildfire OR ""PM2.5"" OR หมอกควัน OR ไฟป่า OR ""khói mù"" OR ""cháy rừng"") sourcecountry:malaysia",https://www.thestar.com.my/news/nation/2026/09/03/air-quality-worsens-serian-records-hazardous-391-api-reading,air quality worsens serian records hazardous 391 api reading
"Cloud seeding conducted in Perlis , Kedah",https://www.thestar.com.my/news/nation/2026/09/03/cloud-seeding-conducted-in-perlis-kedah,2026-09-03 12:15:00+00:00,thestar.com.my,English,Malaysia,https://apicms.thestar.com.my/uploads/images/2026/09/03/4091839.jpg,Malaysia,"(haze OR smog OR jerebu OR karhutla OR ""forest fire"" OR wildfire OR ""PM2.5"" OR หมอกควัน OR ไฟป่า OR ""khói mù"" OR ""cháy rừng"") sourcecountry:malaysia",https://www.thestar.com.my/news/nation/2026/09/03/cloud-seeding-conducted-in-perlis-kedah,cloud seeding conducted in perlis kedah
鲁勃安都469 西连400 砂2地空污极度危险,https://www.orientaldaily.com.my/news/stories/2026/09/03/845275,2026-09-03 12:15:00+00:00,orientaldaily.com.my,Chinese,Malaysia,https://www.orientaldaily.com.my/assets/static/og-image_0723.png,"Malaysia, Vietnam","(haze OR smog OR jerebu OR karhutla OR ""forest fire"" OR wildfire OR ""PM2.5"" OR หมอกควัน OR ไฟป่า OR ""khói mù"" OR ""cháy rừng"") sourcecountry:malaysia",https://www.orientaldaily.com.my/news/stories/2026/09/03/845275,469 400 2
Malaysia starts cloud seeding to help clear toxic haze - Asia & Pacific,http://www.thejakartapost.com/world/2026/09/03/malaysia-starts-cloud-seeding-to-help-clear-toxic-haze,2026-09-03 11:00:00+00:00,thejakartapost.com,English,Indonesia,https://img.jakpost.net/c/2026/09/01/2026_09_01_179225_1788259756._large.jpg,Indonesia,"(haze OR smog OR jerebu OR karhutla OR ""forest fire"" OR wildfire OR ""PM2.5"" OR หมอกควัน OR ไฟป่า OR ""khói mù"" OR ""cháy rừng"") sourcecountry:indonesia",http://www.thejakartapost.com/world/2026/09/03/malaysia-starts-cloud-seeding-to-help-clear-toxic-haze,malaysia starts cloud seeding to help clear toxic haze asia pacific
Keep需要尽快找到自己的位置 - 钛媒体官方网站,https://www.tmtpost.com/8126531.html,2026-09-03 10:45:00+00:00,tmtpost.com,Chinese,China,,Vietnam,"(haze OR smog OR jerebu OR karhutla OR ""forest fire"" OR wildfire) Vietnam",https://www.tmtpost.com/8126531.html,keep
AP News in Brief at 6 : 04 a . m . EDT,http://www.idahostatejournal.com/news/national/ap-news-in-brief-at-6-04-a-m-edt/article_a539a2f3-f9cf-58f1-b00a-806eb782fa09.html,2026-09-03 10:45:00+00:00,idahostatejournal.com,English,United States,,Thailand,"(haze OR smog OR jerebu OR karhutla OR ""forest fire"" OR wildfire) Thailand",http://www.idahostatejournal.com/news/national/ap-news-in-brief-at-6-04-a-m-edt/article_a539a2f3-f9cf-58f1-b00a-806eb782fa09.html,ap news in brief at 6 04 a m edt
"Sarawak laksana pembenihan awan untuk tingkat simpanan air , tangani jerebu",https://www.astroawani.com/berita-malaysia/sarawak-laksana-pembenihan-awan-untuk-tingkat-simpanan-air-tangani-jerebu,2026-09-03 10:15:00+00:00,astroawani.com,Malay,Malaysia,https://media.astroawani.com/awani/media/uploads/image/2026-09/TB_OPERASI%20PEMBENIHAN%20AWAN_BERNAMA.jpg?VersionId=RovfpUTZxKV19YY8qqqhTY8lGJcMdVU3,Malaysia,"(haze OR smog OR jerebu OR karhutla OR ""forest fire"" OR wildfire OR ""PM2.5"" OR หมอกควัน OR ไฟป่า OR ""khói mù"" OR ""cháy rừng"") sourcecountry:malaysia",https://www.astroawani.com/berita-malaysia/sarawak-laksana-pembenihan-awan-untuk-tingkat-simpanan-air-tangani-jerebu,sarawak laksana pembenihan awan untuk tingkat simpanan air tangani jerebu
"Malaysia wants ASEAN to rethink its haze pact , but here is why breaking the cycle could be tough",https://www.channelnewsasia.com/asia/malaysia-wants-asean-rethink-its-haze-pact-here-why-breaking-cycle-could-be-tough-6359766,2026-09-03 10:15:00+00:00,channelnewsasia.com,English,United States,"https://dam.mediacorp.sg/image/upload/s--QhutfcDa--/c_fill,g_auto,h_338,w_600/fl_relative,g_south_east,l_mediacorp:cna:watermark:2021-08:cna,w_0.1/f_auto,q_auto/v1/mediacorp/cna/image/2026/08/27/fdz_8872.jpg?itok=7O8-61Qn",Singapore,"(haze OR smog OR jerebu OR karhutla OR ""forest fire"" OR wildfire) Singapore",https://www.channelnewsasia.com/asia/malaysia-wants-asean-rethink-its-haze-pact-here-why-breaking-cycle-could-be-tough-6359766,malaysia wants asean to rethink its haze pact but here is why breaking the cycle could be tough
"Sarawak laksana pembenihan awam tangani jerebu , tingkat simpanan air",https://www.freemalaysiatoday.com/category/bahasa/tempatan/2026/09/03/sarawak-laksana-pembenihan-awam-tangani-jerebu-tingkat-simpanan-air,2026-09-03 09:30:00+00:00,freemalaysiatoday.com,Malay,Malaysia,"https://www.freemalaysiatoday.com/cdn-cgi/image/quality=75,format=auto,fit=cover,dpr=1,width=1200,height=630,gravity=center/https://media.freemalaysiatoday.com/v3/2026/09/f6462164-2c9b-4798-bd59-4bc1b3126ded-jerebu-sarawak-bernama-010926.webp",Malaysia,"(haze OR smog OR jerebu OR karhutla OR ""forest fire"" OR wildfire OR ""PM2.5"" OR หมอกควัน OR ไฟป่า OR ""khói mù"" OR ""cháy rừng"") sourcecountry:malaysia",https://www.freemalaysiatoday.com/category/bahasa/tempatan/2026/09/03/sarawak-laksana-pembenihan-awam-tangani-jerebu-tingkat-simpanan-air,sarawak laksana pembenihan awam tangani jerebu tingkat simpanan air
尼泊爾山洪災逾1100人亡 ! CNN ： 川普去年曾削減山崩監測計畫資金 | 國際,https://newtalk.tw/news/view/2026-09-03/1057657,2026-09-03 09:30:00+00:00,newtalk.tw,Chinese,Taiwan,https://s.newtalk.tw/album/album/1/6a925c31dc503.png,Singapore,"(haze OR smog OR jerebu OR karhutla OR ""forest fire"" OR wildfire) Singapore",https://newtalk.tw/news/view/2026-09-03/1057657,1100 cnn
Endonezya Orman Yangınları Güneydoğu Asyayı Zehirli Dumana Boğdu,https://www.haberler.com/3-sayfa/endonezya-haftalardir-yaniyor-zehirli-duman-20202641-haberi/,2026-09-03 09:15:00+00:00,haberler.com,Turkish,Turkey,,Philippines,"(haze OR smog OR jerebu OR karhutla OR ""forest fire"" OR wildfire) Philippines",https://www.haberler.com/3-sayfa/endonezya-haftalardir-yaniyor-zehirli-duman-20202641-haberi,endonezya orman yang nlar g neydo u asyay zehirli dumana bo du
Kalimantandaki yangınlar bölgeyi ve komşuları zehirli dumana boğdu,https://www.haberport.com/haber/kalimantandaki-yanginlar-bolgeyi-ve-komsulari-zehirli-dumana-bogdu/21323,2026-09-03 09:15:00+00:00,haberport.com,Turkish,Turkey,https://cdn.haberport.com/uploads/1280/images/news/cb4cb665-fc42-4de8-a3f7-7fbd210b203a.jpg,Philippines,"(haze OR smog OR jerebu OR karhutla OR ""forest fire"" OR wildfire) Philippines",https://www.haberport.com/haber/kalimantandaki-yanginlar-bolgeyi-ve-komsulari-zehirli-dumana-bogdu/21323,kalimantandaki yang nlar b lgeyi ve kom ular zehirli dumana bo du
Pesawat bawa menteri gagal mendarat kerana jerebu tebal,https://www.utusan.com.my/luar-negara/2026/09/pesawat-bawa-menteri-gagal-mendarat-kerana-jerebu-tebal/,2026-09-03 09:15:00+00:00,utusan.com.my,Malay,Malaysia,https://www.utusan.com.my/wp-content/uploads/2026/09/Pesawat1-jerebu.jpg,Malaysia,"(haze OR smog OR jerebu OR karhutla OR ""forest fire"" OR wildfire OR ""PM2.5"" OR หมอกควัน OR ไฟป่า OR ""khói mù"" OR ""cháy rừng"") sourcecountry:malaysia",https://www.utusan.com.my/luar-negara/2026/09/pesawat-bawa-menteri-gagal-mendarat-kerana-jerebu-tebal,pesawat bawa menteri gagal mendarat kerana jerebu tebal
Endonezya haftalardır yanıyor : Zehirli duman Malezya ve Filipinlere ulaştı - JAKARTA | Mersin Haber,https://www.mersinhaber.com/haber-endonezya-haftalardir-yaniyor-zehirli-duman-malezya-ve-filipinlere-ulasti-jakarta/763672,2026-09-03 09:00:00+00:00,mersinhaber.com,Turkish,Turkey,https://www.mersinhaber.com/cropp/1200x675/Depo/haber/763672/org/763672.webp,Philippines,"(haze OR smog OR jerebu OR karhutla OR ""forest fire"" OR wildfire) Philippines",https://www.mersinhaber.com/haber-endonezya-haftalardir-yaniyor-zehirli-duman-malezya-ve-filipinlere-ulasti-jakarta/763672,endonezya haftalard r yan yor zehirli duman malezya ve filipinlere ula t jakarta mersin haber
Changshan Archipelago World Heritage listing highlights China efforts to advance ecological progress,http://en.people.cn/n3/2026/0903/c90000-20495563.html,2026-09-03 07:45:00+00:00,en.people.cn,English,China,,Philippines,"(haze OR smog OR jerebu OR karhutla OR ""forest fire"" OR wildfire) Philippines",http://en.people.cn/n3/2026/0903/c90000-20495563.html,changshan archipelago world heritage listing highlights china efforts to advance ecological progress
Sarawak hits highest API despite slight improvement,https://www.thestar.com.my/news/nation/2026/09/03/sarawak-hits-highest-api-despite-slight-improvement,2026-09-03 07:30:00+00:00,thestar.com.my,English,Malaysia,https://apicms.thestar.com.my/uploads/images/2026/09/03/4090271.jpg,Malaysia,"(haze OR smog OR jerebu OR karhutla OR ""forest fire"" OR wildfire OR ""PM2.5"" OR หมอกควัน OR ไฟป่า OR ""khói mù"" OR ""cháy rừng"") sourcecountry:malaysia",https://www.thestar.com.my/news/nation/2026/09/03/sarawak-hits-highest-api-despite-slight-improvement,sarawak hits highest api despite slight improvement
"Sarawak launches 3 - day cloud seeding to fill dams , tackle haze",https://www.thestar.com.my/news/nation/2026/09/03/sarawak-launches-3-day-cloud-seeding-to-fill-dams-tackle-haze,2026-09-03 07:30:00+00:00,thestar.com.my,English,Malaysia,https://apicms.thestar.com.my/uploads/images/2026/09/03/4090933.jpg,Malaysia,"(haze OR smog OR jerebu OR karhutla OR ""forest fire"" OR wildfire OR ""PM2.5"" OR หมอกควัน OR ไฟป่า OR ""khói mù"" OR ""cháy rừng"") sourcecountry:malaysia",https://www.thestar.com.my/news/nation/2026/09/03/sarawak-launches-3-day-cloud-seeding-to-fill-dams-tackle-haze,sarawak launches 3 day cloud seeding to fill dams tackle haze
Skeptical Science New Research for Week # 36 2026,https://skepticalscience.com/new_research_2026_36.html,2026-09-03 05:45:00+00:00,skepticalscience.com,English,United States,https://skepticalscience.com/public/assets/images/og/button_sks2_200.jpg,Thailand,"(haze OR smog OR jerebu OR karhutla OR ""forest fire"" OR wildfire) Thailand",https://skepticalscience.com/new_research_2026_36.html,skeptical science new research for week 36 2026
French brand Polene bags finally land in Singapore,https://www.straitstimes.com/life/style/now-open-in-singapore-french-label-polene-is-here-but-are-its-viral-bags-still-worth-it,2026-09-03 05:15:00+00:00,straitstimes.com,English,Singapore,https://cassette.sphdigital.com.sg/image/straitstimes/e508580026ede0ce0ac0f55ae001a39d421cb4ae226807d4e2a44342e945609e,Singapore,"(haze OR smog OR jerebu OR karhutla OR ""forest fire"" OR wildfire OR ""PM2.5"" OR หมอกควัน OR ไฟป่า OR ""khói mù"" OR ""cháy rừng"") sourcecountry:singapore",https://www.straitstimes.com/life/style/now-open-in-singapore-french-label-polene-is-here-but-are-its-viral-bags-still-worth-it,french brand polene bags finally land in singapore
"Haze : Brunei - Muara records PSI of 116 , Belait 107",https://www.thestar.com.my/aseanplus/aseanplus-news/2026/09/03/haze-brunei-muara-records-psi-of-116-belait-107,2026-09-03 04:30:00+00:00,thestar.com.my,English,Malaysia,https://apicms.thestar.com.my/uploads/images/2026/09/03/4090735.png,"Brunei, Malaysia","(haze OR smog OR jerebu OR karhutla OR ""forest fire"" OR wildfire OR ""PM2.5"" OR หมอกควัน OR ไฟป่า OR ""khói mù"" OR ""cháy rừng"") sourcecountry:malaysia",https://www.thestar.com.my/aseanplus/aseanplus-news/2026/09/03/haze-brunei-muara-records-psi-of-116-belait-107,haze brunei muara records psi of 116 belait 107
Haze besieges Southeast Asia as Indonesia wildfires blaze away – Asia News Network,https://asianews.network/haze-besieges-southeast-asia-as-indonesias-wildfires-blaze-away/,2026-09-03 04:15:00+00:00,asianews.network,English,China,https://asianews.network/wp-content/uploads/2026/09/AFP__20260826__C6HY7UC__v1__MidRes__MalaysiaIndonesiaEnvironmentClimateWildfire-1.jpg,Singapore,"(haze OR smog OR jerebu OR karhutla OR ""forest fire"" OR wildfire) Singapore",https://asianews.network/haze-besieges-southeast-asia-as-indonesias-wildfires-blaze-away,haze besieges southeast asia as indonesia wildfires blaze away asia news network
"Orang lain buat , orang lain tanggung",https://www.kosmo.com.my/2026/09/03/orang-lain-buat-orang-lain-tanggung/,2026-09-03 04:15:00+00:00,kosmo.com.my,Malay,Malaysia,https://www.kosmo.com.my/wp-content/uploads/2026/09/WhatsApp-Image-2026-09-02-at-14.26.54.jpeg,Malaysia,"(haze OR smog OR jerebu OR karhutla OR ""forest fire"" OR wildfire OR ""PM2.5"" OR หมอกควัน OR ไฟป่า OR ""khói mù"" OR ""cháy rừng"") sourcecountry:malaysia",https://www.kosmo.com.my/2026/09/03/orang-lain-buat-orang-lain-tanggung,orang lain buat orang lain tanggung
葉宏蔚 、 詹又蓁挺過3局大戰 ！ 中國大師賽闖8強 邱品蒨惜敗出局 | 運動,https://www.nownews.com/news/6871740,2026-09-03 04:00:00+00:00,nownews.com,Chinese,Taiwan,https://media.nownews.com/nn_media/thumbnail/2026/07/1785299472131-b51ba40e060e4086a1ee0eae510eefb1-1200x800.webp?unShow=false,Thailand,"(haze OR smog OR jerebu OR karhutla OR ""forest fire"" OR wildfire) Thailand",https://www.nownews.com/news/6871740,3 8
"BNPB urges residents in Kalimantan , Sumatra to monitor air quality",https://en.antaranews.com/news/429612/bnpb-urges-residents-in-kalimantan-sumatra-to-monitor-air-quality,2026-09-03 03:45:00+00:00,en.antaranews.com,English,Indonesia,https://cdn.antaranews.com/cache/1200x800/2026/09/03/Upaya-Penanganan-Kebakaran-Hutan-dan-Lahan-di-Kalteng-270826-Aul-3.jpg,Indonesia,"(haze OR smog OR jerebu OR karhutla OR ""forest fire"" OR wildfire OR ""PM2.5"" OR หมอกควัน OR ไฟป่า OR ""khói mù"" OR ""cháy rừng"") sourcecountry:indonesia",https://en.antaranews.com/news/429612/bnpb-urges-residents-in-kalimantan-sumatra-to-monitor-air-quality,bnpb urges residents in kalimantan sumatra to monitor air quality
"Bakar Lahan Hutan untuk Tanam Jagung , Pria Asal Blora Diamankan Polres Ngawi",https://beritajatim.com/bakar-lahan-hutan-untuk-tanam-jagung-pria-asal-blora-diamankan-polres-ngawi,2026-09-03 03:30:00+00:00,beritajatim.com,Indonesian,Indonesia,https://cdnmedia.beritajatim.com/images/2026/09/AKP-Pras.webp,Indonesia,"(haze OR smog OR jerebu OR karhutla OR ""forest fire"" OR wildfire OR ""PM2.5"" OR หมอกควัน OR ไฟป่า OR ""khói mù"" OR ""cháy rừng"") sourcecountry:indonesia",https://beritajatim.com/bakar-lahan-hutan-untuk-tanam-jagung-pria-asal-blora-diamankan-polres-ngawi,bakar lahan hutan untuk tanam jagung pria asal blora diamankan polres ngawi
Toxic haze from Indonesia spreads to Malaysia and Philippines as wildfires rage,https://www.yahoo.com/news/world/articles/toxic-haze-indonesia-spreads-malaysia-022628493.html,2026-09-03 03:00:00+00:00,yahoo.com,English,United States,https://s.yimg.com/lo/mysterio/api/9b42cd2db6256f510c60165d1a20b4b3420ab4e1ad5b24fa6c5c68a054f58a52/lightyear_networkapi/resizefill_w1200%3Bquality_80%3Bformat_jpg/https%3A%2F%2Fmedia.zenfs.com%2Fen%2Fbbc_us_articles_995%2F8497e83dcc1dda36811ff24f7df4060e.jpg,Philippines,"(haze OR smog OR jerebu OR karhutla OR ""forest fire"" OR wildfire) Philippines",https://www.yahoo.com/news/world/articles/toxic-haze-indonesia-spreads-malaysia-022628493.html,toxic haze from indonesia spreads to malaysia and philippines as wildfires rage
"Kualiti udara semakin baik , IPU Serian masih tahap bahaya",https://www.freemalaysiatoday.com/category/bahasa/tempatan/2026/09/03/kualiti-udara-semakin-baik-ipu-serian-masih-tahap-bahaya,2026-09-03 02:30:00+00:00,freemalaysiatoday.com,Malay,Malaysia,"https://www.freemalaysiatoday.com/cdn-cgi/image/quality=75,format=auto,fit=cover,dpr=1,width=1200,height=630,gravity=center/https://media.freemalaysiatoday.com/v3/2026/08/cd576f27-126a-439e-919a-d7336a29f3a1-jerebu-sarawak-bernamapic-070826.webp","Malaysia, Singapore","(haze OR smog OR jerebu OR karhutla OR ""forest fire"" OR wildfire OR ""PM2.5"" OR หมอกควัน OR ไฟป่า OR ""khói mù"" OR ""cháy rừng"") sourcecountry:malaysia",https://www.freemalaysiatoday.com/category/bahasa/tempatan/2026/09/03/kualiti-udara-semakin-baik-ipu-serian-masih-tahap-bahaya,kualiti udara semakin baik ipu serian masih tahap bahaya
Wildfire haze forces 1 . 4 million Indonesian students into remote learning,https://www.thestar.com.my/aseanplus/aseanplus-news/2026/09/03/wildfire-haze-forces-14-million-indonesian-students-into-remote-learning,2026-09-03 02:30:00+00:00,thestar.com.my,English,Malaysia,https://apicms.thestar.com.my/uploads/images/2026/09/03/4090603.jpg,Malaysia,"(haze OR smog OR jerebu OR karhutla OR ""forest fire"" OR wildfire OR ""PM2.5"" OR หมอกควัน OR ไฟป่า OR ""khói mù"" OR ""cháy rừng"") sourcecountry:malaysia",https://www.thestar.com.my/aseanplus/aseanplus-news/2026/09/03/wildfire-haze-forces-14-million-indonesian-students-into-remote-learning,wildfire haze forces 1 4 million indonesian students into remote learning
Business . Scoop » Severe El Niño Impacts On Freight Networks,https://business.scoop.co.nz/2026/09/03/severe-el-nino-impacts-on-freight-networks/,2026-09-03 02:00:00+00:00,business.scoop.co.nz,English,New Zealand,,Singapore,"(haze OR smog OR jerebu OR karhutla OR ""forest fire"" OR wildfire) Singapore",https://business.scoop.co.nz/2026/09/03/severe-el-nino-impacts-on-freight-networks,business scoop severe el ni o impacts on freight networks
Haze besieges Southeast Asia as Indonesia wildfires rage - Asia & Pacific,http://www.thejakartapost.com/world/2026/09/03/haze-besieges-southeast-asia-as-indonesias-wildfires-blaze-away,2026-09-03 01:15:00+00:00,thejakartapost.com,English,Indonesia,https://img.jakpost.net/c/2026/09/01/2026_09_01_179223_1788241774._large.jpg,"Indonesia, Philippines","(haze OR smog OR jerebu OR karhutla OR ""forest fire"" OR wildfire OR ""PM2.5"" OR หมอกควัน OR ไฟป่า OR ""khói mù"" OR ""cháy rừng"") sourcecountry:indonesia",http://www.thejakartapost.com/world/2026/09/03/haze-besieges-southeast-asia-as-indonesias-wildfires-blaze-away,haze besieges southeast asia as indonesia wildfires rage asia pacific
Auckland . Scoop » Severe El Niño Impacts On Freight Networks,https://auckland.scoop.co.nz/2026/09/severe-el-nino-impacts-on-freight-networks/,2026-09-03 01:15:00+00:00,auckland.scoop.co.nz,English,New Zealand,,Singapore,"(haze OR smog OR jerebu OR karhutla OR ""forest fire"" OR wildfire) Singapore",https://auckland.scoop.co.nz/2026/09/severe-el-nino-impacts-on-freight-networks,auckland scoop severe el ni o impacts on freight networks
华尔街见闻早餐FM - Radio | 2026年9月3日,https://wallstreetcn.com/articles/3780948,2026-09-03 00:45:00+00:00,wallstreetcn.com,Chinese,China,https://wpimg-wscn.awtmt.com/a30c1a0b-a8c7-4a97-8b65-69920a2dabd5.jpeg,Singapore,"(haze OR smog OR jerebu OR karhutla OR ""forest fire"" OR wildfire) Singapore",https://wallstreetcn.com/articles/3780948,fm radio 2026 9 3
Banjir Nepal : 77 rakyat Malaysia dibawa pulang,https://www.utusan.com.my/berita/2026/09/banjir-nepal-77-rakyat-malaysia-dibawa-pulang/,2026-09-03 00:15:00+00:00,utusan.com.my,Malay,Malaysia,http://www.utusan.com.my/wp-content/uploads/2026/08/060826-PTJ_FAHMI_8-4.jpg,Malaysia,"(haze OR smog OR jerebu OR karhutla OR ""forest fire"" OR wildfire OR ""PM2.5"" OR หมอกควัน OR ไฟป่า OR ""khói mù"" OR ""cháy rừng"") sourcecountry:malaysia",https://www.utusan.com.my/berita/2026/09/banjir-nepal-77-rakyat-malaysia-dibawa-pulang,banjir nepal 77 rakyat malaysia dibawa pulang
"Super El Niño Intensifies , Putting ASEAN Rice and Food Security at Risk",https://www.thailand-business-news.com/environment/325519-how-a-super-el-nino-is-threatening-asean-economies,2026-09-03 00:15:00+00:00,thailand-business-news.com,English,Thailand,https://i0.wp.com/r2.thailand-business-news.com/wp-content/uploads/2025/01/rice-paddy-field.jpg?fit=1600%2C900&ssl=1,"Thailand, Vietnam","(haze OR smog OR jerebu OR karhutla OR ""forest fire"" OR wildfire OR ""PM2.5"" OR หมอกควัน OR ไฟป่า OR ""khói mù"" OR ""cháy rừng"") sourcecountry:thailand",https://www.thailand-business-news.com/environment/325519-how-a-super-el-nino-is-threatening-asean-economies,super el ni o intensifies putting asean rice and food security at risk
Как яхтсмен из Новосибирска стал личным шкипером состоятельного бизнесмена - 2 сентября 2026,https://161.ru/text/job/2026/09/02/76618537/,2026-09-02 21:30:00+00:00,161.ru,Russian,Russia,https://161.ru/html-to-img/og/uN_3iLUehFSGdTRkSOfYaQ/article-id7265891-16x9.jpg,Thailand,"(haze OR smog OR jerebu OR karhutla OR ""forest fire"" OR wildfire) Thailand",https://161.ru/text/job/2026/09/02/76618537,2 2026
DOH issues air quality index amid haze,https://www.philstar.com/headlines/2026/09/03/2553698/doh-issues-air-quality-index-amid-haze,2026-09-02 16:45:00+00:00,philstar.com,English,Philippines,https://media.philstar.com/photos/2026/09/02/fire-indonesia2023-09-3016-48-33_2026-09-02_22-54-55.jpg,Philippines,"(haze OR smog OR jerebu OR karhutla OR ""forest fire"" OR wildfire OR ""PM2.5"" OR หมอกควัน OR ไฟป่า OR ""khói mù"" OR ""cháy rừng"") sourcecountry:philippines",https://www.philstar.com/headlines/2026/09/03/2553698/doh-issues-air-quality-index-amid-haze,doh issues air quality index amid haze
西雅图女客人27 ： 断线飞梭残旧梦 ， 惊弓深院锁寒秋 ！ | www . wenxuecity . com,https://www.wenxuecity.com/blog/202609/37163/384.html,2026-09-02 16:45:00+00:00,wenxuecity.com,Chinese,China,,Vietnam,"(haze OR smog OR jerebu OR karhutla OR ""forest fire"" OR wildfire) Vietnam",https://www.wenxuecity.com/blog/202609/37163/384.html,27 www wenxuecity com
Jangkaan jerebu kekal tinggi berikutan faktor El Nino - JAS,https://www.astroawani.com/berita-malaysia/jangkaan-jerebu-kekal-tinggi-berikutan-faktor-el-nino-jas,2026-09-02 16:30:00+00:00,astroawani.com,Malay,Malaysia,https://media.astroawani.com/awani/media/uploads/image/2026-09/TB_JEREBU%20SARAWAK_BERNAMA.jpg?VersionId=x075epR0v6isLUg37BpAWfyCOBT4v2sq,Malaysia,"(haze OR smog OR jerebu OR karhutla OR ""forest fire"" OR wildfire OR ""PM2.5"" OR หมอกควัน OR ไฟป่า OR ""khói mù"" OR ""cháy rừng"") sourcecountry:malaysia",https://www.astroawani.com/berita-malaysia/jangkaan-jerebu-kekal-tinggi-berikutan-faktor-el-nino-jas,jangkaan jerebu kekal tinggi berikutan faktor el nino jas
Tropical Storm Pilandok may exit PAR on September 3,https://www.rappler.com/philippines/weather/tropical-storm-pilandok-southwest-monsoon-update-pagasa-forecast-september-2-2026-5pm/,2026-09-02 12:30:00+00:00,rappler.com,English,Philippines,https://www.rappler.com/tachyon/2026/09/pilandok-southwest-monsoon-satellite-september-2-2026-5pm.png,Philippines,"(haze OR smog OR jerebu OR karhutla OR ""forest fire"" OR wildfire OR ""PM2.5"" OR หมอกควัน OR ไฟป่า OR ""khói mù"" OR ""cháy rừng"") sourcecountry:philippines",https://www.rappler.com/philippines/weather/tropical-storm-pilandok-southwest-monsoon-update-pagasa-forecast-september-2-2026-5pm,tropical storm pilandok may exit par on september 3
"Sambutan Hari Malaysia kekal di BCCK , acara luar bangunan dibatalkan akibat jerebu - Fahmi",https://www.astroawani.com/berita-malaysia/sambutan-hari-malaysia-kekal-di-bcck-acara-luar-bangunan-dibatalkan-akibat-jerebu-fahmi,2026-09-02 11:45:00+00:00,astroawani.com,Malay,Malaysia,https://media.astroawani.com/awani/media/uploads/image/2026-08/TB_Fahmi%20Fadzil%20Sidang%20Media%20Mingguan_BERNAMA.jpg?VersionId=gFvbiYvtagFP0kKpwEnzrFCoVw6RhKTY,Malaysia,"(haze OR smog OR jerebu OR karhutla OR ""forest fire"" OR wildfire OR ""PM2.5"" OR หมอกควัน OR ไฟป่า OR ""khói mù"" OR ""cháy rừng"") sourcecountry:malaysia",https://www.astroawani.com/berita-malaysia/sambutan-hari-malaysia-kekal-di-bcck-acara-luar-bangunan-dibatalkan-akibat-jerebu-fahmi,sambutan hari malaysia kekal di bcck acara luar bangunan dibatalkan akibat jerebu fahmi
Kalimantan Wildfire Haze Reaches Philippines as Air Quality Worsens,https://en.tempo.co/read/2118793/kalimantan-wildfire-haze-reaches-philippines-as-air-quality-worsens,2026-09-02 10:15:00+00:00,en.tempo.co,English,,https://statik.tempo.co/data/2026/07/31/id_1484793/1484793_720.jpg,Philippines,"(haze OR smog OR jerebu OR karhutla OR ""forest fire"" OR wildfire) Philippines",https://en.tempo.co/read/2118793/kalimantan-wildfire-haze-reaches-philippines-as-air-quality-worsens,kalimantan wildfire haze reaches philippines as air quality worsens
Prabowo Circled by Rivals Amid Jakarta Riots,https://foreignpolicy.com/2026/09/02/prabowo-grib-jaya-jakarta-protest/,2026-09-02 08:45:00+00:00,foreignpolicy.com,English,United States,https://foreignpolicy.com/wp-content/uploads/2026/09/jakarta-protest-GettyImages-2291802644.jpg,Vietnam,"(haze OR smog OR jerebu OR karhutla OR ""forest fire"" OR wildfire) Vietnam",https://foreignpolicy.com/2026/09/02/prabowo-grib-jaya-jakarta-protest,prabowo circled by rivals amid jakarta riots
"Haze linked to Indonesian fires observed in NCR , parts of the country DENR",https://bworldonline.com/the-nation/2026/09/02/774070/haze-linked-to-indonesian-fires-observed-in-ncr-parts-of-the-country-denr/,2026-09-02 07:30:00+00:00,bworldonline.com,English,Philippines,https://bworldonline.com/wp-content/uploads/2026/09/Manila-haze.jpg,Philippines,"(haze OR smog OR jerebu OR karhutla OR ""forest fire"" OR wildfire OR ""PM2.5"" OR หมอกควัน OR ไฟป่า OR ""khói mù"" OR ""cháy rừng"") sourcecountry:philippines",https://bworldonline.com/the-nation/2026/09/02/774070/haze-linked-to-indonesian-fires-observed-in-ncr-parts-of-the-country-denr,haze linked to indonesian fires observed in ncr parts of the country denr
South Kalimantan respiratory cases ease after haze spike : govt,https://en.antaranews.com/news/429488/south-kalimantans-respiratory-cases-ease-after-haze-spike-govt,2026-09-02 06:45:00+00:00,en.antaranews.com,English,Indonesia,https://cdn.antaranews.com/cache/1200x800/2026/09/02/ispa4.jpeg,Indonesia,"(haze OR smog OR jerebu OR karhutla OR ""forest fire"" OR wildfire OR ""PM2.5"" OR หมอกควัน OR ไฟป่า OR ""khói mù"" OR ""cháy rừng"") sourcecountry:indonesia",https://en.antaranews.com/news/429488/south-kalimantans-respiratory-cases-ease-after-haze-spike-govt,south kalimantan respiratory cases ease after haze spike govt
Capitol monitors Metro Cebu haze,https://www.sunstar.com.ph/cebu/capitol-monitors-metro-cebu-haze,2026-09-02 05:15:00+00:00,sunstar.com.ph,English,Philippines,https://cf-images.assettype.com/sunstar%2Fimport%2Fuploads%2Fimages%2F2021%2F05%2F13%2F286015.jpg?&ar=40%3A21&auto=format%2Ccompress&ogImage=true&mode=crop&enlarge=true&overlay=false&overlay_position=bottom&overlay_width=100,Philippines,"(haze OR smog OR jerebu OR karhutla OR ""forest fire"" OR wildfire OR ""PM2.5"" OR หมอกควัน OR ไฟป่า OR ""khói mù"" OR ""cháy rừng"") sourcecountry:philippines",https://www.sunstar.com.ph/cebu/capitol-monitors-metro-cebu-haze,capitol monitors metro cebu haze
Japan answers fire aid call as haze smothers region,https://asianews.network/japan-answers-fire-aid-call-as-haze-smothers-region/,2026-09-02 05:15:00+00:00,asianews.network,English,China,https://asianews.network/wp-content/uploads/2026/09/AFP__20260821__C67M76Q__v1__MidRes__IndonesiaEnvironmentFireClimate.jpg,Philippines,"(haze OR smog OR jerebu OR karhutla OR ""forest fire"" OR wildfire) Philippines",https://asianews.network/japan-answers-fire-aid-call-as-haze-smothers-region,japan answers fire aid call as haze smothers region
Malaysia Suggests Scientific Cooperation and Long - Term Financial Fund to Tackle Asean Haze Issue,https://www.thailand-business-news.com/asean/319446-malaysia-suggests-scientific-cooperation-and-long-term-financial-fund-to-tackle-asean-haze-issue,2026-09-02 05:15:00+00:00,thailand-business-news.com,English,Thailand,https://i0.wp.com/r2.thailand-business-news.com/wp-content/uploads/2023/04/air-pollution-bangkok.jpg?fit=1600%2C900&ssl=1,Thailand,"(haze OR smog OR jerebu OR karhutla OR ""forest fire"" OR wildfire OR ""PM2.5"" OR หมอกควัน OR ไฟป่า OR ""khói mù"" OR ""cháy rừng"") sourcecountry:thailand",https://www.thailand-business-news.com/asean/319446-malaysia-suggests-scientific-cooperation-and-long-term-financial-fund-to-tackle-asean-haze-issue,malaysia suggests scientific cooperation and long term financial fund to tackle asean haze issue
Health department advises public to mask up as haze from Indonesia forest fires reach the Philippines,https://asianews.network/health-department-advises-public-to-mask-up-as-haze-from-indonesia-forest-fires-reach-the-philippines/,2026-09-02 05:15:00+00:00,asianews.network,English,China,https://asianews.network/wp-content/uploads/2026/09/haze-metro-manila-2September2026-1200x740-1.jpg,Philippines,"(haze OR smog OR jerebu OR karhutla OR ""forest fire"" OR wildfire) Philippines",https://asianews.network/health-department-advises-public-to-mask-up-as-haze-from-indonesia-forest-fires-reach-the-philippines,health department advises public to mask up as haze from indonesia forest fires reach the philippines
Brunei health ministry issues public haze advisory,https://asianews.network/brunei-health-ministry-issues-public-haze-advisory/,2026-09-02 05:15:00+00:00,asianews.network,English,China,https://asianews.network/wp-content/uploads/2026/09/AFP__20260826__C6HY7UC__v1__MidRes__MalaysiaIndonesiaEnvironmentClimateWildfire.jpg,Brunei,"(haze OR smog OR jerebu OR karhutla OR ""forest fire"" OR wildfire) Brunei",https://asianews.network/brunei-health-ministry-issues-public-haze-advisory,brunei health ministry issues public haze advisory
Ecowatch : Using AI to spot fire risk,https://www.thestar.com.my/news/environment/2026/08/31/ecowatch-a-smarter-way-to-spot-fire-risk,2026-09-02 04:45:00+00:00,thestar.com.my,English,Malaysia,https://apicms.thestar.com.my/uploads/images/2026/08/31/4085377.jpg,"Brunei, Malaysia","(haze OR smog OR jerebu OR karhutla OR ""forest fire"" OR wildfire OR ""PM2.5"" OR หมอกควัน OR ไฟป่า OR ""khói mù"" OR ""cháy rừng"") sourcecountry:malaysia",https://www.thestar.com.my/news/environment/2026/08/31/ecowatch-a-smarter-way-to-spot-fire-risk,ecowatch using ai to spot fire risk
Lực lượng  đặc biệt  3 lần đi cứu hộ thảm họa động đất quốc tế,https://thanhnien.vn/luc-luong-dac-biet-3-lan-di-cuu-ho-tham-hoa-dong-dat-quoc-te-185260825211645529.htm,2026-09-02 04:15:00+00:00,thanhnien.vn,Vietnamese,Vietnam,https://images2.thanhnien.vn/zoom/1200_630/528068263637045248/2026/8/25/i-quan-khuyen-tham-gia-tim-kiem-nan-nhan-mac-ket-tai-tho-nhi-ky-anh-truong-trung-cap-24-bien-phong-17876665826821538695985-0-57-1080-1785-crop-17876666051941031764563.jpg,Vietnam,"(haze OR smog OR jerebu OR karhutla OR ""forest fire"" OR wildfire) Vietnam",https://thanhnien.vn/luc-luong-dac-biet-3-lan-di-cuu-ho-tham-hoa-dong-dat-quoc-te-185260825211645529.htm,l c l ng c bi t 3 l n i c u h th m h a ng t qu c t
"Reducing Indonesia wildfires will be challenging as El Niño peaks this month , minister warns",https://bworldonline.com/world/2026/09/02/774059/reducing-indonesia-wildfires-will-be-challenging-as-el-nino-peaks-this-month-minister-warns/,2026-09-02 04:00:00+00:00,bworldonline.com,English,Philippines,https://bworldonline.com/wp-content/uploads/2026/09/INDONESIA-WILDFIRE-2026.jpg,Philippines,"(haze OR smog OR jerebu OR karhutla OR ""forest fire"" OR wildfire OR ""PM2.5"" OR หมอกควัน OR ไฟป่า OR ""khói mù"" OR ""cháy rừng"") sourcecountry:philippines",https://bworldonline.com/world/2026/09/02/774059/reducing-indonesia-wildfires-will-be-challenging-as-el-nino-peaks-this-month-minister-warns,reducing indonesia wildfires will be challenging as el ni o peaks this month minister warns
TJ Monterde recalls nearly giving up music career before hit  Palagi  ,https://www.philstar.com/entertainment/music/2026/09/02/2553273/tj-monterde-recalls-nearly-giving-music-career-hit-palagi,2026-09-02 03:00:00+00:00,philstar.com,English,Philippines,https://media.philstar.com/photos/2025/06/26/1-1_2025-06-26_21-03-28.jpg,Philippines,"(haze OR smog OR jerebu OR karhutla OR ""forest fire"" OR wildfire OR ""PM2.5"" OR หมอกควัน OR ไฟป่า OR ""khói mù"" OR ""cháy rừng"") sourcecountry:philippines",https://www.philstar.com/entertainment/music/2026/09/02/2553273/tj-monterde-recalls-nearly-giving-music-career-hit-palagi,tj monterde recalls nearly giving up music career before hit palagi
"Fight the fires , flour power and 40 centimeters - Academia",http://www.thejakartapost.com/opinion/2026/09/02/fight-the-fires-flour-power-and-40-centimeters,2026-09-02 02:45:00+00:00,thejakartapost.com,English,Indonesia,https://img.jakpost.net/c/2026/08/26/2026_08_26_179008_1787715809._large.jpg,Indonesia,"(haze OR smog OR jerebu OR karhutla OR ""forest fire"" OR wildfire OR ""PM2.5"" OR หมอกควัน OR ไฟป่า OR ""khói mù"" OR ""cháy rừng"") sourcecountry:indonesia",http://www.thejakartapost.com/opinion/2026/09/02/fight-the-fires-flour-power-and-40-centimeters,fight the fires flour power and 40 centimeters academia
Jerebu boleh sampai tahap Haze - zilla,https://www.kosmo.com.my/2026/09/02/jerebu-boleh-sampai-tahap-haze-zilla/,2026-09-02 01:15:00+00:00,kosmo.com.my,Malay,Malaysia,https://www.kosmo.com.my/wp-content/uploads/2026/09/janaan-AI.jpeg,Malaysia,"(haze OR smog OR jerebu OR karhutla OR ""forest fire"" OR wildfire OR ""PM2.5"" OR หมอกควัน OR ไฟป่า OR ""khói mù"" OR ""cháy rừng"") sourcecountry:malaysia",https://www.kosmo.com.my/2026/09/02/jerebu-boleh-sampai-tahap-haze-zilla,jerebu boleh sampai tahap haze zilla
Asap Kalimantan dijangka  kepung  Sarawak lebih seminggu - METMalaysia,https://www.sinarharian.com.my/article/794465/berita/semasa/asap-kalimantan-dijangka-kepung-sarawak-lebih-seminggu---metmalaysia,2026-09-02 01:15:00+00:00,sinarharian.com.my,Malay,Malaysia,https://www.sinarharian.com.my/uploads/images/2026/09/02/3633621.webp,Malaysia,"(haze OR smog OR jerebu OR karhutla OR ""forest fire"" OR wildfire OR ""PM2.5"" OR หมอกควัน OR ไฟป่า OR ""khói mù"" OR ""cháy rừng"") sourcecountry:malaysia",https://www.sinarharian.com.my/article/794465/berita/semasa/asap-kalimantan-dijangka-kepung-sarawak-lebih-seminggu---metmalaysia,asap kalimantan dijangka kepung sarawak lebih seminggu metmalaysia
Police monitor wildfire areas to prevent illegal land conversion - Archipelago,http://www.thejakartapost.com/indonesia/2026/09/02/police-monitor-wildfire-areas-to-prevent-illegal-land-conversion,2026-09-02 01:15:00+00:00,thejakartapost.com,English,Indonesia,https://img.jakpost.net/c/2026/08/26/2026_08_26_179007_1787704176._large.jpg,Indonesia,"(haze OR smog OR jerebu OR karhutla OR ""forest fire"" OR wildfire OR ""PM2.5"" OR หมอกควัน OR ไฟป่า OR ""khói mù"" OR ""cháy rừng"") sourcecountry:indonesia",http://www.thejakartapost.com/indonesia/2026/09/02/police-monitor-wildfire-areas-to-prevent-illegal-land-conversion,police monitor wildfire areas to prevent illegal land conversion archipelago
"September kemuncak El Nino ,  medan pertempuran  sebenar lawan kebakaran hutan - Menteri Indonesia",https://www.astroawani.com/berita-dunia/september-kemuncak-el-nino-medan-pertempuran-sebenar-lawan-kebakaran-hutan-menteri-indonesia,2026-09-01 21:30:00+00:00,astroawani.com,Malay,Malaysia,https://media.astroawani.com/awani/media/uploads/image/2026-09/TB_JULI%20ANTONI_WIKIMEDIA.jpg?VersionId=yugoSfEJOeZdKpEee.SyKP4lPhdPDVCR,Malaysia,"(haze OR smog OR jerebu OR karhutla OR ""forest fire"" OR wildfire OR ""PM2.5"" OR หมอกควัน OR ไฟป่า OR ""khói mù"" OR ""cháy rừng"") sourcecountry:malaysia",https://www.astroawani.com/berita-dunia/september-kemuncak-el-nino-medan-pertempuran-sebenar-lawan-kebakaran-hutan-menteri-indonesia,september kemuncak el nino medan pertempuran sebenar lawan kebakaran hutan menteri indonesia
On Pike and Nowhere - The Stranger,https://www.thestranger.com/arts/on-pike-and-nowhere/,2026-09-01 20:15:00+00:00,thestranger.com,English,United States,https://i0.wp.com/www.thestranger.com/wp-content/uploads/2026/08/Barnes_Lisa-Prank.jpg?fit=1200%2C1277&ssl=1,Cambodia,"(haze OR smog OR jerebu OR karhutla OR ""forest fire"" OR wildfire) Cambodia",https://www.thestranger.com/arts/on-pike-and-nowhere,on pike and nowhere the stranger
Worsening haze prompts Malaysians to seek masks,https://www.manilatimes.net/2026/09/02/world/asia-oceania/worsening-haze-prompts-malaysians-to-seek-masks/2416042,2026-09-01 19:15:00+00:00,manilatimes.net,English,Philippines,https://manilatimes.net/manilatimes/uploads/images/2026/09/01/1197920.jpg,Philippines,"(haze OR smog OR jerebu OR karhutla OR ""forest fire"" OR wildfire OR ""PM2.5"" OR หมอกควัน OR ไฟป่า OR ""khói mù"" OR ""cháy rừng"") sourcecountry:philippines",https://www.manilatimes.net/2026/09/02/world/asia-oceania/worsening-haze-prompts-malaysians-to-seek-masks/2416042,worsening haze prompts malaysians to seek masks
"HEADLINES :  DepEd under Duterte duped Army , auditor | September 2 , 2026",https://www.manilatimes.net/2026/09/02/podcasts/headlines-deped-under-duterte-duped-army-auditors-september-2-2026/2416245,2026-09-01 19:00:00+00:00,manilatimes.net,English,Philippines,https://manilatimes.net/manilatimes/uploads/images/2026/09/01/1198478.jpg,Philippines,"(haze OR smog OR jerebu OR karhutla OR ""forest fire"" OR wildfire OR ""PM2.5"" OR หมอกควัน OR ไฟป่า OR ""khói mù"" OR ""cháy rừng"") sourcecountry:philippines",https://www.manilatimes.net/2026/09/02/podcasts/headlines-deped-under-duterte-duped-army-auditors-september-2-2026/2416245,headlines deped under duterte duped army auditor september 2 2026
Arts & Culture ( 09 / 02 / 26 ) - BusinessWorld Online,https://bworldonline.com/arts-and-leisure/2026/09/02/773825/arts-culture-09-02-26/,2026-09-01 18:30:00+00:00,bworldonline.com,English,Philippines,https://bworldonline.com/wp-content/uploads/2026/09/1-arts-news-manansala-tribute.jpg,Philippines,"(haze OR smog OR jerebu OR karhutla OR ""forest fire"" OR wildfire OR ""PM2.5"" OR หมอกควัน OR ไฟป่า OR ""khói mù"" OR ""cháy rừng"") sourcecountry:philippines",https://bworldonline.com/arts-and-leisure/2026/09/02/773825/arts-culture-09-02-26,arts culture 09 02 26 businessworld online
"Ministry urges regions to bolster forest , land fire preparednes",https://en.antaranews.com/news/429425/ministry-urges-regions-to-bolster-forest-land-fire-preparednes,2026-09-01 18:00:00+00:00,en.antaranews.com,English,Indonesia,https://cdn.antaranews.com/cache/1200x800/2026/07/24/1000568461.jpg,Indonesia,"(haze OR smog OR jerebu OR karhutla OR ""forest fire"" OR wildfire OR ""PM2.5"" OR หมอกควัน OR ไฟป่า OR ""khói mù"" OR ""cháy rừng"") sourcecountry:indonesia",https://en.antaranews.com/news/429425/ministry-urges-regions-to-bolster-forest-land-fire-preparednes,ministry urges regions to bolster forest land fire preparednes
Polis Sarawak sasar lebih banyak tindakan SOSMA terhadap sindiket jenayah,https://www.astroawani.com/berita-malaysia/polis-sarawak-sasar-lebih-banyak-tindakan-sosma-terhadap-sindiket-jenayah,2026-09-01 17:00:00+00:00,astroawani.com,Malay,Malaysia,https://media.astroawani.com/awani/media/uploads/image/2026-09/%5BTB%5D_Majlis%20Serah%20Terima%20Tugas%20Mohamad%20Zainal%20Abdullah_BERNAMA.jpg?VersionId=3W6QO_IkUpVg.IdYMWIbvE2uOUv.2Ore,Malaysia,"(haze OR smog OR jerebu OR karhutla OR ""forest fire"" OR wildfire OR ""PM2.5"" OR หมอกควัน OR ไฟป่า OR ""khói mù"" OR ""cháy rừng"") sourcecountry:malaysia",https://www.astroawani.com/berita-malaysia/polis-sarawak-sasar-lebih-banyak-tindakan-sosma-terhadap-sindiket-jenayah,polis sarawak sasar lebih banyak tindakan sosma terhadap sindiket jenayah
"Kẹt đường leo núi Bà Đen dịp 2 / 9 , một khách ngất xỉu",https://vnexpress.net/ket-duong-leo-nui-ba-den-dip-2-9-mot-khach-ngat-xiu-5115639.html,2026-09-01 16:45:00+00:00,vnexpress.net,Vietnamese,Vietnam,https://vcdn1-dulich.vnecdn.net/2026/09/01/2aoboqvauxyc7qdbw5cjvxnp2qs9rq-8369-3617-1788259453.jpg?&q=100&dpr=1&fit=crop&s=Wkg4gtqHZnAYDbCPBQG43g,Vietnam,"(haze OR smog OR jerebu OR karhutla OR ""forest fire"" OR wildfire OR ""PM2.5"" OR หมอกควัน OR ไฟป่า OR ""khói mù"" OR ""cháy rừng"") sourcecountry:vietnam",https://vnexpress.net/ket-duong-leo-nui-ba-den-dip-2-9-mot-khach-ngat-xiu-5115639.html,k t ng leo n i b en d p 2 9 m t kh ch ng t x u
"Piala FA : Aksi DPMM FC , Terengganu ditunda ekoran jerebu",https://www.kosmo.com.my/2026/09/01/piala-fa-aksi-dpmm-fc-terengganu-ditunda-ekoran-jerebu/,2026-09-01 16:00:00+00:00,kosmo.com.my,Malay,Malaysia,http://www.kosmo.com.my/wp-content/uploads/2026/09/FB_IMG_1788264946122.jpg,"Brunei, Malaysia","(haze OR smog OR jerebu OR karhutla OR ""forest fire"" OR wildfire OR ""PM2.5"" OR หมอกควัน OR ไฟป่า OR ""khói mù"" OR ""cháy rừng"") sourcecountry:malaysia",https://www.kosmo.com.my/2026/09/01/piala-fa-aksi-dpmm-fc-terengganu-ditunda-ekoran-jerebu,piala fa aksi dpmm fc terengganu ditunda ekoran jerebu
2 penerbangan di lapangan terbang Kuching batal akibat jerebu,https://www.freemalaysiatoday.com/category/bahasa/tempatan/2026/09/01/2-penerbangan-di-lapangan-terbang-kuching-batal-akibat-jerebu,2026-09-01 15:45:00+00:00,freemalaysiatoday.com,Malay,Malaysia,"https://www.freemalaysiatoday.com/cdn-cgi/image/quality=75,format=auto,fit=cover,dpr=1,width=1200,height=630,gravity=center/https://media.freemalaysiatoday.com/v3/2026/08/265117a5-9915-4023-9da7-a823a089105b-jerebu-sarawak-bernama-pic-20826.webp",Malaysia,"(haze OR smog OR jerebu OR karhutla OR ""forest fire"" OR wildfire OR ""PM2.5"" OR หมอกควัน OR ไฟป่า OR ""khói mù"" OR ""cháy rừng"") sourcecountry:malaysia",https://www.freemalaysiatoday.com/category/bahasa/tempatan/2026/09/01/2-penerbangan-di-lapangan-terbang-kuching-batal-akibat-jerebu,2 penerbangan di lapangan terbang kuching batal akibat jerebu
"சரவாக்கில் மோசமடைந்த புகைமூட்டம் : செயற்கை மழைக்கு ஏற்பாடு , உல‌க‌ம் செய்திகள் - தமிழ் முரசு World News in Tamil , Tamil Murasu",https://www.tamilmurasu.com.sg/world/neighbouring-countries-affected-indonesian-forest-fires,2026-09-01 15:45:00+00:00,tamilmurasu.com.sg,Tamil,Singapore,https://cassette.sphdigital.com.sg/image/tamilmurasu/6a69aa37e054d5bea97a210558fefde17ce103d3119cc47878d8e0a96d14b268,Singapore,"(haze OR smog OR jerebu OR karhutla OR ""forest fire"" OR wildfire OR ""PM2.5"" OR หมอกควัน OR ไฟป่า OR ""khói mù"" OR ""cháy rừng"") sourcecountry:singapore",https://www.tamilmurasu.com.sg/world/neighbouring-countries-affected-indonesian-forest-fires,world news in tamil tamil murasu
Cebu Air Quality Reaches  Very Unhealthy  Due to Haze,https://www.sunstar.com.ph/cebu/indonesian-forest-fire-pushes-cebu-air-quality-to-very-unhealthy-levels,2026-09-01 15:00:00+00:00,sunstar.com.ph,English,Philippines,https://cf-images.assettype.com/sunstar%2F2026-09-01%2Fi0dkgfep%2Fb3.jpg?rect=0%2C28%2C750%2C394&ar=40%3A21&auto=format%2Ccompress&ogImage=true&mode=crop&enlarge=true&overlay=false&overlay_position=bottom&overlay_width=100,Philippines,"(haze OR smog OR jerebu OR karhutla OR ""forest fire"" OR wildfire OR ""PM2.5"" OR หมอกควัน OR ไฟป่า OR ""khói mù"" OR ""cháy rừng"") sourcecountry:philippines",https://www.sunstar.com.ph/cebu/indonesian-forest-fire-pushes-cebu-air-quality-to-very-unhealthy-levels,cebu air quality reaches very unhealthy due to haze
Haze forces cancellation of 2 flights at Kuching airport,https://www.freemalaysiatoday.com/category/nation/2026/09/01/haze-forces-cancellation-of-2-flights-at-kuching-airport,2026-09-01 14:15:00+00:00,freemalaysiatoday.com,English,Malaysia,"https://www.freemalaysiatoday.com/cdn-cgi/image/quality=75,format=auto,fit=cover,dpr=1,width=1200,height=630,gravity=center/https://media.freemalaysiatoday.com/v3/2026/08/265117a5-9915-4023-9da7-a823a089105b-jerebu-sarawak-bernama-pic-20826.webp",Malaysia,"(haze OR smog OR jerebu OR karhutla OR ""forest fire"" OR wildfire OR ""PM2.5"" OR หมอกควัน OR ไฟป่า OR ""khói mù"" OR ""cháy rừng"") sourcecountry:malaysia",https://www.freemalaysiatoday.com/category/nation/2026/09/01/haze-forces-cancellation-of-2-flights-at-kuching-airport,haze forces cancellation of 2 flights at kuching airport
"Warm , humid nights and dry weather expected to continue in first 2 weeks of September",https://www.asiaone.com/singapore/singapore-weather-september-2026-first-half-dry-warm-humid,2026-09-01 12:30:00+00:00,asiaone.com,English,Singapore,https://www.asiaone.com/sites/default/files/styles/article_top_image/public/original_images/Sep2026/singapore%20weather%20september%202026%20first%20half.jpg?itok=j7qTsz-l,Singapore,"(haze OR smog OR jerebu OR karhutla OR ""forest fire"" OR wildfire OR ""PM2.5"" OR หมอกควัน OR ไฟป่า OR ""khói mù"" OR ""cháy rừng"") sourcecountry:singapore",https://www.asiaone.com/singapore/singapore-weather-september-2026-first-half-dry-warm-humid,warm humid nights and dry weather expected to continue in first 2 weeks of september
Haze may hit Singapore amid dry September conditions,https://www.straitstimes.com/singapore/haze-may-hit-singapore-in-next-2-weeks-as-dry-conditions-in-region-expected-to-persist-met-service,2026-09-01 12:30:00+00:00,straitstimes.com,English,Singapore,https://cassette.sphdigital.com.sg/image/straitstimes/b6fb0d4e8285957d7e53cd67c4f33c7f07700e91b1b3841e169c9ad4d7b77f30,Singapore,"(haze OR smog OR jerebu OR karhutla OR ""forest fire"" OR wildfire OR ""PM2.5"" OR หมอกควัน OR ไฟป่า OR ""khói mù"" OR ""cháy rừng"") sourcecountry:singapore",https://www.straitstimes.com/singapore/haze-may-hit-singapore-in-next-2-weeks-as-dry-conditions-in-region-expected-to-persist-met-service,haze may hit singapore amid dry september conditions
"Indonesian fires prompt haze alerts , disrupt palm harvests",https://www.freemalaysiatoday.com/category/nation/2026/09/01/indonesian-fires-prompt-haze-alerts-disrupt-palm-harvests,2026-09-01 11:15:00+00:00,freemalaysiatoday.com,English,Malaysia,"https://www.freemalaysiatoday.com/cdn-cgi/image/quality=80,format=auto,fit=cover,dpr=1,width=1200,height=630,gravity=center/https://media.freemalaysiatoday.com/v3/2026/08/3970dd6e-8cb3-42bd-b5e2-1357a5da28e5-FW1585893_SK02_20082026_JEREBU-mpr.jpg",Brunei,"(haze OR smog OR jerebu OR karhutla OR ""forest fire"" OR wildfire) Brunei",https://www.freemalaysiatoday.com/category/nation/2026/09/01/indonesian-fires-prompt-haze-alerts-disrupt-palm-harvests,indonesian fires prompt haze alerts disrupt palm harvests
East Kalimantan taps Rp5 billion carbon funds for wildfire control,https://en.antaranews.com/news/429320/east-kalimantan-taps-rp5-billion-carbon-funds-for-wildfire-control,2026-09-01 11:00:00+00:00,en.antaranews.com,English,Indonesia,https://cdn.antaranews.com/cache/1200x800/2026/09/01/1001953448.jpg,Indonesia,"(haze OR smog OR jerebu OR karhutla OR ""forest fire"" OR wildfire OR ""PM2.5"" OR หมอกควัน OR ไฟป่า OR ""khói mù"" OR ""cháy rừng"") sourcecountry:indonesia",https://en.antaranews.com/news/429320/east-kalimantan-taps-rp5-billion-carbon-funds-for-wildfire-control,east kalimantan taps rp5 billion carbon funds for wildfire control
Rinjani reopens climbing activities on limited basis,https://en.antaranews.com/news/429324/rinjani-reopens-climbing-activities-on-limited-basis,2026-09-01 11:00:00+00:00,en.antaranews.com,English,Indonesia,https://cdn.antaranews.com/cache/1200x800/2026/09/01/1005869038.jpg,Indonesia,"(haze OR smog OR jerebu OR karhutla OR ""forest fire"" OR wildfire OR ""PM2.5"" OR หมอกควัน OR ไฟป่า OR ""khói mù"" OR ""cháy rừng"") sourcecountry:indonesia",https://en.antaranews.com/news/429324/rinjani-reopens-climbing-activities-on-limited-basis,rinjani reopens climbing activities on limited basis
砂警警告贩毒集团 再不收手将援SOSMA对付,https://www.chinapress.com.my/20260901/%E7%A0%82%E8%AD%A6%E4%B8%A5%E5%8E%89%E8%AD%A6%E5%91%8A%E4%B8%8D%E6%B3%95%E9%9B%86%E5%9B%A2-%E5%86%8D%E4%B8%8D%E6%94%B6%E6%89%8B%E5%B0%86%E6%8F%B4sosma%E5%AF%B9%E4%BB%98%EF%BC%81/,2026-09-01 10:15:00+00:00,chinapress.com.my,Chinese,Malaysia,https://www.chinapress.com.my/wp-content/uploads/2026/09/20260901-sploo19sosma.jpg,Vietnam,"(haze OR smog OR jerebu OR karhutla OR ""forest fire"" OR wildfire) Vietnam",https://www.chinapress.com.my/20260901/%E7%A0%82%E8%AD%A6%E4%B8%A5%E5%8E%89%E8%AD%A6%E5%91%8A%E4%B8%8D%E6%B3%95%E9%9B%86%E5%9B%A2-%E5%86%8D%E4%B8%8D%E6%94%B6%E6%89%8B%E5%B0%86%E6%8F%B4sosma%E5%AF%B9%E4%BB%98%EF%BC%81,sosma
Hợp tác mở không gian phát triển vùng biên giới,https://dantocmiennui.baotintuc.vn/hop-tac-mo-khong-gian-phat-trien-vung-bien-gioi-bai-1-tu-duong-bien-den-hanh-lang-phat-trien-post366667.html,2026-09-01 07:15:00+00:00,dantocmiennui.baotintuc.vn,Vietnamese,,https://dantocmiennui-media.baotintuc.vn/images/XAxU-VyXd6Raj1kQp6mGpbrC1ziqxICFlbie0-tWTiCJbY4nRY2DTUKK6zVJSeIwVnfhL7FAoWnm3ZCLxrCZvg/dak-lak-010826-1.jpg.webp,Cambodia,"(haze OR smog OR jerebu OR karhutla OR ""forest fire"" OR wildfire) Cambodia",https://dantocmiennui.baotintuc.vn/hop-tac-mo-khong-gian-phat-trien-vung-bien-gioi-bai-1-tu-duong-bien-den-hanh-lang-phat-trien-post366667.html,h p t c m kh ng gian ph t tri n v ng bi n gi i
Dedi Mulyadi Larang Sementara Pendakian Gunung di Jabar guna CehaiCegah Karhutla Musim Kemarau,https://jabar.tribunnews.com/metro-bandung/1183062/dedi-mulyadi-larang-sementara-pendakian-gunung-di-jabar-guna-cehaicegah-karhutla-musim-kemarau,2026-09-01 05:30:00+00:00,jabar.tribunnews.com,Indonesian,Indonesia,https://asset.tribunnews.com/VvKmwVZHTBN0JbvG-4OngFsdBv0=/1200x675/filters:upscale():quality(30):format(webp):focal(0.5x0.5:0.5x0.5)/jabar/foto/bank/originals/kebakaran-hutan-gunung-masigit.jpg,Indonesia,"(haze OR smog OR jerebu OR karhutla OR ""forest fire"" OR wildfire OR ""PM2.5"" OR หมอกควัน OR ไฟป่า OR ""khói mù"" OR ""cháy rừng"") sourcecountry:indonesia",https://jabar.tribunnews.com/metro-bandung/1183062/dedi-mulyadi-larang-sementara-pendakian-gunung-di-jabar-guna-cehaicegah-karhutla-musim-kemarau,dedi mulyadi larang sementara pendakian gunung di jabar guna cehaicegah karhutla musim kemarau
Indonesia and US launch annual military exercises,https://www.asiaone.com/asia/indonesia-and-us-launch-annual-military-exercises,2026-09-01 05:30:00+00:00,asiaone.com,English,Singapore,https://www.asiaone.com/sites/default/files/styles/article_top_image/public/original_images/Sep2026/indonesia%20us%20militarey.JPG?itok=eHcll_79,Singapore,"(haze OR smog OR jerebu OR karhutla OR ""forest fire"" OR wildfire OR ""PM2.5"" OR หมอกควัน OR ไฟป่า OR ""khói mù"" OR ""cháy rừng"") sourcecountry:singapore",https://www.asiaone.com/asia/indonesia-and-us-launch-annual-military-exercises,indonesia and us launch annual military exercises
恒指走勢丨半日跌256點 內房股續捱沽,https://finance.now.com/news/post.php?id=984511,2026-09-01 05:30:00+00:00,finance.now.com,Chinese,China,,Vietnam,"(haze OR smog OR jerebu OR karhutla OR ""forest fire"" OR wildfire) Vietnam",https://finance.now.com/news/post.php,256
埼玉の魅力度上げ隊 ！【 東武動物公園×むさしの村 】 両園初の遊園地コラボスタンプラリーを2026年10月1日より開催 ！： 紀伊民報AGARA｜和歌山県のニュースサイト,https://www.agara.co.jp/article/680231,2026-09-01 05:00:00+00:00,agara.co.jp,Japanese,Japan,https://digitalpr.jp/release/media/3127/142408/202608310832216a94bd852683a.jpg,Thailand,"(haze OR smog OR jerebu OR karhutla OR ""forest fire"" OR wildfire) Thailand",https://www.agara.co.jp/article/680231,2026 10 1 agara
Oil prices rise and stocks fall after US hits Iranian sites in the Strait of Hormuz,https://www.manilatimes.net/2026/09/01/business/foreign-business/oil-prices-rise-and-stocks-fall-after-us-hits-iranian-sites-in-the-strait-of-hormuz/2415578,2026-09-01 04:15:00+00:00,manilatimes.net,English,Philippines,https://manilatimes.net/manilatimes/uploads/images/2026/09/01/1197185.jpg,Philippines,"(haze OR smog OR jerebu OR karhutla OR ""forest fire"" OR wildfire OR ""PM2.5"" OR หมอกควัน OR ไฟป่า OR ""khói mù"" OR ""cháy rừng"") sourcecountry:philippines",https://www.manilatimes.net/2026/09/01/business/foreign-business/oil-prices-rise-and-stocks-fall-after-us-hits-iranian-sites-in-the-strait-of-hormuz/2415578,oil prices rise and stocks fall after us hits iranian sites in the strait of hormuz
"Kesaksian Warga Saat Api Mengamuk di Gunung Batur Bali , Belasan Hektare Lahan di Karangasem Terbakar",https://bali.tribunnews.com/bali/604181/kesaksian-warga-saat-api-mengamuk-di-gunung-batur-bali-belasan-hektare-lahan-di-karangasem-terbakar,2026-09-01 03:15:00+00:00,bali.tribunnews.com,Indonesian,Indonesia,https://asset.tribunnews.com/PUWlBoxYaQvznSCOKpOJDsw2AFg=/1200x675/filters:upscale():quality(30):format(webp):focal(0.5x0.5:0.5x0.5)/bali/foto/bank/originals/Api-Kembali-Mengamuk-di-Gunung-Batur-Bali-Dua-Hektare-Hutan-Hangus.jpg,Indonesia,"(haze OR smog OR jerebu OR karhutla OR ""forest fire"" OR wildfire OR ""PM2.5"" OR หมอกควัน OR ไฟป่า OR ""khói mù"" OR ""cháy rừng"") sourcecountry:indonesia",https://bali.tribunnews.com/bali/604181/kesaksian-warga-saat-api-mengamuk-di-gunung-batur-bali-belasan-hektare-lahan-di-karangasem-terbakar,kesaksian warga saat api mengamuk di gunung batur bali belasan hektare lahan di karangasem terbakar
Haze linked to Indonesia wildfires reaches parts of Luzon - Philippine Canadian Inquirer Nationwide Filipino Newspaper,https://canadianinquirer.net/2026/09/01/haze-linked-to-indonesia-wildfires-reaches-parts-of-luzon/,2026-09-01 01:45:00+00:00,canadianinquirer.net,English,Philippines,https://canadianinquirer.net/wp-content/uploads/2026/09/Wildfire-haze-from-Indonesia-reaches-Philippines.jpg,Philippines,"(haze OR smog OR jerebu OR karhutla OR ""forest fire"" OR wildfire OR ""PM2.5"" OR หมอกควัน OR ไฟป่า OR ""khói mù"" OR ""cháy rừng"") sourcecountry:philippines",https://canadianinquirer.net/2026/09/01/haze-linked-to-indonesia-wildfires-reaches-parts-of-luzon,haze linked to indonesia wildfires reaches parts of luzon philippine canadian inquirer nationwide filipino newspaper
"Con số may mắn hôm nay 1 / 9 : Tuất buôn bán có lời , Mão chi tiêu cần có kế hoạch , Tỵ lái xe chú ý an toàn",https://danviet.vn/con-so-may-man-hom-nay-1-9-tuat-buon-ban-co-loi-mao-chi-tieu-can-co-ke-hoach-ty-lai-xe-chu-y-an-toan-d1455710.html,2026-09-01 01:00:00+00:00,danviet.vn,Vietnamese,Vietnam,https://t.ex-cdn.com/danviet.vn/800w/files/content/2026/09/01/con-so-may-man-hom-nay-1072-0419.jpg,Vietnam,"(haze OR smog OR jerebu OR karhutla OR ""forest fire"" OR wildfire OR ""PM2.5"" OR หมอกควัน OR ไฟป่า OR ""khói mù"" OR ""cháy rừng"") sourcecountry:vietnam",https://danviet.vn/con-so-may-man-hom-nay-1-9-tuat-buon-ban-co-loi-mao-chi-tieu-can-co-ke-hoach-ty-lai-xe-chu-y-an-toan-d1455710.html,con s may m n h m nay 1 9 tu t bu n b n c l i m o chi ti u c n c k ho ch t l i xe ch an to n
"US stocks : Wall Street closes lower as oil prices jump , indexes notch monthly gains",https://www.businesstimes.com.sg/companies-markets/capital-markets-currencies/us-stocks-wall-street-closes-lower-oil-prices-jump-indexes-notch-monthly-gains,2026-08-31 23:15:00+00:00,businesstimes.com.sg,English,Singapore,https://cassette.sphdigital.com.sg/image/businesstimes/44d60c397ec6dedad70526d0c314d81047cde63daed13d561dbc3033e64f91fa?&f=webp,Singapore,"(haze OR smog OR jerebu OR karhutla OR ""forest fire"" OR wildfire OR ""PM2.5"" OR หมอกควัน OR ไฟป่า OR ""khói mù"" OR ""cháy rừng"") sourcecountry:singapore",https://www.businesstimes.com.sg/companies-markets/capital-markets-currencies/us-stocks-wall-street-closes-lower-oil-prices-jump-indexes-notch-monthly-gains,us stocks wall street closes lower as oil prices jump indexes notch monthly gains
"Keeping cool saves lives , but at cost of worsening global warming",https://www.capitalgazette.com/2026/08/31/climate-air-conditioning-costs/,2026-08-31 19:30:00+00:00,capitalgazette.com,English,United States,https://www.capitalgazette.com/wp-content/uploads/2026/08/Climate_Air_Conditioning_55258-1.jpg,Cambodia,"(haze OR smog OR jerebu OR karhutla OR ""forest fire"" OR wildfire) Cambodia",https://www.capitalgazette.com/2026/08/31/climate-air-conditioning-costs,keeping cool saves lives but at cost of worsening global warming
"Keeping cool saves thousands of lives yearly , but at a cost of worsening global warming , experts say",https://www.news4jax.com/news/world/2026/08/31/keeping-cool-saves-thousands-of-lives-yearly-but-at-a-cost-of-worsening-global-warming-experts-say/,2026-08-31 18:15:00+00:00,news4jax.com,English,United States,"https://res.cloudinary.com/graham-media-group/image/upload/f_auto/q_auto/c_thumb,w_700/v1/media/gmg/EKU6FT6IGNACPOLR56P5FXUBME.jpg?_a=DATAg1kSZAA0",Cambodia,"(haze OR smog OR jerebu OR karhutla OR ""forest fire"" OR wildfire) Cambodia",https://www.news4jax.com/news/world/2026/08/31/keeping-cool-saves-thousands-of-lives-yearly-but-at-a-cost-of-worsening-global-warming-experts-say,keeping cool saves thousands of lives yearly but at a cost of worsening global warming experts say
Dua Bulan Kebakaran Hutan dan Lahan di Pinrang Hanguskan 299 Hektar,https://makassar.tribunnews.com/pinrang/1849062/dua-bulan-kebakaran-hutan-dan-lahan-di-pinrang-hanguskan-299-hektar,2026-08-31 15:15:00+00:00,makassar.tribunnews.com,Indonesian,Indonesia,https://asset.tribunnews.com/w7ACjxwqbtoXR00EZCRR-A-ppn4=/1200x675/filters:upscale():quality(30):format(webp):focal(0.5x0.5:0.5x0.5)/makassar/foto/bank/originals/karhutla-pinrang.jpg,Indonesia,"(haze OR smog OR jerebu OR karhutla OR ""forest fire"" OR wildfire OR ""PM2.5"" OR หมอกควัน OR ไฟป่า OR ""khói mù"" OR ""cháy rừng"") sourcecountry:indonesia",https://makassar.tribunnews.com/pinrang/1849062/dua-bulan-kebakaran-hutan-dan-lahan-di-pinrang-hanguskan-299-hektar,dua bulan kebakaran hutan dan lahan di pinrang hanguskan 299 hektar
MPA Urges Maritime Companies to Prepare for Haze,https://shipandbunker.com/news/apac/794858-mpa-urges-maritime-companies-to-prepare-for-haze,2026-08-31 12:45:00+00:00,shipandbunker.com,English,Singapore,https://shipandbunker.cdn.speedyrails.net/a/img/_mt_c1e100bf6468ab0898796049012b62b9.jpg,Singapore,"(haze OR smog OR jerebu OR karhutla OR ""forest fire"" OR wildfire OR ""PM2.5"" OR หมอกควัน OR ไฟป่า OR ""khói mù"" OR ""cháy rừng"") sourcecountry:singapore",https://shipandbunker.com/news/apac/794858-mpa-urges-maritime-companies-to-prepare-for-haze,mpa urges maritime companies to prepare for haze
"Respons Kebakaran Maut , Presiden Aljazair Perintahkan Hukuman Mati bagi Pembakar Hutan",https://koran-jakarta.com/2026-08-31/respons-kebakaran-maut-presiden-aljazair-perintahkan-hukuman-mati-bagi-pembakar-hutan,2026-08-31 10:15:00+00:00,koran-jakarta.com,Indonesian,Indonesia,https://media.koran-jakarta.com/images/image-article/2026-08/31/respons-kebakaran-maut-presiden-aljazair-perintahkan-hukuman-mati-bagi-pembakar-hutan-6a954c6bebac9.jpg,Indonesia,"(haze OR smog OR jerebu OR karhutla OR ""forest fire"" OR wildfire OR ""PM2.5"" OR หมอกควัน OR ไฟป่า OR ""khói mù"" OR ""cháy rừng"") sourcecountry:indonesia",https://koran-jakarta.com/2026-08-31/respons-kebakaran-maut-presiden-aljazair-perintahkan-hukuman-mati-bagi-pembakar-hutan,respons kebakaran maut presiden aljazair perintahkan hukuman mati bagi pembakar hutan
Malaysia haze worsens : 21 areas record unhealthy to hazardous air quality,https://www.humanresourcesonline.net/malaysia-haze-worsens-21-areas-record-unhealthy-to-hazardous-air-quality,2026-08-31 09:45:00+00:00,humanresourcesonline.net,English,Singapore,https://humanresourcesonline-assets.b-cdn.net/article_images/malaysia-haze-worsens-21-areas-record-unhealthy-to-hazardous-air-quality/1788161280_Umairah_August%202026_Malaysia%20haze%20worsens%20on%2031%20August%202026_123rf.jpg,"Brunei, Singapore","(haze OR smog OR jerebu OR karhutla OR ""forest fire"" OR wildfire OR ""PM2.5"" OR หมอกควัน OR ไฟป่า OR ""khói mù"" OR ""cháy rừng"") sourcecountry:singapore",https://www.humanresourcesonline.net/malaysia-haze-worsens-21-areas-record-unhealthy-to-hazardous-air-quality,malaysia haze worsens 21 areas record unhealthy to hazardous air quality
MG launches S5 EV as Multiply Greatness Tour goes nationwide,https://gadgetsmagazine.com.ph/mobility/cars/mg-s5-ev-philippines,2026-08-31 09:45:00+00:00,gadgetsmagazine.com.ph,English,Philippines,https://gadgetsmagazine.com.ph/wp-content/uploads/2026/08/Picture1-2.jpg,Philippines,"(haze OR smog OR jerebu OR karhutla OR ""forest fire"" OR wildfire OR ""PM2.5"" OR หมอกควัน OR ไฟป่า OR ""khói mù"" OR ""cháy rừng"") sourcecountry:philippines",https://gadgetsmagazine.com.ph/mobility/cars/mg-s5-ev-philippines,mg launches s5 ev as multiply greatness tour goes nationwide
Forestry Ministry evacuates weak orangutan amid wildfire smoke,https://en.antaranews.com/news/429092/forestry-ministry-evacuates-weak-orangutan-amid-wildfire-smoke,2026-08-31 08:45:00+00:00,en.antaranews.com,English,Indonesia,https://cdn.antaranews.com/cache/1200x800/2026/08/31/WhatsApp-Image-2026-08-31-at-10.47.25.jpeg,Indonesia,"(haze OR smog OR jerebu OR karhutla OR ""forest fire"" OR wildfire OR ""PM2.5"" OR หมอกควัน OR ไฟป่า OR ""khói mù"" OR ""cháy rừng"") sourcecountry:indonesia",https://en.antaranews.com/news/429092/forestry-ministry-evacuates-weak-orangutan-amid-wildfire-smoke,forestry ministry evacuates weak orangutan amid wildfire smoke
Indonesia intensifies forest fire response to curb transboundary haze,https://en.antaranews.com/news/429105/indonesia-intensifies-forest-fire-response-to-curb-transboundary-haze,2026-08-31 08:45:00+00:00,en.antaranews.com,English,Indonesia,https://cdn.antaranews.com/cache/1200x800/2026/08/31/Pemadaman-karhutla-di-lahan-gambut-Jambi-250826-ws-3.jpg,Indonesia,"(haze OR smog OR jerebu OR karhutla OR ""forest fire"" OR wildfire OR ""PM2.5"" OR หมอกควัน OR ไฟป่า OR ""khói mù"" OR ""cháy rừng"") sourcecountry:indonesia",https://en.antaranews.com/news/429105/indonesia-intensifies-forest-fire-response-to-curb-transboundary-haze,indonesia intensifies forest fire response to curb transboundary haze
Ecowatch : Early warning systems for fire are not enough,https://www.thestar.com.my/news/environment/2026/08/31/ecowatch-early-warning-systems-for-fire-are-not-enough,2026-08-31 08:15:00+00:00,thestar.com.my,English,Malaysia,https://apicms.thestar.com.my/uploads/images/2026/08/31/4086160.jpg,Laos,"(haze OR smog OR jerebu OR karhutla OR ""forest fire"" OR wildfire) Laos",https://www.thestar.com.my/news/environment/2026/08/31/ecowatch-early-warning-systems-for-fire-are-not-enough,ecowatch early warning systems for fire are not enough
"Jerebu kebakaran Indonesia berisiko merebak ke Singapura , Malaysia dan Brunei , Berita Dunia",https://www.beritaharian.sg/dunia/jerebu-kebakaran-indonesia-berisiko-merebak-singapura-malaysia-dan-brunei,2026-08-31 08:00:00+00:00,beritaharian.sg,Malay,Singapore,https://cassette.sphdigital.com.sg/image/beritaharian/5654cb5360f2d4964dd4cd66a21f789f26606a78fdf88713bce2dd7a74f1b5b4,"Brunei, Singapore","(haze OR smog OR jerebu OR karhutla OR ""forest fire"" OR wildfire OR ""PM2.5"" OR หมอกควัน OR ไฟป่า OR ""khói mù"" OR ""cháy rừng"") sourcecountry:singapore",https://www.beritaharian.sg/dunia/jerebu-kebakaran-indonesia-berisiko-merebak-singapura-malaysia-dan-brunei,jerebu kebakaran indonesia berisiko merebak ke singapura malaysia dan brunei berita dunia
若空污指数达500点 砂将启动紧急机制光华日报 | 1910年创刊 创新每一天生活,https://www.kwongwah.com.my/20260831/%E8%8B%A5%E7%A9%BA%E6%B1%A1%E6%8C%87%E6%95%B0%E8%BE%BE500%E7%82%B9-%E7%A0%82%E5%B0%86%E5%90%AF%E5%8A%A8%E7%B4%A7%E6%80%A5%E6%9C%BA%E5%88%B6/,2026-08-31 07:30:00+00:00,kwongwah.com.my,Chinese,Malaysia,https://www.kwongwah.com.my/wp-content/uploads/2026/08/sz20260831-024.jpg,Vietnam,"(haze OR smog OR jerebu OR karhutla OR ""forest fire"" OR wildfire) Vietnam",https://www.kwongwah.com.my/20260831/%E8%8B%A5%E7%A9%BA%E6%B1%A1%E6%8C%87%E6%95%B0%E8%BE%BE500%E7%82%B9-%E7%A0%82%E5%B0%86%E5%90%AF%E5%8A%A8%E7%B4%A7%E6%80%A5%E6%9C%BA%E5%88%B6,500 1910
Monitoring PM2 . 5 in Chiang Rai : Local Sensors vs . Official AQI,https://www.chiangraitimes.com/expat-life/monitoring-pm2-5-in-chiang-rai/,2026-08-31 06:15:00+00:00,chiangraitimes.com,English,Thailand,https://i0.wp.com/www.chiangraitimes.com/wp-content/uploads/2026/08/image_f4cf90d5.png,Thailand,"(haze OR smog OR jerebu OR karhutla OR ""forest fire"" OR wildfire OR ""PM2.5"" OR หมอกควัน OR ไฟป่า OR ""khói mù"" OR ""cháy rừng"") sourcecountry:thailand",https://www.chiangraitimes.com/expat-life/monitoring-pm2-5-in-chiang-rai,monitoring pm2 5 in chiang rai local sensors vs official aqi
Malaysia công bố 6 biện pháp cấp bách giảm áp lực chi phí sinh hoạt,http://vov.vn/the-gioi/malaysia-cong-bo-6-bien-phap-cap-bach-giam-ap-luc-chi-phi-sinh-hoat-post1328915.vov,2026-08-31 06:00:00+00:00,vov.vn,Vietnamese,Vietnam,https://media.vov.vn/sites/default/files/styles/og_image/public/2026-08/malaysia.png.jpg?v=1788153441,Vietnam,"(haze OR smog OR jerebu OR karhutla OR ""forest fire"" OR wildfire OR ""PM2.5"" OR หมอกควัน OR ไฟป่า OR ""khói mù"" OR ""cháy rừng"") sourcecountry:vietnam",http://vov.vn/the-gioi/malaysia-cong-bo-6-bien-phap-cap-bach-giam-ap-luc-chi-phi-sinh-hoat-post1328915.vov,malaysia c ng b 6 bi n ph p c p b ch gi m p l c chi ph sinh ho t
烟霾恶化 ！ 西连空气污染指数飙至475点 砂多地空气污染指数破300点 | 东马 | 地方,https://www.orientaldaily.com.my/news/east-malaysia/2026/08/31/844379,2026-08-31 03:15:00+00:00,orientaldaily.com.my,Chinese,Malaysia,https://www.orientaldaily.com.my/storage/resize_cache/images/uploads/news-cover/2026/AUG_2026/20260831/WhatsApp_Image_2026-08-31_at_09.29.57.jpeg/47f28087fb2fb3bc2b8ac5488957549d.jpeg,Vietnam,"(haze OR smog OR jerebu OR karhutla OR ""forest fire"" OR wildfire) Vietnam",https://www.orientaldaily.com.my/news/east-malaysia/2026/08/31/844379,475 300
Royal - Doku zeigt : In Prinzessin Dianas Todesnacht bricht Charles mehrfach das royale Protokoll,https://www.bunte.de/royals/britisches-koenigshaus/royal-doku-zeigt-in-prinzessin-dianas-todesnacht-bricht-charles-mehrfach-das-royale-protokoll_25f4b7f2-8194-414f-be62-5fa1611f2b30.html,2026-08-30 20:15:00+00:00,bunte.de,German,Germany,"https://quadro.burda-forward.de/ctf/63504f33-188c-4048-8191-26bdd4175783.3686085c-618b-450e-9702-25cc84b567d7.jpeg?im=RegionOfInterestCrop=(1200,630),regionOfInterest=(801,343)&hash=11b7843dbce658a99b3a070f3ad9a8a04d2945584dd19471f8f0212281c3c894",Philippines,"(haze OR smog OR jerebu OR karhutla OR ""forest fire"" OR wildfire) Philippines",https://www.bunte.de/royals/britisches-koenigshaus/royal-doku-zeigt-in-prinzessin-dianas-todesnacht-bricht-charles-mehrfach-das-royale-protokoll_25f4b7f2-8194-414f-be62-5fa1611f2b30.html,royal doku zeigt in prinzessin dianas todesnacht bricht charles mehrfach das royale protokoll
Vietnamese leaders extend condolences to Algeria over deadly forest fires,https://vietnamnews.vn/politics-laws/1798666/vietnamese-leaders-extend-condolences-to-algeria-over-deadly-forest-fires.html,2026-08-30 15:15:00+00:00,vietnamnews.vn,English,Vietnam,https://image.vietnamnews.vn/uploadvnnews/Article/2026/8/30/527030_chay.jpg,Vietnam,"(haze OR smog OR jerebu OR karhutla OR ""forest fire"" OR wildfire OR ""PM2.5"" OR หมอกควัน OR ไฟป่า OR ""khói mù"" OR ""cháy rừng"") sourcecountry:vietnam",https://vietnamnews.vn/politics-laws/1798666/vietnamese-leaders-extend-condolences-to-algeria-over-deadly-forest-fires.html,vietnamese leaders extend condolences to algeria over deadly forest fires
晋汉连省API达危险水平 林梦沦陷全砂无净土 | 东马 | 地方,https://www.orientaldaily.com.my/news/east-malaysia/2026/08/30/844327,2026-08-30 12:15:00+00:00,orientaldaily.com.my,Chinese,Malaysia,https://www.orientaldaily.com.my/storage/resize_cache/images/uploads/news-cover/2026/AUG_2026/20260830/ks3012a.jpeg/22007a88549d1b44b6ab7fe7782cc66c.jpeg,Vietnam,"(haze OR smog OR jerebu OR karhutla OR ""forest fire"" OR wildfire) Vietnam",https://www.orientaldaily.com.my/news/east-malaysia/2026/08/30/844327,api
"TV - Doku zeigt : Als seine Ex - Frau Diana starb , wurde Charles zum heimlichen Helden",https://www.merkur.de/boulevard/tv-doku-zeigt-als-seine-ex-frau-diana-starb-wurde-charles-zum-heimlichen-helden-zr-94465888.html,2026-08-30 07:00:00+00:00,merkur.de,German,Germany,,Philippines,"(haze OR smog OR jerebu OR karhutla OR ""forest fire"" OR wildfire) Philippines",https://www.merkur.de/boulevard/tv-doku-zeigt-als-seine-ex-frau-diana-starb-wurde-charles-zum-heimlichen-helden-zr-94465888.html,tv doku zeigt als seine ex frau diana starb wurde charles zum heimlichen helden
Về phía bình yên,https://www.sggp.org.vn/ve-phia-binh-yen-post869274.html,2026-08-30 06:00:00+00:00,sggp.org.vn,Vietnamese,Vietnam,https://image.sggp.org.vn/1200x630/Uploaded/2026/dudbexqdre/2026_08_28/mh-truy-n-bao-xuan-2026-8860-7890.jpg.webp,Vietnam,"(haze OR smog OR jerebu OR karhutla OR ""forest fire"" OR wildfire OR ""PM2.5"" OR หมอกควัน OR ไฟป่า OR ""khói mù"" OR ""cháy rừng"") sourcecountry:vietnam",https://www.sggp.org.vn/ve-phia-binh-yen-post869274.html,v ph a b nh y n
歲月承載了好與壞 - sally的部落格,https://blog.udn.com:443/sallyamen/192275235,2026-08-30 04:45:00+00:00,blog.udn.com,Chinese,Taiwan,https://g.udn.com.tw/upfiles/B_SA/sallyamen/PSN_PHOTO/630/f_29719630_1.jpg,Vietnam,"(haze OR smog OR jerebu OR karhutla OR ""forest fire"" OR wildfire) Vietnam",https://blog.udn.com:443/sallyamen/192275235,sally
"El sobregiro de la Tierra , por José De Echave C . ",https://larepublica.pe/opinion/2026/08/29/el-sobregiro-de-la-tierra-por-jose-de-echave-c-hnews-713023,2026-08-30 03:45:00+00:00,larepublica.pe,Spanish,Peru,https://imgmedia.larepublica.pe/1200x735/larepublica/original/2026/08/29/6a6cf63502addbc20b06bab1.jpg,Cambodia,"(haze OR smog OR jerebu OR karhutla OR ""forest fire"" OR wildfire) Cambodia",https://larepublica.pe/opinion/2026/08/29/el-sobregiro-de-la-tierra-por-jose-de-echave-c-hnews-713023,el sobregiro de la tierra por jos de echave c
Cost of Living in Chiang Rai vs Chiang Mai,https://www.chiangraitimes.com/expat-life/cost-of-living-in-chiang-rai-vs-chiang-mai/,2026-08-30 03:00:00+00:00,chiangraitimes.com,English,Thailand,https://i0.wp.com/www.chiangraitimes.com/wp-content/uploads/2026/08/Cost-of-Living-in-Chiang-Rai-vs-Chiang-Mai-2026.jpg,Thailand,"(haze OR smog OR jerebu OR karhutla OR ""forest fire"" OR wildfire OR ""PM2.5"" OR หมอกควัน OR ไฟป่า OR ""khói mù"" OR ""cháy rừng"") sourcecountry:thailand",https://www.chiangraitimes.com/expat-life/cost-of-living-in-chiang-rai-vs-chiang-mai,cost of living in chiang rai vs chiang mai
砂烟霾危机持续加剧 西连狂飙374点逼近400 三马拉汉破300陷危险水平,https://news.seehua.com/post/1547030/,2026-08-30 03:00:00+00:00,news.seehua.com,Chinese,China,https://news.seehua.com/wp-content/uploads/2026/08/bananago_20260830_013207.jpg,Vietnam,"(haze OR smog OR jerebu OR karhutla OR ""forest fire"" OR wildfire) Vietnam",https://news.seehua.com/post/1547030,374 400 300
"Con số may mắn hôm nay 30 / 8 : Thìn đầu tư kiếm lời , Thân tiền bạc hanh thông , Ngọ cần cắt giảm chi tiêu",https://danviet.vn/con-so-may-man-hom-nay-30-8-thin-dau-tu-kiem-loi-than-tien-bac-hanh-thong-ngo-can-cat-giam-chi-tieu-d1453658.html,2026-08-29 22:45:00+00:00,danviet.vn,Vietnamese,Vietnam,https://t.ex-cdn.com/danviet.vn/800w/files/content/2026/08/29/con-so-may-man-hom-nay-481-2144.jpeg,Vietnam,"(haze OR smog OR jerebu OR karhutla OR ""forest fire"" OR wildfire OR ""PM2.5"" OR หมอกควัน OR ไฟป่า OR ""khói mù"" OR ""cháy rừng"") sourcecountry:vietnam",https://danviet.vn/con-so-may-man-hom-nay-30-8-thin-dau-tu-kiem-loi-than-tien-bac-hanh-thong-ngo-can-cat-giam-chi-tieu-d1453658.html,con s may m n h m nay 30 8 th n u t ki m l i th n ti n b c hanh th ng ng c n c t gi m chi ti u
ST×NLB Cross - References : Pineapple - rolling exclamation,https://www.straitstimes.com/life/stxnlb-cross-references-pineapple-rolling-exclamation,2026-08-29 22:15:00+00:00,straitstimes.com,English,Singapore,https://cassette.sphdigital.com.sg/image/straitstimes/0f3da0ea802206f2b038129be032500646c0cb4b44298767f9f0cde1438d64d2,Singapore,"(haze OR smog OR jerebu OR karhutla OR ""forest fire"" OR wildfire OR ""PM2.5"" OR หมอกควัน OR ไฟป่า OR ""khói mù"" OR ""cháy rừng"") sourcecountry:singapore",https://www.straitstimes.com/life/stxnlb-cross-references-pineapple-rolling-exclamation,st nlb cross references pineapple rolling exclamation
高端空气净化器十大上榜品牌排名 ， 选哪个更靠谱 ？ 横评避坑+FAQ - 热点资讯 - ITBear科技资讯,https://www.itbear.com.cn/html/2026-08/1530721.html,2026-08-29 12:45:00+00:00,itbear.com.cn,Chinese,China,,Vietnam,"(haze OR smog OR jerebu OR karhutla OR ""forest fire"" OR wildfire) Vietnam",https://www.itbear.com.cn/html/2026-08/1530721.html,faq itbear
